run DygMamba2 job
********************** start ********************
[2026-02-12 22:45:27] Start the job
**********************device********************
Now use device is cuda:0
********************** Successfully load data ********************
The dataset has 6481612 interactions, involving 33516 different nodes
Edge_feature is successfully converted to tensor without NaN values.
node_feature is successfully converted to dict without NaN values.
********************** Successfully process data ********************
********************* successfully get neighbor **************
********************* successfully get negative neighbor **************
********************** Successfully process neighbor data---- positive and negative ********************
[2026-02-12 22:47:04] Start the job
INFO:root:********** Run 1 starts. **********
INFO:root:configuration is Namespace(dataset_name='mooc', batch_size=200, model_name='DyGMamba', gpu=0, num_neighbors=20, sample_neighbor_strategy='uniform', time_scaling_factor=1e-06, num_walk_heads=8, num_heads=2, num_layers=2, walk_length=1, time_gap=2000, time_feat_dim=100, position_feat_dim=172, time_window_mode='fixed_proportion', patch_size=1, channel_embedding_dim=50, max_input_sequence_length=32, learning_rate=0.0001, dropout=0.1, gamma=0.5, num_epochs=1, optimizer='Adam', weight_decay=0.0, patience=20, val_ratio=0.15, test_ratio=0.15, num_runs=1, test_interval_epochs=1, negative_sample_strategy='random', max_interaction_times=10, load_best_configs=False, device='cuda:0', seed=0, save_model_name='DyGMamba_seed0')
INFO:root:model -> Sequential(
  (0): DyGMamba(
    (time_encoder): TimeEncoder(
      (w): Linear(in_features=1, out_features=100, bias=True)
    )
    (neighbor_co_occurrence_encoder): NIFEncoder(
      (nif_encode_layer): Sequential(
        (0): Linear(in_features=1, out_features=50, bias=True)
        (1): ReLU()
        (2): Linear(in_features=50, out_features=50, bias=True)
      )
    )
    (projection_layer): ModuleDict(
      (node): Linear(in_features=172, out_features=50, bias=True)
      (edge): Linear(in_features=172, out_features=50, bias=True)
      (time): Linear(in_features=100, out_features=50, bias=True)
      (neighbor_co_occurrence): Linear(in_features=50, out_features=50, bias=True)
    )
    (output_layer): Linear(in_features=100, out_features=172, bias=True)
    (output_layer_t_diff): Linear(in_features=25, out_features=172, bias=True)
    (mamba): ModuleList(
      (0-1): 2 x Mamba(
        (in_proj): Linear(in_features=100, out_features=200, bias=False)
        (conv1d): Conv1d(100, 100, kernel_size=(4,), stride=(1,), padding=(3,), groups=100)
        (act): SiLU()
        (x_proj): Linear(in_features=100, out_features=39, bias=False)
        (dt_proj): Linear(in_features=7, out_features=100, bias=True)
        (out_proj): Linear(in_features=100, out_features=100, bias=False)
      )
    )
    (mamba_t_diff): ModuleList(
      (0-1): 2 x Mamba(
        (in_proj): Linear(in_features=25, out_features=50, bias=False)
        (conv1d): Conv1d(25, 25, kernel_size=(4,), stride=(1,), padding=(3,), groups=25)
        (act): SiLU()
        (x_proj): Linear(in_features=25, out_features=34, bias=False)
        (dt_proj): Linear(in_features=2, out_features=25, bias=True)
        (out_proj): Linear(in_features=25, out_features=25, bias=False)
      )
    )
    (projection_layer_t_diff): Linear(in_features=100, out_features=25, bias=True)
    (projection_layer_t_diff_up): Linear(in_features=25, out_features=100, bias=True)
    (weightagg): Linear(in_features=100, out_features=1, bias=True)
    (reduce_layer): Linear(in_features=200, out_features=100, bias=True)
    (channel_norm): LayerNorm((100,), eps=1e-05, elementwise_affine=True)
    (channel_feedforward): FeedForwardNet(
      (ffn): Sequential(
        (0): Linear(in_features=100, out_features=400, bias=True)
        (1): GELU(approximate='none')
        (2): Dropout(p=0.1, inplace=False)
        (3): Linear(in_features=400, out_features=100, bias=True)
        (4): Dropout(p=0.1, inplace=False)
      )
    )
    (neighbor_selection_layer): Linear(in_features=100, out_features=100, bias=True)
  )
  (1): MergeLayerTD(
    (fc1): Linear(in_features=516, out_features=172, bias=True)
    (fc2): Linear(in_features=172, out_features=1, bias=True)
    (act): ReLU()
  )
)
INFO:root:model name: DyGMamba, #parameters: 1341268 B, 1309.83203125 KB, 1.2791328430175781 MB.
混合精度训练已启用
  0%|                                                                                          | 0/8103 [00:00<?, ?it/s]**************************************************
check nan for dst_patches_data before stacking:
List 中没有 NaN。
neighbor feature 800,             edge feature 800,             time feature 800,             co-occurrence feature 800
**************************************************
check nan for padded time before stacking:
Tensor 中存在 NaN！建议处理方案：使用 .nan_to_num(0) 填充
src node 800,             dst node 800,             node interact times 800,             src neighbor ids list 800,             src neighbor times list 800
**************************************************
tensor([17751, 29212, 21815, 15889, 25886, 16184, 32750, 10259, 20618, 12101,
        17013, 25516, 30607, 16206, 19769,  9149, 27081, 22221, 30469,  2388,
         7807, 31555, 29142, 18390, 28629, 19162,  3885,  7728, 15998, 10561,
        20618, 22868, 11443,  6682,  7835, 30506, 18952, 28816,  7330,  8928,
        22870,  9723, 13122, 25971, 14831,  2775, 18519, 24958, 30608, 21027,
         9995,  9498, 11246, 13638,  6655, 13308, 16165, 13207, 23113, 27855,
        15003, 29252, 24850, 26199, 16320, 17143, 25468,  7311, 17907,  8939,
        23301,  5306, 15569,  3425,  9021, 31760, 21166, 15991, 11127, 30675,
        21380,  4745, 23202, 11736, 26564, 11263, 12781, 13241, 13131, 10664,
        10444, 10625, 22254, 28815, 14995,  5310, 14713, 29656, 26793,  7430,
        22062,  6784,  8973, 16146, 29270, 12319, 15053, 14673,  5306,  6834,
         8105, 16744, 25057,  6354, 26066, 32644, 22283,  3902, 32760, 18182,
         3665, 28907, 16851, 10519,  7875, 21966,  7067, 23056, 16426, 26781,
         7248, 12676,  3385, 26488, 30707, 17754,  4105,  9050,  6902, 25636,
        10423, 12552,  8460, 19080, 19229, 14206,  7638, 28766, 29303,  7582,
        10679,  7246, 17692, 29366,  3618, 17717, 26511,  7571,  6669, 19466,
        17631, 14341, 10214, 32853, 32658, 14915, 29735,  3754, 24407,  6666,
        24829,  9066, 20747, 24331, 23200, 22908, 18083, 21390, 28618,  6661,
        27515, 27186, 32306, 26967, 13875,  9206,  2597, 12762, 22056,  4577,
        20821, 26648, 16992, 18176, 14995, 24053, 10221, 11418, 19915, 16895,
        12834,  6770, 32327,  5431, 22063, 28796, 21619, 19499, 33212, 32190,
        23083, 23413, 12573, 10461, 28762,  6487, 26903,  7294, 25686, 13224,
        15519,  9584, 10575, 14927,  9669, 15101, 15028, 14675, 10442,  6974,
         2806,  2668,  4901, 13066, 23074, 13480,  2805, 19926, 15131, 17784,
        32350, 33537, 30275,  4102, 17170, 11319, 32848, 17036, 18961, 16721,
        29079, 16270,  8961,  6682, 14674, 32483,  7310, 24188, 10424, 27019,
        20141, 10443,  7200, 21833,  3629, 30977, 16515,  9526,  8435,  8765,
        17435,  8290, 14551,  2636, 15991,  2657, 13843, 10080, 10447,  7579,
         7493, 31737, 30615, 17362, 15681, 10452,  5825,  7372, 13985, 20036,
        11760, 16914, 18270, 31198, 17198, 21639, 16160, 25597, 21602, 26833,
        16320, 32097, 15748, 26602, 20013,  3251, 25164,  4240, 14790, 20754,
        21320, 17530, 27571,  7148, 19747, 19303,  4162, 13876, 22062, 16849,
         3333, 22525,  2602, 12507,  6991, 19825, 12512,  7481, 14950, 32091,
        11271, 26068,  4745,  3723, 31146, 10352, 17177, 21636,  3643, 24164,
        26968, 29003,  2647, 22268,  9259, 14546, 12832,  9257,  9019, 27657,
         7354, 23192, 16694, 17269, 16883, 31609, 12968, 21062, 16121,  7260,
        17738, 19976, 31181, 20377, 17202, 21558, 13802, 12607, 33311, 12834,
        17907, 11005, 20418, 17120, 10141, 33501, 14188, 16245, 22774, 13344,
        26431, 25577, 19799, 13219, 14226, 22477, 21928,  6667, 19994, 23952,
        10438,  2156, 15239,  7270,  2294, 21658, 23732, 21300, 15720, 10681,
        19593, 23834, 19130, 19655,  7686, 15267,  2372, 20070, 10329, 29821,
        14543, 17276, 29637, 25201,  4488, 29314, 20912, 19744, 23108, 15329,
        20717, 23393, 12013, 14338, 19797,  9123,  2469, 14521,  3944,  3117,
        31895, 30508,  7262, 14864,  6882,  5834, 12653, 24241,  3246,  8969,
        15515, 28967, 28536, 28701,  2168, 15152, 31538, 32761, 24372,  2025,
         6304,  6221, 11168, 30320, 13780, 33105,  9959, 19950, 22811, 14831,
        20250, 13477, 21388, 20563,  3909,  4797, 31918, 16143, 22334, 10334,
         8561,  9158, 32285, 13622, 22472, 30680, 17738, 20859, 18763,  7103,
        19730,  7018, 26926, 32819,  2499, 12670, 18483, 27309,  3488,  8852,
        14803, 13145, 25740, 15965, 10246, 13840,  3770, 15680, 21540, 28616,
        17603, 18088, 18384, 20672, 13895, 16012, 26092, 19608, 14263, 32681,
        23712, 22352, 18416, 30695,  4819, 14528, 12342, 24986, 31021, 27237,
        21600,  5832, 20163, 28796, 18092,  4854,  9188,  5398, 13037, 32645,
        21320, 21992, 14010,  9047, 20609, 11347, 20367,  7473, 11474, 17335,
        14947, 32822, 17047, 32095, 28826, 22468,  3320, 24810,  3761, 27424,
        22849, 15645, 21264, 12700, 32830,  8462, 12942,  6688, 32355, 22100,
        11803, 28686, 31052, 10438, 10443, 22065, 19480, 23867, 10556, 22000,
        20323,  3132, 24649,  7019, 18100, 18425,  2284,  5322, 28478, 31237,
         2606, 10454,  2584,  2571, 23158, 10453, 12760,  7076, 23175, 15053,
        19760, 22787, 13428,  5446,  8483, 22134, 28817, 33513, 23958, 26411,
        15446, 32839, 29738, 20607, 16005, 18479, 19524,  3906, 29312, 33039,
        29540, 26026, 15843, 29184, 10404, 12462, 33200, 13238, 10100, 13471,
         4175, 23734, 12187, 16207,  7638, 23126,  3071,  4116,  9483, 16204,
         6834, 30635, 20607,  9288, 22163,  7214, 21149, 32304, 16168, 11335,
        15065, 25728, 14209, 10458,  8801, 20584, 29720,  8780, 22482, 30785,
        20640, 22476,  2744,  2108, 22574, 19915, 10457,  7129, 20461, 23271,
        16513, 16542, 20624, 22383,  7085, 16869, 18225, 22391, 13059, 28375,
        31225, 15568, 30246, 28411, 21151,  6506, 28921, 12342,  4742, 27594,
         2495,  4210,  5249, 11339, 23392,  8806, 15880, 28686, 18084, 23142,
        13290, 20385, 10392,  3931, 29303, 16849, 28375, 30974, 30797, 16928,
        29184, 28433,  6682, 16451, 33200,  7678, 16213,  7383,  4875,  7120,
        16143,  9599, 11225, 32532, 31055,  5417, 13969, 17330,  8158, 12507,
        15138, 27724,  8658,  5449, 26823,  6687, 18879, 27442, 13370,  2307,
        10448, 13520, 13259, 11614, 23298,  7383, 12966, 14920, 12101, 13899,
        21520, 18868, 21627, 16413, 27237, 15517, 10442, 10451, 13660, 18026,
        12787, 27756, 20642, 25589,  8822, 22340, 24326,  5067,  8041, 15345,
        21311, 20050, 14614, 16143, 21159, 32070,  8952, 22119, 17649, 14689,
        19643, 21465, 24628, 23083, 22525, 25374, 14854, 20039, 13180, 22897,
         3396, 19825, 32404, 17177, 32595, 23184, 29604, 26413, 28941,  7440,
        19650, 12790, 26026,  2088,  4223, 19755, 22748,  5021,  3714, 12649],
       device='cuda:0')
**************************************************
tensor([17738, 29231, 21811, 15889, 25883, 16187, 32750, 10248, 20626, 12101,
         1774, 25519, 30633, 16211, 19769,  9154, 27081, 22215, 30318,  2401,
         7807,   112, 29159, 18494, 28629, 19163,  3885,  7728, 15998, 10553,
        20619, 22890,   341,  6674,  7835, 30506,  1333,   588,  7492,  8928,
        22878,  9723, 13115, 25970, 14831,  2758, 18519,  1918, 30629, 21027,
         9993,  9497,  1717, 13641,   681, 13159, 16150, 13213, 23123, 27855,
        14995, 29260, 24850, 26199, 16320, 17152,  1657,  7311, 17915,   503,
        23304,  5306, 15591,  3418,  9021, 31760, 21166, 16014, 11127, 30675,
        21374,  4742, 23200, 11736,  1063, 11258, 12781, 13242,   273, 10664,
         1303, 10619, 22235, 28837, 14995,   583, 14713, 29656, 26793,  7433,
        22077,  1625,  1611, 16140, 29294, 12328, 15065, 14676,  5306,  6840,
          134, 16748, 25057,  6354, 26066,  1337, 22286,  3910,   139,  1801,
         3656, 28907, 16860, 10519,  7865, 21948,  7048,   993, 16426, 26781,
         7232,   808,   207, 26492, 30690,   913,  1191,  9044,  6905, 25621,
        10424, 12543,  8460,   584, 19219,  1421,  7638, 28766, 29318,  7819,
        10679,  7246,  1202, 29356,  3607, 17738,  1374,  7556,  6666,  1552,
        17637, 14341, 10228, 32846, 32671, 14904,   658,  3754, 24407,  6665,
         1538,  9047, 20730, 24329, 23202, 22890,  1280, 21403, 28610,  6650,
        27512, 27176, 32302, 26966,   568,  9214,  2613,   715, 22079,  4577,
         1608, 26648, 16992, 18177,   196,  1365,    55, 11423, 19918, 16914,
        12834,  6770, 32327,  5431, 22063, 28785,  1852,   763,  1010, 32190,
        23069,  1785, 12570,  1303, 28716,    19, 26904,  7301, 25697, 13239,
        15515,  9584, 10576, 15028,  9676, 15101, 14972, 14665, 10442,  6970,
         2806,  2595,  4893, 13071,  1672,   610,   114, 19916, 15153, 17784,
        32327, 33537, 30275,  4102, 17173,   144, 32848,  1688, 18961,  1323,
        29079, 16270,  8961,   215, 14681, 32475,   769,  1797,  1303, 27030,
        20162, 10443,  7200, 21833,  3636, 30955, 16515,  1330,  8419,  8765,
        17419,  8290, 14550,  1388, 16016,  2653, 13868,  1897, 10458,  7765,
         7481, 31736, 30605, 17365, 15681, 10444,  5825,  1136, 13970, 20036,
         1566, 16914, 18276, 31215, 17198, 21692, 16140,   483, 21547, 26833,
        16320, 32091, 15723, 26602, 20013,  3251, 25156,  4241, 14806, 20732,
         1902, 17523,  1141,  7148,   728, 19303,  4162,  1968, 22052, 16823,
         3333,    36,  1841, 12507,  6977, 19820, 12507,  7476, 14949, 32104,
        11271, 26068,  4745,  3715, 31146, 10341, 17234, 21636,  3655,  1289,
        26969, 28991,   636, 22252,  9273, 14526, 12832,  9257,  9019,   386,
         7363,    89, 16761,  1117,  1469, 31609, 12968, 21062, 16147,  7265,
          299, 19958, 31183,   657, 17202,  1486, 13812,  1990, 33311, 12834,
        17907, 11005, 20422,  1418,   256,   635, 14189,  1883,  1957, 13344,
        26437, 25580,   363, 13225, 14240, 22486, 21922,  6666, 19994, 23950,
        10431,  2156, 15239,  7270,  2293, 21658,   221,  1810, 15721, 10686,
        19578, 23834, 19124, 19670,  7687, 15254,  1633, 20075, 10331, 29821,
        14527, 17269, 29637,  1476,  4488, 29304, 20904, 19744, 23096, 15338,
         1920, 23386, 12013, 14342, 19797,  1215,  2460, 14526,  3958,  3110,
        31886, 30498,  1742,    20,  1609,   772,  1980,   164,  3251,  8953,
        15476, 28808, 28536, 28701,  1475, 15029, 31555,   139, 24376,  2024,
         6310,   157, 11168, 30320,  1946, 33105,  9952, 19930, 22811,  1078,
        20229,  1694, 21396, 20563,  3899,  4757,   852, 16163,     2, 10345,
         8561,  9160, 32302, 13610,  1146, 30669, 17746, 20857, 18766,  7579,
          626,  7018,    39, 32819,  2504, 12662, 16756, 27308,   739,  8861,
        14785, 13140, 25740, 15968, 10262, 13859,  3770,  1113, 21588,   680,
        17617, 18083, 18384,  1901, 13875, 16017,  1090, 19700,  1004,  1049,
          221,  1702, 18416, 30695,  4819,  1347,   982,   301, 31015, 27237,
        21606,  5833, 20152, 28796,    56,  4852,  9188,  5398, 13049, 32636,
        21308, 21978, 13989,  9048,   671, 11354, 20368,   179, 11485,   456,
         1522, 32822, 17062, 32095, 28826, 22468,  3346, 24810,  3761, 27424,
        22913, 15644,  1501, 12718, 32836,  8441, 12843,  6688, 32360, 22100,
        11803,   678, 31050,  1303, 10449, 22058, 19480,  1453, 10556, 21994,
        20365,  3141, 24649,  7019, 18088, 18425,  2284,  5322, 28486, 31245,
         2606,   429,  2584,  2580, 23168, 10472, 12754,  1094, 23196, 15065,
          626,  1957, 13436,  5466,  8483, 22140, 28891, 33513, 23975, 26412,
        15443, 32839, 29738, 20620, 16005,   323, 19513,  3897, 29303,  1484,
        29539, 24328, 15864, 29171, 10397, 12407, 33196, 13231,  1897,  1735,
          907, 23754, 12194, 16207,  7643, 23126,  3071,  4116,  9483, 16192,
         6831,   958, 20583,  9287, 22163,  7200, 21138, 32287,   373,   792,
         1267, 25728, 14198, 10452,  8796, 20596, 30785,   806, 22525, 29757,
         1662, 22453,  2736,  2108, 22595, 19915, 10446,  7144, 20443, 23271,
        16497, 16542, 20620, 22383,  7085, 16869, 18219, 22456,   387,   294,
         1371, 15566, 30246, 28411, 21150,  6477, 28895,   561,  4742, 27597,
         2480,  1777,  5255,   287,  1900,  8806,  1764,  1951,    57, 23141,
         1881, 20323, 10373,  3931, 29311, 16864, 28371,   500, 30797, 16798,
        29184, 28433,  6682,  1567, 33200,  1434, 16204,  1438,   546,  7120,
          877,  9595,  1072, 32532,   423,  1710,  1287,   646,  1686,   236,
        15119,  1119,  8652,  5442, 26823,  6692, 18868,   663, 13365,  1233,
        10456, 13519, 13259, 11616, 23298,  7383, 12966,  1522, 12086,  1968,
        21516, 18861, 21627, 16329, 27237, 15533, 10439, 10472, 13651, 18026,
        12782, 27755, 20642, 25583,   447, 22349,  1929,  5081,  8041,   647,
          462, 20030, 14604,   877, 21159, 32070,  8952,   981, 17656,    77,
         1782, 21458, 24628, 23089,   254,  1753,  1078, 20030, 13198, 22890,
         3396, 19808, 32408,   961, 32581, 23175, 29619, 26415,   115,   571,
        19643, 12800, 26026,  2095,   901,   626, 22759,   625,  3714, 12630],
       device='cuda:0')
**************************************************
[5.23405827e+00 1.63741899e+00 9.10407478e+00 8.21192455e+00
 1.06331297e+01 1.55480737e+00 9.41804790e+00 1.33406531e+00
 7.72540076e+00 1.33406531e+00 7.56042734e+00 7.23604187e+00
 4.80023637e+00 1.97383496e+00 5.00399646e+00 7.85973835e+00
 1.74704325e-01 1.66439749e+00 3.52761289e+00 3.52450876e+00
 6.67815903e+00 1.23823977e+00 2.30345364e+00 5.80564255e+00
 1.00631017e+01 9.99953338e+00 5.78824152e+00 4.41861012e+00
 5.78824152e+00 3.95023884e+00 5.12684071e+00 1.88958745e+00
 2.56168132e+00 8.76756102e+00 5.79786307e+00 6.61062261e-02
 9.44290566e+00 3.99689209e+00 1.03030430e+01 5.57157988e+00
 9.18397814e+00 6.80512424e+00 5.54832192e+00 8.02678771e+00
 2.56168132e+00 4.27766879e+00 2.10302352e+00 1.04174526e+00
 8.11920316e-01 5.45569807e+00 8.43697418e+00 5.45579763e+00
 1.06181708e+01 6.49703095e+00 4.62563106e+00 6.18508667e+00
 1.55480737e+00 5.61171962e+00 9.41112832e+00 4.41861012e+00
 3.91344831e+00 1.01596169e+00 4.86714686e+00 5.40472774e+00
 4.82316518e+00 6.31078328e+00 7.13530042e+00 5.33410476e+00
 4.92874310e+00 1.01596169e+00 9.65479969e+00 2.74002618e+00
 2.58695503e+00 7.43060079e+00 2.74002618e+00 4.42725829e+00
 6.59633892e+00 4.96355880e+00 7.68815982e+00 6.46233364e+00
 6.53843180e-02 8.68370362e+00 8.18038567e+00 9.41804790e+00
 6.21152362e+00 7.01781125e+00 3.52450876e+00 4.48042913e+00
 8.45814401e+00 2.26229142e+00 3.81195340e+00 1.99473851e+00
 9.92164936e+00 8.71169004e+00 8.33683284e+00 4.87032748e+00
 8.86581099e-01 9.65479969e+00 2.20374681e+00 5.67427458e+00
 2.94827680e-01 5.95059361e+00 4.35588879e+00 6.32267074e+00
 6.62098839e+00 5.04144507e+00 2.06456885e-01 2.20374681e+00
 3.60149227e-01 5.40472774e+00 2.20374681e+00 5.75900464e+00
 9.10407478e+00 4.02855239e+00 9.13122784e-01 3.01664559e+00
 4.96355880e+00 6.78911371e+00 4.56741741e+00 4.41861012e+00
 3.86563918e+00 8.12097203e+00 5.62186423e+00 9.44270316e+00
 2.50870044e+00 2.10302352e+00 6.58125508e+00 2.09561770e-01
 5.26721289e+00 2.60234658e+00 1.32941896e+00 6.93627902e+00
 5.49110271e+00 8.45814401e+00 8.68370362e+00 3.71206543e+00
 4.27766879e+00 3.04170983e+00 2.41564305e+00 1.91051049e+00
 6.49703095e+00 1.01675148e+01 9.63729305e+00 1.74704325e-01
 7.33740266e+00 2.26586824e+00 7.72540076e+00 1.16686436e+00
 1.48525186e+00 1.02490350e+01 4.72041977e+00 3.85837659e+00
 1.86624849e+00 7.23604187e+00 1.46272821e+00 9.99473913e+00
 1.67261095e+00 8.46472100e+00 8.65580497e+00 9.92484273e+00
 5.67497420e+00 9.95940856e-03 1.97864085e+00 2.74002618e+00
 8.77983107e+00 4.82316518e+00 3.99689209e+00 4.82269995e+00
 4.09643084e+00 5.43936121e+00 3.68340331e+00 1.03030430e+01
 8.27959536e+00 3.60274912e+00 3.85837659e+00 4.57742671e+00
 7.72540076e+00 4.68770990e+00 5.35768513e-02 1.97864085e+00
 3.54821237e+00 9.71589365e+00 2.74002618e+00 6.18508667e+00
 2.99336891e-01 9.71589365e+00 2.03924630e+00 4.82269995e+00
 9.19316977e+00 9.03974226e+00 7.27870215e-01 6.31207254e+00
 1.55480737e+00 4.02855239e+00 1.94854037e+00 8.24565190e+00
 5.43936121e+00 9.90482090e+00 5.95059361e+00 5.40793899e+00
 3.47875521e+00 5.89565821e+00 7.73754584e+00 9.99953338e+00
 1.02112256e+01 4.02855239e+00 7.73754584e+00 9.25830744e+00
 3.35674690e+00 9.94256395e+00 1.01221417e+01 2.90669141e+00
 5.42594361e+00 9.13239235e+00 2.58142459e+00 6.78911371e+00
 8.80599837e+00 6.37115701e+00 6.77676597e+00 7.66546500e+00
 1.47641793e+00 5.29054733e+00 2.58142459e+00 1.01591166e+01
 6.67815903e+00 8.33683284e+00 7.38218563e+00 4.74297096e+00
 3.91344831e+00 2.56168132e+00 5.68289665e+00 2.59562326e+00
 6.31078328e+00 2.12553468e+00 3.47875521e+00 8.65580497e+00
 1.99473851e+00 8.90611726e+00 1.06181708e+01 5.43936121e+00
 8.65580497e+00 6.93627902e+00 1.04075914e+01 8.71169004e+00
 4.52116346e+00 4.30247087e+00 9.89960362e+00 7.36964208e+00
 1.88958745e+00 1.47641793e+00 4.87522389e+00 2.90669141e+00
 4.72041977e+00 4.86714686e+00 1.01596169e+00 2.89289039e+00
 6.43653927e+00 8.90611726e+00 2.78152706e+00 4.86714686e+00
 2.21643472e+00 3.04170983e+00 8.79376722e+00 7.79772559e+00
 5.22511283e+00 1.04031798e+01 4.20694714e+00 9.10407478e+00
 8.46472100e+00 3.35674690e+00 5.67427458e+00 4.41861012e+00
 8.66850291e+00 7.72540076e+00 9.85068044e+00 1.99473851e+00
 8.81711396e+00 5.40793899e+00 5.68289665e+00 2.21375430e+00
 1.74704325e-01 4.96355880e+00 7.09462655e+00 7.81701961e+00
 9.10711584e+00 7.56042734e+00 4.41861012e+00 6.32267074e+00
 2.47767642e+00 6.53373751e+00 8.43697418e+00 1.95701523e+00
 5.17733049e+00 5.79786307e+00 5.22270084e+00 9.99473913e+00
 1.48525186e+00 1.02742725e+00 3.24659137e+00 3.95023884e+00
 1.91051049e+00 4.21372756e+00 6.29936397e+00 4.92874310e+00
 3.35674690e+00 2.23431764e+00 7.31097118e+00 1.06172040e+01
 8.08754115e+00 1.42665124e+00 4.20694714e+00 5.45476478e+00
 2.29621468e-01 8.30918864e+00 7.61093835e+00 2.21375430e+00
 8.18038567e+00 4.96355880e+00 5.14736752e+00 8.24565190e+00
 4.78892114e+00 9.25830744e+00 8.88672531e-01 4.68799734e+00
 9.90482090e+00 1.86624849e+00 4.27766879e+00 5.22511283e+00
 1.47641793e+00 4.67400415e+00 6.97173450e+00 9.54820774e+00
 4.35588879e+00 8.27839200e+00 9.47068057e+00 7.87289505e+00
 5.88979665e+00 2.89495958e+00 2.30345364e+00 6.67815903e+00
 2.58142459e+00 8.11920316e-01 9.47372763e+00 5.35800698e+00
 1.04653104e+01 2.03924630e+00 1.03301046e+01 2.89495958e+00
 5.89565821e+00 4.30247087e+00 1.80990270e+00 6.53843180e-02
 9.71589365e+00 4.26871846e+00 9.98404068e+00 6.97557654e+00
 6.66145760e+00 3.09687438e+00 7.61093835e+00 2.06456885e-01
 6.78911371e+00 2.10302352e+00 7.19886732e-01 6.29936397e+00
 1.04075914e+01 4.25120661e+00 7.46637897e+00 1.01600184e+00
 8.35671123e+00 2.29621468e-01 5.67427458e+00 3.83874771e+00
 2.56168132e+00 8.18038567e+00 1.06181708e+01 3.79029471e+00
 3.35674690e+00 2.78152706e+00 6.20856866e-01 2.74875513e+00
 9.90482090e+00 1.02490350e+01 1.03558246e+01 7.99917536e+00
 9.44290566e+00 4.58858755e+00 5.67427458e+00 4.58858755e+00
 5.62186423e+00 3.55602886e+00 4.54753693e+00 6.53843180e-02
 2.20374681e+00 9.23533987e+00 6.31708980e+00 5.89565821e+00
 7.19886732e-01 9.85068044e+00 1.04653104e+01 2.50870044e+00
 6.29936397e+00 4.55198119e+00 5.17733049e+00 9.13239235e+00
 4.55198119e+00 9.41804790e+00 5.00399646e+00 4.92874310e+00
 6.53707963e+00 7.87289505e+00 9.92164936e+00 7.81701961e+00
 1.79049920e+00 6.18508667e+00 5.45569807e+00 6.64173151e+00
 3.35674690e+00 7.83121924e+00 5.25676575e+00 7.36964208e+00
 1.94854037e+00 7.56042734e+00 5.98369928e+00 1.63741899e+00
 1.48525186e+00 7.46637897e+00 3.86563918e+00 4.87032748e+00
 4.87522389e+00 5.16174522e+00 1.34456893e+00 2.42772949e+00
 8.81711396e+00 5.68289665e+00 7.03062373e+00 1.86624849e+00
 3.55602886e+00 8.45814401e+00 1.23023675e+00 4.22410247e+00
 8.35671123e+00 8.29447803e+00 5.16174522e+00 6.68030354e+00
 8.79376722e+00 9.56861883e+00 2.26586824e+00 1.34456893e+00
 8.08632569e+00 3.88966424e+00 7.73754584e+00 5.54832192e+00
 6.32267074e+00 4.55198119e+00 4.64396250e+00 8.21192455e+00
 2.23431764e+00 4.68770990e+00 6.43653927e+00 2.09561770e-01
 5.67497420e+00 5.12416944e+00 9.13239235e+00 3.40661049e+00
 1.06331297e+01 7.27870215e-01 8.07240882e+00 9.03974226e+00
 8.88672531e-01 2.63071495e+00 6.94180276e+00 5.26721289e+00
 1.81865049e+00 6.91424296e+00 8.81711396e+00 5.78824152e+00
 1.64042299e+00 9.64859766e+00 1.95701523e+00 2.21643472e+00
 8.21192455e+00 4.31329937e-03 9.92484273e+00 5.45476478e+00
 9.85068044e+00 3.60149227e-01 9.44495418e+00 6.81664636e+00
 8.29447803e+00 1.85431065e+00 5.29054733e+00 2.96325797e+00
 6.66145760e+00 2.29490384e+00 5.65722474e+00 4.29574368e+00
 3.95023884e+00 2.63071495e+00 8.21178689e-01 1.74704325e-01
 4.20694714e+00 5.49110271e+00 2.76099418e+00 4.97362520e+00
 6.90886117e+00 5.72135399e+00 9.65479969e+00 9.61308538e+00
 2.90669141e+00 3.52450876e+00 2.89289039e+00 2.72383450e+00
 2.94827680e-01 3.35399861e+00 5.67497420e+00 8.07240882e+00
 7.72540076e+00 9.64859766e+00 2.20374681e+00 3.60149227e-01
 5.12684071e+00 4.25120661e+00 9.90482090e+00 7.31097118e+00
 2.15697416e+00 1.33406531e+00 7.13530042e+00 2.43469474e+00
 8.33683284e+00 7.31097118e+00 6.16911287e+00 3.24659137e+00
 8.71169004e+00 1.97864085e+00 8.66850291e+00 4.13356198e+00
 5.68970123e+00 2.41564305e+00 2.96325797e+00 8.88672531e-01
 4.16549402e+00 4.77250062e+00 7.01781125e+00 8.02628041e+00
 4.96355880e+00 5.65722474e+00 8.25927798e+00 7.33740266e+00
 2.63071495e+00 8.02678771e+00 6.31207254e+00 9.92484273e+00
 1.03181671e+01 7.85973835e+00 2.77371235e+00 1.05277331e+01
 7.69677779e+00 9.13239235e+00 4.89757497e+00 1.94854037e+00
 4.87032748e+00 1.04075914e+01 1.48525186e+00 7.15203049e+00
 7.50293717e+00 2.43469474e+00 7.00736778e-01 2.78152706e+00
 2.09561770e-01 2.77371235e+00 4.96355880e+00 7.72540076e+00
 6.46233364e+00 8.21178689e-01 7.81701961e+00 4.48042913e+00
 4.84842487e+00 4.87522389e+00 2.74875513e+00 3.12243268e+00
 4.72285611e+00 1.63741899e+00 6.66145760e+00 4.74297096e+00
 6.47698740e+00 4.38102352e+00 6.53373751e+00 6.93616182e+00
 2.39404208e-02 7.68815982e+00 4.30247087e+00 3.54821237e+00
 1.79425250e+00 3.09687438e+00 3.35531771e+00 3.91344831e+00
 5.25676575e+00 4.67400415e+00 9.67669640e+00 2.21375430e+00
 6.78911371e+00 6.54486303e+00 8.43697418e+00 6.78911371e+00
 5.45579763e+00 3.40661049e+00 1.05337399e+01 6.58125508e+00
 8.89531924e+00 4.27766879e+00 7.82061259e+00 4.16549402e+00
 7.44419366e+00 7.85973835e+00 4.21372756e+00 4.31329937e-03
 2.89289039e+00 3.43170959e+00 7.43060079e+00 2.47767642e+00
 3.35399861e+00 3.12243268e+00 8.21192455e+00 1.00631017e+01
 7.01798131e+00 9.65479969e+00 8.68370362e+00 4.72041977e+00
 6.57462532e+00 9.79378923e+00 4.82269995e+00 8.81711396e+00
 5.89565821e+00 1.00631017e+01 1.42665124e+00 3.35674690e+00
 6.53373751e+00 7.33740266e+00 5.79919567e+00 1.86624849e+00
 7.43060079e+00 3.26601903e+00 4.67400415e+00 4.30247087e+00
 1.85431065e+00 1.33406531e+00 6.77676597e+00 1.59460812e+00
 7.66546500e+00 5.62186423e+00 1.64042299e+00 8.07240882e+00
 3.60274912e+00 5.95088683e+00 4.72041977e+00 5.75900464e+00
 7.08072076e+00 2.49327980e+00 8.45814401e+00 9.07259665e+00
 4.71339753e+00 1.64042299e+00 9.83718178e+00 4.98417069e+00
 5.45579763e+00 7.09462655e+00 1.67261095e+00 8.08632569e+00
 1.04889612e+01 3.52450876e+00 3.09687438e+00 7.27870215e-01
 5.98369928e+00 5.45569807e+00 9.41615568e-01 8.94336001e+00
 9.85068044e+00 3.54821237e+00 7.33740266e+00 6.29936397e+00
 5.17902913e+00 3.25865901e+00 1.02490350e+01 8.07240882e+00
 6.64173151e+00 2.50870044e+00 1.91051049e+00 3.55602886e+00
 3.71206543e+00 3.52450876e+00 6.64173151e+00 3.91344831e+00
 4.60110120e+00 4.92874310e+00 2.39404208e-02 5.68970123e+00
 6.58125508e+00 3.88966424e+00 4.38102352e+00 5.45579763e+00
 9.41112832e+00 9.44495418e+00 2.96325797e+00 5.25676575e+00
 9.70949138e+00 2.26229142e+00 2.56168132e+00 1.67261095e+00
 6.90886117e+00 3.79048101e+00 7.38218563e+00 9.94256395e+00
 6.46233364e+00 3.43170959e+00 4.07935893e+00 9.92484273e+00
 3.91344831e+00 1.94854037e+00 3.68340331e+00 1.04075914e+01
 6.26030815e-01 8.68370362e+00 4.20694714e+00 6.53843180e-02
 1.81865049e+00 1.01221417e+01 5.68970123e+00 2.41474534e+00
 3.43170959e+00 7.91836945e+00 3.01664559e+00 7.31097118e+00
 3.83874771e+00 1.94854037e+00 6.90886117e+00 4.96355880e+00
 1.37676962e+00 9.44290566e+00 9.54820774e+00 2.60234658e+00
 3.24659137e+00 2.89495958e+00 8.02628041e+00 4.21372756e+00
 5.89565821e+00 7.65488874e+00 5.35768513e-02 5.82220092e+00
 1.02112256e+01 9.61308538e+00 8.02678771e+00 8.75246884e+00
 9.13122784e-01 5.26721289e+00 2.60234658e+00 4.71339753e+00
 9.13239235e+00 9.95940856e-03 7.79772559e+00 2.20374681e+00
 6.58125508e+00 9.59358958e+00 4.13356198e+00 3.52143957e+00
 5.97102601e+00 2.03924630e+00 4.54753693e+00 3.52450876e+00
 7.50293717e+00 4.58858755e+00 7.61093835e+00 1.24246674e+00
 5.97102601e+00 1.74704325e-01 7.01781125e+00 1.46045808e+00
 3.86563918e+00 5.00399646e+00 9.38154999e+00 2.77371235e+00
 6.91424296e+00 8.90611726e+00 7.23863068e+00 2.74002618e+00
 5.61171962e+00 2.71464010e+00 1.73182961e+00 8.35179501e+00
 7.83121924e+00 9.47068057e+00 8.22004270e+00 1.03301046e+01
 9.44290566e+00 2.47767642e+00 6.54163751e-01 5.22270084e+00
 2.41564305e+00 4.71339753e+00 6.97557654e+00 7.33740266e+00]
**************************************************
[array([17751,    81,   299,   310,   913,  1266, 17730, 17730, 17734,
       17734, 17738, 17738, 17730, 17730, 17734, 17734, 17738, 17738,
       17751, 17751, 17751, 17751, 17764, 17764, 17769, 17769, 17764,
       17764, 17769, 17769], dtype=int64), array([  595, 29212, 29212, 29212, 29212, 29224, 29224, 29232, 29232,
       29224, 29224, 29232, 29232,   595, 29212, 29212, 29212, 29212,
       29224, 29224, 29230, 29230, 29236, 29236, 29224, 29224, 29230,
       29230, 29236, 29236], dtype=int64), array([  466,  1581, 21810, 21810, 21810, 21810, 21815, 21815, 21815,
       21815,   466,  1581, 21808, 21808, 21808, 21808, 21815, 21815,
       21815, 21815,   466,  1581, 21807, 21807, 21807, 21807, 21815,
       21815, 21815, 21815], dtype=int64), array([15881, 15881, 15882, 15882, 15889, 15889, 15889, 15889,   151,
        1189,  1764, 15889, 15889, 15889, 15889, 15895, 15895, 15916,
       15916, 15895, 15895, 15916, 15916,   151,  1189,  1764, 15889,
       15889, 15889, 15889], dtype=int64), array([25886,  1751, 25886, 25886, 25886, 25886,  1751, 25886, 25886,
       25886, 25886,  1751, 25886, 25886, 25886, 25886,  1751, 25886,
       25886, 25886, 25886,  1751, 25886, 25886, 25886, 25886, 25889,
       25889, 25889, 25889], dtype=int64), array([16184, 16184, 16184, 16184,   250,   373,   409,   468,   570,
         877, 16168, 16168, 16175, 16175, 16168, 16168, 16175, 16175,
       16184, 16184, 16184, 16184, 16186, 16186, 16215, 16215, 16186,
       16186, 16215, 16215], dtype=int64), array([32750, 32750, 32750, 32750, 32761, 32761, 32761, 32761,   139,
         284,  1583, 32745, 32745, 32745, 32745, 32750, 32750, 32750,
       32750, 32751, 32751, 32751, 32751,   139,   284,  1583, 32750,
       32750, 32750, 32750], dtype=int64), array([10278, 10262, 10262, 10263, 10263, 10278, 10278,    94,   718,
        1036, 10243, 10243, 10246, 10246, 10243, 10243, 10246, 10246,
       10259, 10259, 10259, 10259, 10266, 10266, 10278, 10278, 10266,
       10266, 10278, 10278], dtype=int64), array([20627, 20620, 20620, 20624, 20624, 20625, 20625, 20627, 20627,
         495,   670,   671,  1096,  1557, 20604, 20604, 20617, 20617,
       20604, 20604, 20617, 20617, 20618, 20618, 20618, 20618, 20626,
       20626, 20626, 20626], dtype=int64), array([12099, 12099, 12086, 12086, 12089, 12089, 12095, 12095, 12097,
       12097, 12099, 12099, 12101, 12101, 12101, 12101,   898,  1366,
       12089, 12089, 12097, 12097, 12089, 12089, 12097, 12097, 12101,
       12101, 12101, 12101], dtype=int64), array([17014, 17014, 17022, 17022,   393,  1774, 17011, 17011, 17011,
       17011, 17013, 17013, 17013, 17013,   393,  1774, 17013, 17013,
       17013, 17013,   393,  1774, 17013, 17013, 17013, 17013, 17019,
       17019, 17019, 17019], dtype=int64), array([25526, 25526, 25526, 25526,   836,  1313, 25516, 25516, 25516,
       25516, 25530, 25530, 25530, 25530,   836,  1313, 25516, 25516,
       25516, 25516, 25519, 25519, 25519, 25519,   836,  1313, 25516,
       25516, 25516, 25516], dtype=int64), array([30619, 30619, 30625, 30625, 30611, 30611, 30619, 30619, 30625,
       30625,   150,   958, 30607, 30607, 30607, 30607, 30615, 30615,
       30615, 30615,   150,   958, 30598, 30598, 30598, 30598, 30607,
       30607, 30607, 30607], dtype=int64), array([  250,   373, 16189, 16189, 16194, 16194, 16189, 16189, 16194,
       16194, 16206, 16206, 16206, 16206, 16217, 16217, 16219, 16219,
       16217, 16217, 16219, 16219], dtype=int64), array([19769, 19769, 19769, 19769, 19772, 19772, 19772, 19772,   626,
         728, 19720, 19720, 19725, 19725, 19747, 19747, 19720, 19720,
       19725, 19725, 19747, 19747, 19769, 19769, 19769, 19769, 19775,
       19775, 19775, 19775], dtype=int64), array([9142, 9142, 9145, 9145, 9147, 9147, 9149, 9149, 9149, 9149,  262,
        378,  407, 1215, 9133, 9133, 9138, 9138, 9133, 9133, 9138, 9138,
       9149, 9149, 9149, 9149, 9152, 9152, 9152, 9152], dtype=int64), array([ 1830, 27069, 27069, 27069, 27069, 27081, 27081, 27081, 27081,
        1830, 27069, 27069, 27069, 27069, 27081, 27081, 27081, 27081,
        1830, 27081, 27081, 27081, 27081, 27087, 27087, 27087, 27087],
      dtype=int64), array([22224, 22224, 22226, 22226, 22223, 22223, 22224, 22224, 22226,
       22226,    25,  1031, 22216, 22216, 22216, 22216, 22221, 22221,
       22221, 22221,    25,  1031, 22221, 22221, 22221, 22221, 22226,
       22226, 22226, 22226], dtype=int64), array([30318, 30462, 30462, 30469, 30469, 30469, 30469,   443, 30469,
       30469, 30469, 30469, 30538, 30538, 30538, 30538,   443, 30469,
       30469, 30469, 30469,   443, 30462, 30462, 30462, 30462, 30469,
       30469, 30469, 30469], dtype=int64), array([2388, 2388, 2399, 2399, 2399, 2399,  864, 1399, 2375, 2375, 2376,
       2376, 2375, 2375, 2376, 2376, 2388, 2388, 2388, 2388, 2392, 2392,
       2392, 2392,  864, 1399, 2388, 2388, 2388, 2388], dtype=int64), array([7807,  609, 7804, 7804, 7804, 7804, 7807, 7807, 7807, 7807,  609,
       7807, 7807, 7807, 7807,  609, 7807, 7807, 7807, 7807,  609, 7807,
       7807, 7807, 7807,  609, 7807, 7807, 7807, 7807], dtype=int64), array([31564,   112,   504,  1325, 31555, 31555, 31555, 31555, 31562,
       31562, 31562, 31562,   112,   504,  1325, 31555, 31555, 31555,
       31555,   112,   504,  1325, 31538, 31538, 31538, 31538, 31555,
       31555, 31555, 31555], dtype=int64), array([29135, 29135, 29119, 29119, 29121, 29121, 29135, 29135, 29142,
       29142, 29142, 29142,  1703, 29142, 29142, 29142, 29142, 29156,
       29156, 29156, 29156,  1703, 29104, 29104, 29104, 29104, 29142,
       29142, 29142, 29142], dtype=int64), array([18396, 18396, 18413, 18413, 18396, 18396, 18413, 18413,    96,
         168,   255,   599,  1143,  1895, 18137, 18137, 18348, 18348,
       18387, 18387, 18137, 18137, 18348, 18348, 18387, 18387, 18390,
       18390, 18390, 18390], dtype=int64), array([28640, 28648, 28648, 28658, 28658, 28640, 28640, 28648, 28648,
       28658, 28658,   677,   680,  1517, 28619, 28619, 28622, 28622,
       28619, 28619, 28622, 28622, 28629, 28629, 28629, 28629, 28633,
       28633, 28633, 28633], dtype=int64), array([19162, 19162, 19162, 19162,  1203,  1254, 19162, 19162, 19162,
       19162, 19163, 19163, 19165, 19165, 19163, 19163, 19165, 19165,
        1203,  1254, 19162, 19162, 19162, 19162,  1203,  1254, 19162,
       19162, 19162, 19162], dtype=int64), array([3885, 3885, 3885, 3885, 3905, 3905, 3905, 3905, 1939, 3885, 3885,
       3885, 3885, 1939, 3885, 3885, 3885, 3885, 3890, 3890, 3905, 3905,
       3906, 3906, 3890, 3890, 3905, 3905, 3906, 3906], dtype=int64), array([7728, 7728, 7728, 7728, 7729, 7729, 7729, 7729, 1802, 7728, 7728,
       7728, 7728, 7731, 7731, 7737, 7737, 7731, 7731, 7737, 7737, 1802,
       7728, 7728, 7728, 7728, 7729, 7729, 7729, 7729], dtype=int64), array([16000, 16000, 16009, 16009, 16019, 16019,   217,   219, 15993,
       15993, 15993, 15993, 15998, 15998, 15998, 15998,   217,   219,
       15986, 15986, 15986, 15986, 15998, 15998, 15998, 15998, 16019,
       16019, 16019, 16019], dtype=int64), array([10561, 10571, 10571, 10575, 10575, 10576, 10576, 10571, 10571,
       10575, 10575, 10576, 10576,  1269, 10556, 10556, 10556, 10556,
       10561, 10561, 10561, 10561, 10576, 10576, 10577, 10577, 10576,
       10576, 10577, 10577], dtype=int64), array([ 1096,  1557, 20604, 20604, 20607, 20607, 20609, 20609, 20616,
       20616, 20604, 20604, 20607, 20607, 20609, 20609, 20616, 20616,
       20618, 20618, 20618, 20618, 20620, 20620, 20624, 20624, 20620,
       20620, 20624, 20624], dtype=int64), array([22868, 22890, 22890, 22897, 22897, 22898, 22898, 22890, 22890,
       22897, 22897, 22898, 22898,  1150, 22856, 22856, 22856, 22856,
       22868, 22868, 22868, 22868, 22890, 22890, 22898, 22898, 22890,
       22890, 22898, 22898], dtype=int64), array([11445, 11445,   341, 11443, 11443, 11443, 11443,   341, 11443,
       11443, 11443, 11443, 11449, 11449, 11449, 11449,   341, 11443,
       11443, 11443, 11443, 11448, 11448, 11448, 11448,   341, 11443,
       11443, 11443, 11443], dtype=int64), array([ 681,  708, 6670, 6670, 6670, 6670, 6682, 6682, 6682, 6682,  215,
        458,  681,  708, 6682, 6682, 6682, 6682, 6687, 6687, 6687, 6687,
        215,  458,  681,  708, 6682, 6682, 6682, 6682], dtype=int64), array([7835, 7835, 7835, 1208, 7835, 7835, 7835, 7835, 7838, 7838, 7838,
       7838, 1208, 7835, 7835, 7835, 7835, 7838, 7838, 7838, 7838, 1208,
       7834, 7834, 7834, 7834, 7835, 7835, 7835, 7835], dtype=int64), array([], dtype=int64), array([18955, 18955,  1333, 18947, 18947, 18947, 18947, 18952, 18952,
       18952, 18952,  1333, 18952, 18952, 18952, 18952,  1333, 18952,
       18952, 18952, 18952,  1333, 18947, 18947, 18947, 18947, 18952,
       18952, 18952, 18952], dtype=int64), array([28816, 28816, 28826, 28826, 28826, 28826,   588,   651,   706,
        1817, 28810, 28810, 28813, 28813, 28815, 28815, 28810, 28810,
       28813, 28813, 28815, 28815, 28816, 28816, 28816, 28816, 28824,
       28824, 28824, 28824], dtype=int64), array([  88,  727, 7328, 7328, 7328, 7328, 7330, 7330, 7330, 7330,   88,
        727, 7270, 7270, 7270, 7270, 7330, 7330, 7330, 7330, 7488, 7488,
       7488, 7488,   88,  727, 7330, 7330, 7330, 7330], dtype=int64), array([8930, 8930, 8933, 8933,  503,  943, 8927, 8927, 8927, 8927, 8928,
       8928, 8928, 8928, 8932, 8932, 8934, 8934, 8940, 8940, 8944, 8944,
       8932, 8932, 8934, 8934, 8940, 8940, 8944, 8944], dtype=int64), array([22898, 22898, 22898, 22898,  1150, 22862, 22862, 22862, 22862,
       22870, 22870, 22870, 22870, 22879, 22879, 22890, 22890, 22879,
       22879, 22890, 22890,  1150, 22870, 22870, 22870, 22870, 22873,
       22873, 22873, 22873], dtype=int64), array([9723, 9723, 9723, 1615, 9716, 9716, 9722, 9722, 9716, 9716, 9722,
       9722, 9723, 9723, 9723, 9723, 1615, 9723, 9723, 9723, 9723, 1615,
       9715, 9715, 9715, 9715, 9723, 9723, 9723, 9723], dtype=int64), array([13098, 13115, 13115, 13117, 13117, 13122, 13122, 13122, 13122,
       13127, 13127, 13140, 13140, 13127, 13127, 13140, 13140,  1858,
       13115, 13115, 13116, 13116, 13115, 13115, 13116, 13116, 13122,
       13122, 13122, 13122], dtype=int64), array([  754,   995,  1443, 25971, 25971, 25971, 25971, 25972, 25972,
       26026, 26026, 25972, 25972, 26026, 26026,   754,   995,  1443,
       25971, 25971, 25971, 25971, 25972, 25972, 25973, 25973, 25972,
       25972, 25973, 25973], dtype=int64), array([14831, 14831, 14831, 14831,   489,   827,  1078, 14831, 14831,
       14831, 14831, 14849, 14849, 14849, 14849,   489,   827,  1078,
       14829, 14829, 14829, 14829, 14831, 14831, 14831, 14831, 14843,
       14843, 14843, 14843], dtype=int64), array([2775, 2775, 2778, 2778, 2785, 2785, 2778, 2778, 2785, 2785,   79,
       1859, 2761, 2761, 2761, 2761, 2775, 2775, 2775, 2775,   79, 1859,
       2765, 2765, 2765, 2765, 2775, 2775, 2775, 2775], dtype=int64), array([18513, 18519, 18519, 18519, 18519, 18524, 18524, 18530, 18530,
       18524, 18524, 18530, 18530,  1400, 18516, 18516, 18516, 18516,
       18519, 18519, 18519, 18519, 18531, 18531, 18536, 18536, 18531,
       18531, 18536, 18536], dtype=int64), array([24958, 24958,   837,  1918, 24957, 24957, 24957, 24957, 24958,
       24958, 24958, 24958,   837,  1918, 24958, 24958, 24958, 24958,
         837,  1918, 24958, 24958, 24958, 24958,   837,  1918, 24958,
       24958, 24958, 24958], dtype=int64), array([  150,   958, 30604, 30604, 30605, 30605, 30606, 30606, 30604,
       30604, 30605, 30605, 30606, 30606, 30608, 30608, 30608, 30608,
       30615, 30615, 30615, 30615], dtype=int64), array([21027, 21027, 21034, 21034, 21039, 21039, 21034, 21034, 21039,
       21039,   197,  1812, 21027, 21027, 21027, 21027, 21031, 21031,
       21031, 21031,   197,  1812, 21027, 21027, 21027, 21027, 21033,
       21033, 21033, 21033], dtype=int64), array([ 448,  474, 9993, 9993, 9993, 9993, 9995, 9995, 9995, 9995,  448,
        474, 9989, 9989, 9989, 9989, 9995, 9995, 9995, 9995], dtype=int64), array([10029, 10029, 10029,  1159,  9498,  9498,  9498,  9498, 10028,
       10028, 10028, 10028,  1159,  9498,  9498,  9498,  9498, 10028,
       10028, 10028, 10028,  1159,  9495,  9495,  9495,  9495,  9498,
        9498,  9498,  9498], dtype=int64), array([11246,  1717, 11246, 11246, 11246, 11246,  1717, 11246, 11246,
       11246, 11246,  1717, 11246, 11246, 11246, 11246,  1717, 11244,
       11244, 11244, 11244, 11246, 11246, 11246, 11246,  1717, 11246,
       11246, 11246, 11246], dtype=int64), array([13641, 13651, 13651,   346, 13638, 13638, 13638, 13638, 13641,
       13641, 13641, 13641,   346, 13638, 13638, 13638, 13638, 13641,
       13641, 13641, 13641,   346, 13638, 13638, 13638, 13638, 13660,
       13660, 13660, 13660], dtype=int64), array([6645, 6645, 6655, 6655, 6655, 6655, 6663, 6663, 6663, 6663,  458,
        681,  708, 1542, 6642, 6642, 6642, 6642, 6655, 6655, 6655, 6655,
       6661, 6661, 6672, 6672, 6661, 6661, 6672, 6672], dtype=int64), array([13308, 13308, 13308, 13308, 13359, 13359, 13359, 13359,   927,
         937,  1210,  1442,  1649,  1898, 13156, 13156, 13170, 13170,
       13156, 13156, 13170, 13170, 13308, 13308, 13308, 13308, 13381,
       13381, 13381, 13381], dtype=int64), array([16161, 16161, 16140, 16140, 16147, 16147, 16152, 16152, 16159,
       16159, 16160, 16160, 16161, 16161, 16165, 16165, 16165, 16165,
       16176, 16176, 16187, 16187, 16189, 16189, 16176, 16176, 16187,
       16187, 16189, 16189], dtype=int64), array([13219, 13219, 13207, 13207, 13207, 13207, 13215, 13215, 13219,
       13219, 13215, 13215, 13219, 13219, 13207, 13207, 13207, 13207,
       13212, 13212, 13219, 13219, 13212, 13212, 13219, 13219, 13207,
       13207, 13207, 13207], dtype=int64), array([23111, 23113, 23113, 23113, 23113, 23131, 23131, 23136, 23136,
       23131, 23131, 23136, 23136,   335, 23112, 23112, 23112, 23112,
       23113, 23113, 23113, 23113, 23116, 23116, 23121, 23121, 23116,
       23116, 23121, 23121], dtype=int64), array([27855,  1430, 27855, 27855, 27855, 27855,  1430, 27855, 27855,
       27855, 27855,  1430, 27855, 27855, 27855, 27855,  1430, 27853,
       27853, 27853, 27853, 27855, 27855, 27855, 27855,  1430, 27855,
       27855, 27855, 27855], dtype=int64), array([15024, 15024,   196,  1588, 14995, 14995, 14995, 14995, 15003,
       15003, 15003, 15003,   196,  1588, 14991, 14991, 14995, 14995,
       14991, 14991, 14995, 14995, 15003, 15003, 15003, 15003, 15004,
       15004, 15004, 15004], dtype=int64), array([  833,  1310, 29250, 29250, 29250, 29250, 29252, 29252, 29252,
       29252, 29267, 29267, 29267, 29267], dtype=int64), array([24847, 24847, 24843, 24843, 24846, 24846, 24847, 24847, 24850,
       24850, 24850, 24850,   240, 24848, 24848, 24849, 24849, 24848,
       24848, 24849, 24849, 24850, 24850, 24850, 24850,   240, 24850,
       24850, 24850, 24850], dtype=int64), array([26201, 26201, 26203, 26203, 26206, 26206, 26201, 26201, 26203,
       26203, 26206, 26206,   509, 26199, 26199, 26199, 26199, 26201,
       26201, 26201, 26201,   509, 26191, 26191, 26191, 26191, 26199,
       26199, 26199, 26199], dtype=int64), array([16320, 16320, 16320,  1598, 16320, 16320, 16320, 16320,  1598,
       16312, 16312, 16313, 16313, 16312, 16312, 16313, 16313, 16320,
       16320, 16320, 16320,  1598, 16317, 16317, 16317, 16317, 16320,
       16320, 16320, 16320], dtype=int64), array([17173, 17173, 17145, 17145, 17154, 17154, 17173, 17173,   368,
         846, 17143, 17143, 17143, 17143, 17153, 17153, 17158, 17158,
       17167, 17167, 17176, 17176, 17153, 17153, 17158, 17158, 17167,
       17167, 17176, 17176], dtype=int64), array([25433, 25433, 25433, 25468, 25468, 25468, 25468,  1657, 25468,
       25468, 25468, 25468,  1657, 25437, 25437, 25462, 25462, 25437,
       25437, 25462, 25462, 25468, 25468, 25468, 25468,  1657, 25468,
       25468, 25468, 25468], dtype=int64), array([7319, 7319, 7319, 7319,  137,  615,  769, 1114, 1251, 1551, 1589,
       1654, 1843, 1904, 7294, 7294, 7304, 7304, 7307, 7307, 7294, 7294,
       7304, 7304, 7307, 7307, 7311, 7311, 7311, 7311], dtype=int64), array([17907, 17907, 17921, 17921, 17921, 17921,   147,   228, 17907,
       17907, 17907, 17907, 17914, 17914, 17921, 17921, 17914, 17914,
       17921, 17921,   147,   228, 17907, 17907, 17907, 17907, 17921,
       17921, 17921, 17921], dtype=int64), array([ 503,  943, 1611, 8920, 8920, 8934, 8934, 8935, 8935, 8920, 8920,
       8934, 8934, 8935, 8935, 8939, 8939, 8939, 8939, 8941, 8941, 8941,
       8941], dtype=int64), array([23301, 23301, 23302, 23302, 23304, 23304, 23302, 23302, 23304,
       23304,   747,  1607, 23292, 23292, 23292, 23292, 23301, 23301,
       23301, 23301,   747,  1607, 23297, 23297, 23297, 23297, 23301,
       23301, 23301, 23301], dtype=int64), array([5306, 1167, 5291, 5291, 5291, 5291, 5306, 5306, 5306, 5306, 1167,
       5306, 5306, 5306, 5306, 1167, 5306, 5306, 5306, 5306, 1167, 5306,
       5306, 5306, 5306, 1167, 5306, 5306, 5306, 5306], dtype=int64), array([15555, 15563, 15563, 15569, 15569, 15569, 15569, 15576, 15576,
       15576, 15576,   257,   996,  1547, 15569, 15569, 15569, 15569,
       15575, 15575, 15576, 15576, 15584, 15584, 15575, 15575, 15576,
       15576, 15584, 15584], dtype=int64), array([3423, 3423, 3423, 3423, 3425, 3425, 3425, 3425,  534, 3415, 3415,
       3415, 3415, 3425, 3425, 3425, 3425, 3429, 3429, 3429, 3429,  534,
       3418, 3418, 3418, 3418, 3425, 3425, 3425, 3425], dtype=int64), array([9021, 9021, 9021, 9021, 9023, 9023, 9028, 9028, 9023, 9023, 9028,
       9028,  249, 9021, 9021, 9021, 9021,  249, 9019, 9019, 9019, 9019,
       9021, 9021, 9021, 9021, 9025, 9025, 9025, 9025], dtype=int64), array([31761, 31762, 31762,  1449, 31760, 31760, 31760, 31760, 31762,
       31762, 31762, 31762,  1449, 31760, 31760, 31760, 31760,  1449,
       31751, 31751, 31751, 31751, 31760, 31760, 31760, 31760, 31762,
       31762, 31762, 31762], dtype=int64), array([21166, 21166, 21166, 21166, 21169, 21169, 21171, 21171, 21169,
       21169, 21171, 21171,   270, 21149, 21149, 21149, 21149, 21166,
       21166, 21166, 21166,   270, 21163, 21163, 21163, 21163, 21166,
       21166, 21166, 21166], dtype=int64), array([15995, 15995, 15997, 15997, 15998, 15998, 15999, 15999, 16000,
       16000, 16014, 16014, 16015, 16015, 15994, 15994, 15995, 15995,
       15997, 15997, 15998, 15998, 15999, 15999, 16000, 16000, 16014,
       16014, 16015, 16015], dtype=int64), array([  788, 11112, 11112, 11121, 11121, 11112, 11112, 11121, 11121,
       11127, 11127, 11127, 11127,   788, 11127, 11127, 11127, 11127],
      dtype=int64), array([30662, 30662, 30662, 30662, 30675, 30675, 30675, 30675,   929,
       30666, 30666, 30671, 30671, 30666, 30666, 30671, 30671, 30675,
       30675, 30675, 30675, 30691, 30691, 30691, 30691,   929, 30675,
       30675, 30675, 30675], dtype=int64), array([], dtype=int64), array([4742, 4742, 4742, 4742, 4745, 4745, 4745, 4745,  997, 4742, 4742,
       4742, 4742, 4745, 4745, 4745, 4745, 4858, 4858, 4858, 4858,  997,
       4742, 4742, 4742, 4742, 4745, 4745, 4745, 4745], dtype=int64), array([23188, 23188, 23190, 23190, 23197, 23197, 23198, 23198, 23199,
       23199, 23183, 23183, 23188, 23188, 23190, 23190, 23197, 23197,
       23198, 23198, 23199, 23199, 23202, 23202, 23202, 23202, 23207,
       23207, 23207, 23207], dtype=int64), array([11736,  1566, 11727, 11727, 11727, 11727, 11736, 11736, 11736,
       11736, 11742, 11742, 11747, 11747, 11748, 11748, 11750, 11750,
       11754, 11754, 11742, 11742, 11747, 11747, 11748, 11748, 11750,
       11750, 11754, 11754], dtype=int64), array([26565, 26566, 26566, 26565, 26565, 26566, 26566,  1063, 26564,
       26564, 26564, 26564, 26566, 26566, 26566, 26566,  1063, 26564,
       26564, 26564, 26564, 26566, 26566, 26566, 26566,  1063, 26564,
       26564, 26564, 26564], dtype=int64), array([11263, 11263, 11263,   653, 11256, 11256, 11260, 11260, 11256,
       11256, 11260, 11260, 11263, 11263, 11263, 11263,   653, 11256,
       11256, 11256, 11256, 11263, 11263, 11263, 11263,   653, 11263,
       11263, 11263, 11263], dtype=int64), array([12769, 12769, 12770, 12770, 12781, 12781, 12781, 12781, 12782,
       12782, 12783, 12783, 12814, 12814, 12829, 12829, 12782, 12782,
       12783, 12783, 12814, 12814, 12829, 12829,   715,  1108, 12781,
       12781, 12781, 12781], dtype=int64), array([13241, 13241, 13241,   416,   547,  1706, 13219, 13219, 13236,
       13236, 13239, 13239, 13240, 13240, 13219, 13219, 13236, 13236,
       13239, 13239, 13240, 13240, 13241, 13241, 13241, 13241, 13242,
       13242, 13242, 13242], dtype=int64), array([13131, 13131, 13131, 13131, 13132, 13132, 13138, 13138, 13140,
       13140, 13147, 13147, 13132, 13132, 13138, 13138, 13140, 13140,
       13147, 13147,   273,  1858, 13112, 13112, 13112, 13112, 13131,
       13131, 13131, 13131], dtype=int64), array([10640, 10640, 10646, 10646, 10652, 10652, 10659, 10659, 10664,
       10664, 10664, 10664, 10676, 10676, 10676, 10676,  1243,  1787,
       10637, 10637, 10652, 10652, 10637, 10637, 10652, 10652, 10664,
       10664, 10664, 10664], dtype=int64), array([10443, 10443, 10444, 10444, 10444, 10444, 10445, 10445, 10451,
       10451, 10452, 10452, 10454, 10454, 10461, 10461, 10462, 10462,
       10445, 10445, 10451, 10451, 10452, 10452, 10454, 10454, 10461,
       10461, 10462, 10462], dtype=int64), array([  592, 10608, 10608, 10609, 10609, 10608, 10608, 10609, 10609,
       10625, 10625, 10625, 10625,   592, 10604, 10604, 10608, 10608,
       10609, 10609, 10604, 10604, 10608, 10608, 10609, 10609, 10625,
       10625, 10625, 10625], dtype=int64), array([22268, 22268, 22272, 22272,  1854, 22254, 22254, 22254, 22254,
       22274, 22274, 22274, 22274,  1854, 22235, 22235, 22235, 22235,
       22254, 22254, 22254, 22254, 22255, 22255, 22274, 22274, 22255,
       22255, 22274, 22274], dtype=int64), array([28813, 28813, 28815, 28815, 28815, 28815, 28826, 28826, 28826,
       28826,   588,   651,   706,  1817, 28815, 28815, 28815, 28815,
       28824, 28824, 28826, 28826, 28828, 28828, 28824, 28824, 28826,
       28826, 28828, 28828], dtype=int64), array([  196,  1588, 14992, 14992, 14992, 14992, 14995, 14995, 14995,
       14995, 14997, 14997, 15020, 15020, 14997, 14997, 15020, 15020,
         196,  1588, 14995, 14995, 14995, 14995,   196,  1588, 14995,
       14995, 14995, 14995], dtype=int64), array([ 583, 5310, 5310, 5310, 5310,  583, 5310, 5310, 5310, 5310,  583,
       5310, 5310, 5310, 5310], dtype=int64), array([14718, 14718, 14726, 14726,   745,  1732,  1875, 14709, 14709,
       14709, 14709, 14713, 14713, 14713, 14713, 14717, 14717, 14725,
       14725, 14717, 14717, 14725, 14725,   745,  1732,  1875, 14713,
       14713, 14713, 14713], dtype=int64), array([29656, 29656, 29656, 29663, 29663, 29668, 29668, 29663, 29663,
       29668, 29668,    41,   650,  1515, 29656, 29656, 29656, 29656,
       29663, 29663, 29664, 29664, 29668, 29668, 29663, 29663, 29664,
       29664, 29668, 29668], dtype=int64), array([ 1894, 26039, 26039, 26039, 26039, 26793, 26793, 26793, 26793],
      dtype=int64), array([7440, 7440,  118,  571, 7430, 7430, 7430, 7430, 7433, 7433, 7433,
       7433,  118,  571, 7422, 7422, 7428, 7428, 7422, 7422, 7428, 7428,
       7430, 7430, 7430, 7430, 7440, 7440, 7440, 7440], dtype=int64), array([22080,   707, 22048, 22048, 22057, 22057, 22048, 22048, 22057,
       22057, 22062, 22062, 22062, 22062, 22063, 22063, 22064, 22064,
       22066, 22066, 22079, 22079, 22063, 22063, 22064, 22064, 22066,
       22066, 22079, 22079], dtype=int64), array([1625, 6770, 6770, 6770, 6770, 6784, 6784, 6784, 6784, 6785, 6785,
       6796, 6796, 6785, 6785, 6796, 6796, 1625, 6777, 6777, 6782, 6782,
       6777, 6777, 6782, 6782, 6784, 6784, 6784, 6784], dtype=int64), array([8973, 8973, 8973, 8973,  116,  127,  195, 1611, 1677, 8969, 8969,
       8969, 8969, 8973, 8973, 8973, 8973,  116,  127,  195, 1611, 1677,
       8967, 8967, 8967, 8967, 8973, 8973, 8973, 8973], dtype=int64), array([  926,  1512, 16130, 16130, 16140, 16140, 16143, 16143, 16130,
       16130, 16140, 16140, 16143, 16143, 16146, 16146, 16146, 16146,
       16147, 16147, 16152, 16152, 16156, 16156, 16147, 16147, 16152,
       16152, 16156, 16156], dtype=int64), array([29270, 29270, 29273, 29273, 29280, 29280, 29282, 29282, 29285,
       29285, 29290, 29290, 29291, 29291, 29292, 29292, 29273, 29273,
       29280, 29280, 29282, 29282, 29285, 29285, 29290, 29290, 29291,
       29291, 29292, 29292], dtype=int64), array([], dtype=int64), array([ 1267, 15053, 15053, 15053, 15053, 15067, 15067, 15067, 15067],
      dtype=int64), array([14673, 14673, 14675, 14675, 14695, 14695, 14675, 14675, 14695,
       14695,    77,   131,   329,   957, 14659, 14659, 14672, 14672,
       14659, 14659, 14672, 14672, 14673, 14673, 14673, 14673, 14679,
       14679, 14679, 14679], dtype=int64), array([5299, 5299, 5299, 5306, 5306, 5306, 5306, 1167, 5306, 5306, 5306,
       5306, 1167, 5296, 5296, 5296, 5296, 5306, 5306, 5306, 5306, 1167,
       5304, 5304, 5304, 5304, 5306, 5306, 5306, 5306], dtype=int64), array([6834, 6834, 1026, 6834, 6834, 6834, 6834, 1026, 6834, 6834, 6834,
       6834, 6840, 6840, 6840, 6840, 1026, 6834, 6834, 6834, 6834, 6836,
       6836, 6836, 6836, 1026, 6834, 6834, 6834, 6834], dtype=int64), array([ 134,  163, 8095, 8095, 8095, 8095, 8105, 8105, 8105, 8105, 8106,
       8106, 8106, 8106,  134,  163, 8099, 8099, 8099, 8099, 8105, 8105,
       8105, 8105,  134,  163, 8105, 8105, 8105, 8105], dtype=int64), array([ 1323, 16733, 16733, 16738, 16738, 16733, 16733, 16738, 16738,
       16744, 16744, 16744, 16744,  1323, 16744, 16744, 16744, 16744,
       16749, 16749, 16749, 16749,  1323, 16744, 16744, 16744, 16744],
      dtype=int64), array([25057, 25057, 25057, 25057, 25071, 25071, 25071, 25071,   444,
       25057, 25057, 25057, 25057, 25058, 25058, 25062, 25062, 25058,
       25058, 25062, 25062,   444, 25057, 25057, 25057, 25057, 25072,
       25072, 25072, 25072], dtype=int64), array([6359, 6359, 6359, 1186, 6354, 6354, 6354, 6354, 1186, 6354, 6354,
       6354, 6354, 6356, 6356, 6363, 6363, 6356, 6356, 6363, 6363, 1186,
       6354, 6354, 6354, 6354, 6363, 6363, 6363, 6363], dtype=int64), array([26066, 26066, 26066, 26068, 26068, 26068, 26068,  1831, 26066,
       26066, 26066, 26066,  1831, 26063, 26063, 26063, 26063, 26066,
       26066, 26066, 26066,  1831, 26066, 26066, 26066, 26066, 26068,
       26068, 26068, 26068], dtype=int64), array([32667, 32663, 32663, 32667, 32667,     5,   896,  1049,  1337,
        1778, 32623, 32623, 32623, 32623, 32644, 32644, 32644, 32644,
       32645, 32645, 32648, 32648, 32666, 32666, 32645, 32645, 32648,
       32648, 32666, 32666], dtype=int64), array([22283, 22283,  1195,  1358,  1413,  1854, 22261, 22261, 22274,
       22274, 22281, 22281, 22261, 22261, 22274, 22274, 22281, 22281,
       22283, 22283, 22283, 22283, 22286, 22286, 22290, 22290, 22286,
       22286, 22290, 22290], dtype=int64), array([3902, 3902, 3902, 3902, 3910, 3910, 3910, 3910, 1939, 3902, 3902,
       3902, 3902, 3906, 3906, 3906, 3906, 1939, 3887, 3887, 3887, 3887,
       3902, 3902, 3902, 3902, 3903, 3903, 3903, 3903], dtype=int64), array([32746, 32746, 32760, 32760, 32760, 32760, 32770, 32770, 32770,
       32770,   139,   284,  1083,  1583, 32760, 32760, 32760, 32760,
         139,   284,  1083,  1583, 32759, 32759, 32759, 32759, 32760,
       32760, 32760, 32760], dtype=int64), array([ 1801, 18179, 18179, 18179, 18179, 18182, 18182, 18182, 18182,
       18186, 18186, 18186, 18186,  1801, 18177, 18177, 18177, 18177,
       18182, 18182, 18182, 18182, 18190, 18190, 18192, 18192, 18190,
       18190, 18192, 18192], dtype=int64), array([3665, 3665, 3665, 3665,   97, 3665, 3665, 3665, 3665, 3670, 3670,
       3676, 3676, 3670, 3670, 3676, 3676,   97, 3652, 3652, 3654, 3654,
       3652, 3652, 3654, 3654, 3665, 3665, 3665, 3665], dtype=int64), array([28910, 28910, 28928, 28928,   142,   186,   304,   732,  1054,
        1290, 28900, 28900, 28902, 28902, 28900, 28900, 28902, 28902,
       28907, 28907, 28907, 28907, 28918, 28918, 28927, 28927, 28918,
       28918, 28927, 28927], dtype=int64), array([16851, 16851, 16853, 16853, 16869, 16869, 16853, 16853, 16869,
       16869,   623,   804,  1061,  1650, 16847, 16847, 16847, 16847,
       16851, 16851, 16851, 16851, 16858, 16858, 16867, 16867, 16858,
       16858, 16867, 16867], dtype=int64), array([10532, 10532,    91, 10519, 10519, 10519, 10519, 10529, 10529,
       10529, 10529,    91, 10519, 10519, 10519, 10519,    91, 10518,
       10518, 10518, 10518, 10519, 10519, 10519, 10519,    91, 10519,
       10519, 10519, 10519], dtype=int64), array([7875, 7875, 7911, 7911, 7911, 7911,  773, 1593, 1907, 1960, 7864,
       7864, 7864, 7864, 7875, 7875, 7875, 7875, 7903, 7903, 7903, 7903,
        773, 1593, 1907, 1960, 7875, 7875, 7875, 7875], dtype=int64), array([21980,   525, 21953, 21953, 21965, 21965, 21953, 21953, 21965,
       21965, 21966, 21966, 21966, 21966, 21972, 21972, 21974, 21974,
       21978, 21978, 21979, 21979, 21972, 21972, 21974, 21974, 21978,
       21978, 21979, 21979], dtype=int64), array([7068, 7072, 7072, 7068, 7068, 7072, 7072,   23,   86, 1094, 7052,
       7052, 7055, 7055, 7064, 7064, 7052, 7052, 7055, 7055, 7064, 7064,
       7067, 7067, 7067, 7067, 7072, 7072, 7072, 7072], dtype=int64), array([], dtype=int64), array([  389, 16426, 16426, 16426, 16426, 16432, 16432, 16433, 16433,
       16435, 16435, 16432, 16432, 16433, 16433, 16435, 16435,   389,
       16415, 16415, 16415, 16415, 16426, 16426, 16426, 16426, 16432,
       16432, 16432, 16432], dtype=int64), array([26774, 26774, 26774, 26781, 26781, 26781, 26781,    34, 26781,
       26781, 26781, 26781,    34, 26774, 26774, 26774, 26774, 26781,
       26781, 26781, 26781,    34, 26775, 26775, 26775, 26775, 26781,
       26781, 26781, 26781], dtype=int64), array([7242, 7242, 7243, 7243, 7247, 7247, 7242, 7242, 7243, 7243, 7247,
       7247, 7248, 7248, 7248, 7248,  398, 1742, 7242, 7242, 7242, 7242,
       7248, 7248, 7248, 7248, 7264, 7264, 7264, 7264], dtype=int64), array([12666, 12666, 12667, 12667, 12676, 12676, 12676, 12676,   808,
        1653, 12660, 12660, 12661, 12661, 12667, 12667, 12670, 12670,
       12660, 12660, 12661, 12661, 12667, 12667, 12670, 12670, 12676,
       12676, 12676, 12676], dtype=int64), array([3385, 3385, 3385,  207, 3376, 3376, 3376, 3376, 3385, 3385, 3385,
       3385,  207, 3380, 3380, 3380, 3380, 3385, 3385, 3385, 3385,  207,
       3385, 3385, 3385, 3385, 3386, 3386, 3386, 3386], dtype=int64), array([26488, 26488, 26488, 26493, 26493, 26493, 26493,  1383, 26488,
       26488, 26488, 26488,  1383, 26478, 26478, 26478, 26478, 26488,
       26488, 26488, 26488,  1383, 26478, 26478, 26478, 26478, 26488,
       26488, 26488, 26488], dtype=int64), array([30707, 30707, 30707, 30707,  1629, 30695, 30695, 30696, 30696,
       30695, 30695, 30696, 30696, 30707, 30707, 30707, 30707,  1629,
       30689, 30689, 30702, 30702, 30689, 30689, 30702, 30702, 30707,
       30707, 30707, 30707], dtype=int64), array([17754, 17767, 17767, 17767, 17767,    81,   299,   310,   913,
        1266, 17734, 17734, 17741, 17741, 17734, 17734, 17741, 17741,
       17754, 17754, 17754, 17754, 17761, 17761, 17774, 17774, 17761,
       17761, 17774, 17774], dtype=int64), array([4098, 4098, 4102, 4102, 4105, 4105, 4105, 4105, 1191, 4097, 4097,
       4097, 4097, 4105, 4105, 4105, 4105, 4106, 4106, 4106, 4106, 1191,
       4102, 4102, 4102, 4102, 4105, 4105, 4105, 4105], dtype=int64), array([1660, 9050, 9050, 9050, 9050, 9055, 9055, 9055, 9055, 1660, 9047,
       9047, 9047, 9047, 9050, 9050, 9050, 9050, 9052, 9052, 9055, 9055,
       9056, 9056, 9052, 9052, 9055, 9055, 9056, 9056], dtype=int64), array([6902, 6902, 1609, 6902, 6902, 6902, 6902, 1609, 6895, 6895, 6895,
       6895, 6902, 6902, 6902, 6902, 1609, 6895, 6895, 6895, 6895, 6902,
       6902, 6902, 6902, 1609, 6902, 6902, 6902, 6902], dtype=int64), array([25637, 25637,   648,   748,  1362,  1545, 25626, 25626, 25635,
       25635, 25626, 25626, 25635, 25635, 25636, 25636, 25636, 25636,
       25638, 25638, 25641, 25641, 25644, 25644, 25638, 25638, 25641,
       25641, 25644, 25644], dtype=int64), array([ 1303,  1304, 10417, 10417, 10417, 10417, 10423, 10423, 10423,
       10423, 10438, 10438, 10439, 10439, 10442, 10442, 10446, 10446,
       10447, 10447, 10438, 10438, 10439, 10439, 10442, 10442, 10446,
       10446, 10447, 10447], dtype=int64), array([12551, 12551, 12551, 12552, 12552, 12552, 12552,   669, 12543,
       12543, 12543, 12543, 12552, 12552, 12552, 12552,   669, 12552,
       12552, 12552, 12552,   669, 12546, 12546, 12546, 12546, 12552,
       12552, 12552, 12552], dtype=int64), array([8444, 8444, 8444, 8444, 8460, 8460, 8460, 8460,    1, 1470, 8443,
       8443, 8444, 8444, 8443, 8443, 8444, 8444, 8460, 8460, 8460, 8460,
       8465, 8465, 8466, 8466, 8465, 8465, 8466, 8466], dtype=int64), array([  584, 19080, 19080, 19080, 19080], dtype=int64), array([19229, 19229, 19229, 19229,   785,  1175, 19229, 19229, 19229,
       19229, 19236, 19236, 19236, 19236,   785,  1175, 19224, 19224,
       19224, 19224, 19229, 19229, 19229, 19229,   785,  1175, 19229,
       19229, 19229, 19229], dtype=int64), array([  154,  1421,  1474,  1613,  1757, 14206, 14206, 14206, 14206,
       14225, 14225, 14225, 14225], dtype=int64), array([7627, 7635, 7635, 7638, 7638, 7638, 7638, 7643, 7643, 7649, 7649,
       7643, 7643, 7649, 7649, 1055, 1434, 1561, 7638, 7638, 7638, 7638,
       7643, 7643, 7649, 7649, 7643, 7643, 7649, 7649], dtype=int64), array([28765, 28766, 28766, 28766, 28766, 28767, 28767, 28770, 28770,
       28773, 28773, 28781, 28781, 28767, 28767, 28770, 28770, 28773,
       28773, 28781, 28781,  1259, 28766, 28766, 28766, 28766, 28773,
       28773, 28773, 28773], dtype=int64), array([29313, 29313, 29313, 29313,  1716,  1971, 29299, 29299, 29299,
       29299, 29303, 29303, 29303, 29303, 29304, 29304, 29310, 29310,
       29313, 29313, 29314, 29314, 29304, 29304, 29310, 29310, 29313,
       29313, 29314, 29314], dtype=int64), array([7580, 7580, 7582, 7582, 7582, 7582,  538, 1350, 1674, 1806, 7100,
       7100, 7100, 7100, 7582, 7582, 7582, 7582, 7602, 7602, 7716, 7716,
       7815, 7815, 7602, 7602, 7716, 7716, 7815, 7815], dtype=int64), array([10686, 10686,  1766, 10679, 10679, 10679, 10679,  1766, 10679,
       10679, 10679, 10679,  1766, 10679, 10679, 10679, 10679, 10686,
       10686, 10686, 10686,  1766, 10679, 10679, 10679, 10679, 10688,
       10688, 10688, 10688], dtype=int64), array([7247, 7247,  398, 1742, 7246, 7246, 7246, 7246, 7247, 7247, 7247,
       7247,  398, 1742, 7239, 7239, 7239, 7239, 7246, 7246, 7246, 7246,
       7247, 7247, 7259, 7259, 7247, 7247, 7259, 7259], dtype=int64), array([17692, 17692, 17692,  1202, 17692, 17692, 17692, 17692, 17700,
       17700, 17700, 17700,  1202, 17692, 17692, 17692, 17692, 17700,
       17700, 17701, 17701, 17700, 17700, 17701, 17701,  1202, 17692,
       17692, 17692, 17692], dtype=int64), array([ 1533, 29357, 29357, 29358, 29358, 29361, 29361, 29357, 29357,
       29358, 29358, 29361, 29361, 29366, 29366, 29366, 29366, 29367,
       29367, 29372, 29372, 29367, 29367, 29372, 29372,  1533, 29366,
       29366, 29366, 29366], dtype=int64), array([ 777, 3608, 3608, 3608, 3608, 3618, 3618, 3618, 3618,  777, 3618,
       3618, 3618, 3618,  777, 3607, 3607, 3607, 3607, 3618, 3618, 3618,
       3618, 3630, 3630, 3630, 3630], dtype=int64), array([17731, 17731, 17738, 17738, 17731, 17731, 17738, 17738,    81,
       17717, 17717, 17717, 17717, 17729, 17729, 17733, 17733, 17729,
       17729, 17733, 17733,    81, 17717, 17717, 17717, 17717, 17743,
       17743, 17743, 17743], dtype=int64), array([26511, 26511, 26511,  1374, 26511, 26511, 26511, 26511,  1374,
       26501, 26501, 26501, 26501, 26511, 26511, 26511, 26511, 26512,
       26512, 26514, 26514, 26512, 26512, 26514, 26514,  1374, 26511,
       26511, 26511, 26511], dtype=int64), array([7555, 7555, 7558, 7558, 7569, 7569, 7555, 7555, 7558, 7558, 7569,
       7569, 7571, 7571, 7571, 7571, 1044, 7551, 7551, 7551, 7551, 7571,
       7571, 7571, 7571, 1044, 7571, 7571, 7571, 7571], dtype=int64), array([ 215,  458,  681,  708, 1542, 6669, 6669, 6669, 6669, 6670, 6670,
       6670, 6670,  215,  458,  681,  708, 1542, 6665, 6665, 6668, 6668,
       6665, 6665, 6668, 6668, 6669, 6669, 6669, 6669], dtype=int64), array([19467, 19467, 19470, 19470, 19467, 19467, 19470, 19470,  1241,
        1552,  1905, 19466, 19466, 19466, 19466,  1241,  1552,  1905,
       19457, 19457, 19457, 19457, 19466, 19466, 19466, 19466, 19467,
       19467, 19467, 19467], dtype=int64), array([17627, 17627, 17627, 17631, 17631, 17631, 17631,    92, 17624,
       17624, 17624, 17624, 17631, 17631, 17631, 17631,    92, 17631,
       17631, 17631, 17631,    92, 17624, 17624, 17624, 17624, 17631,
       17631, 17631, 17631], dtype=int64), array([], dtype=int64), array([   55, 10209, 10209, 10209, 10209, 10214, 10214, 10214, 10214,
       10216, 10216, 10218, 10218, 10216, 10216, 10218, 10218,    55,
       10205, 10205, 10205, 10205, 10214, 10214, 10214, 10214, 10222,
       10222, 10222, 10222], dtype=int64), array([32846, 32846, 32839, 32839, 32845, 32845, 32846, 32846, 32853,
       32853, 32853, 32853, 32856, 32856, 32860, 32860, 32856, 32856,
       32860, 32860,  1397, 32853, 32853, 32853, 32853,  1397, 32853,
       32853, 32853, 32853], dtype=int64), array([32658, 32658, 32658,     5,  1049,  1778, 32647, 32647, 32648,
       32648, 32653, 32653, 32647, 32647, 32648, 32648, 32653, 32653,
       32658, 32658, 32658, 32658, 32660, 32660, 32677, 32677, 32660,
       32660, 32677, 32677], dtype=int64), array([14904, 14904, 14915, 14915, 14915, 14915,   805, 14915, 14915,
       14915, 14915,   805, 14915, 14915, 14915, 14915,   805, 14915,
       14915, 14915, 14915,   805, 14904, 14904, 14904, 14904, 14915,
       14915, 14915, 14915], dtype=int64), array([  658, 29735, 29735, 29735, 29735, 29773, 29773, 29808, 29808,
       30835, 30835, 29773, 29773, 29808, 29808, 30835, 30835,   658,
       29735, 29735, 29735, 29735, 30715, 30715, 30806, 30806, 30715,
       30715, 30806, 30806], dtype=int64), array([3741, 3741, 3741, 3741, 3754, 3754, 3754, 3754,  305, 3754, 3754,
       3754, 3754, 3787, 3787, 3807, 3807, 3810, 3810, 3787, 3787, 3807,
       3807, 3810, 3810,  305, 3754, 3754, 3754, 3754], dtype=int64), array([24404, 24404, 24404, 24407, 24407, 24407, 24407,   467, 24407,
       24407, 24407, 24407,   467, 24407, 24407, 24407, 24407, 24408,
       24408, 24408, 24408,   467, 24407, 24407, 24407, 24407, 24409,
       24409, 24409, 24409], dtype=int64), array([6666, 6667, 6667, 6681, 6681, 6667, 6667, 6681, 6681,  215,  458,
        681,  708, 1542, 6655, 6655, 6664, 6664, 6655, 6655, 6664, 6664,
       6666, 6666, 6666, 6666, 6667, 6667, 6667, 6667], dtype=int64), array([24827, 24827, 24829, 24829, 24829, 24829,   645,  1538, 24820,
       24820, 24827, 24827, 24820, 24820, 24827, 24827, 24829, 24829,
       24829, 24829,   645,  1538, 24818, 24818, 24818, 24818, 24829,
       24829, 24829, 24829], dtype=int64), array([9058, 9058, 9062, 9062, 9066, 9066, 9066, 9066, 9067, 9067, 9068,
       9068, 9072, 9072, 9067, 9067, 9068, 9068, 9072, 9072, 1363, 1639,
       9050, 9050, 9050, 9050, 9066, 9066, 9066, 9066], dtype=int64), array([ 1440, 20732, 20732, 20735, 20735, 20740, 20740, 20732, 20732,
       20735, 20735, 20740, 20740, 20747, 20747, 20747, 20747,  1440,
       20731, 20731, 20742, 20742, 20731, 20731, 20742, 20742, 20747,
       20747, 20747, 20747], dtype=int64), array([24338, 24338, 24338, 24338,  1929, 24329, 24329, 24330, 24330,
       24329, 24329, 24330, 24330, 24331, 24331, 24331, 24331, 24336,
       24336, 24338, 24338, 24336, 24336, 24338, 24338,  1929, 24331,
       24331, 24331, 24331], dtype=int64), array([23210, 23210, 23201, 23201, 23203, 23203, 23210, 23210,   449,
        1933, 23191, 23191, 23196, 23196, 23199, 23199, 23191, 23191,
       23196, 23196, 23199, 23199, 23200, 23200, 23200, 23200, 23215,
       23215, 23215, 23215], dtype=int64), array([22908, 22908, 22908, 22908,  1150, 22890, 22890, 22894, 22894,
       22890, 22890, 22894, 22894, 22908, 22908, 22908, 22908, 22910,
       22910, 22910, 22910,  1150, 22898, 22898, 22898, 22898, 22908,
       22908, 22908, 22908], dtype=int64), array([   57,   778,   932,  1280,  1426, 18077, 18077, 18077, 18077,
       18083, 18083, 18083, 18083,    57,   778,   932,  1280,  1426,
       18070, 18070, 18070, 18070, 18083, 18083, 18083, 18083, 18088,
       18088, 18088, 18088], dtype=int64), array([21406, 21406,   916,  1403, 21367, 21367, 21367, 21367, 21390,
       21390, 21390, 21390, 21395, 21395, 21395, 21395,   916,  1403,
       21390, 21390, 21390, 21390, 21397, 21397, 21409, 21409, 21397,
       21397, 21409, 21409], dtype=int64), array([], dtype=int64), array([6673, 6668, 6668, 6673, 6673,  215,  458,  681,  708, 1542, 6653,
       6653, 6654, 6654, 6653, 6653, 6654, 6654, 6661, 6661, 6661, 6661,
       6666, 6666, 6674, 6674, 6666, 6666, 6674, 6674], dtype=int64), array([ 1656,  1947, 27497, 27497, 27497, 27497, 27515, 27515, 27515,
       27515], dtype=int64), array([27190, 27190, 27190, 27190,   251, 27186, 27186, 27186, 27186,
       27190, 27190, 27191, 27191, 27199, 27199, 27204, 27204, 27190,
       27190, 27191, 27191, 27199, 27199, 27204, 27204,   251, 27186,
       27186, 27186, 27186], dtype=int64), array([32304, 32293, 32293, 32298, 32298, 32304, 32304, 32306, 32306,
       32306, 32306, 32314, 32314, 32321, 32321, 32327, 32327, 32314,
       32314, 32321, 32321, 32327, 32327,   596,  1069,  1636, 32306,
       32306, 32306, 32306], dtype=int64), array([26958, 26960, 26960, 26967, 26967, 26967, 26967, 26968, 26968,
       26968, 26968,   796,  1466,  1829, 26958, 26958, 26961, 26961,
       26958, 26958, 26961, 26961, 26967, 26967, 26967, 26967, 26969,
       26969, 26969, 26969], dtype=int64), array([13897, 13897,    72,   459,   568,  1968, 13853, 13853, 13860,
       13860, 13862, 13862, 13853, 13853, 13860, 13860, 13862, 13862,
       13875, 13875, 13875, 13875, 13881, 13881, 13896, 13896, 13881,
       13881, 13896, 13896], dtype=int64), array([9214, 9214, 9229, 9229, 9208, 9208, 9214, 9214, 9229, 9229,  885,
        976, 9206, 9206, 9206, 9206,  885,  976, 9202, 9202, 9202, 9202,
       9206, 9206, 9206, 9206, 9220, 9220, 9220, 9220], dtype=int64), array([ 867, 1632, 1841, 2597, 2597, 2597, 2597, 2605, 2605, 2605, 2605],
      dtype=int64), array([12762, 12762, 12762, 12762,   715, 12756, 12756, 12756, 12756,
       12762, 12762, 12762, 12762, 12770, 12770, 12770, 12770,   715,
       12759, 12759, 12759, 12759, 12762, 12762, 12762, 12762, 12766,
       12766, 12766, 12766], dtype=int64), array([22066, 22066, 22070, 22070, 22077, 22077, 22079, 22079, 22080,
       22080, 22082, 22082, 22059, 22059, 22064, 22064, 22065, 22065,
       22066, 22066, 22070, 22070, 22077, 22077, 22079, 22079, 22080,
       22080, 22082, 22082], dtype=int64), array([4577, 4577, 4577, 1821, 4577, 4577, 4577, 4577, 4580, 4580, 4580,
       4580, 1821, 4575, 4575, 4575, 4575, 4577, 4577, 4577, 4577, 1821,
       4577, 4577, 4577, 4577, 4581, 4581, 4581, 4581], dtype=int64), array([ 1608, 20821, 20821, 20821, 20821, 20822, 20822, 20822, 20822],
      dtype=int64), array([ 1860, 26648, 26648, 26648, 26648,  1860, 26648, 26648, 26648,
       26648,  1860, 26648, 26648, 26648, 26648,  1860, 26648, 26648,
       26648, 26648,  1860, 26648, 26648, 26648, 26648,  1860, 26648,
       26648, 26648, 26648], dtype=int64), array([   53, 16980, 16980, 16982, 16982, 16980, 16980, 16982, 16982,
       16992, 16992, 16992, 16992], dtype=int64), array([18175, 18170, 18170, 18175, 18175, 18176, 18176, 18176, 18176,
       18177, 18177, 18182, 18182, 18177, 18177, 18182, 18182,  1801,
       18176, 18176, 18176, 18176, 18177, 18177, 18182, 18182, 18177,
       18177, 18182, 18182], dtype=int64), array([14995, 14995, 15004, 15004, 15004, 15004,   196,  1588, 14995,
       14995, 14995, 14995, 15004, 15004, 15004, 15004,   196,  1588,
       14995, 14995, 14995, 14995, 14997, 14997, 15000, 15000, 14997,
       14997, 15000, 15000], dtype=int64), array([24049, 24049, 24053, 24053, 24053, 24053,   529,  1365,  1523,
        1914, 24048, 24048, 24048, 24048, 24053, 24053, 24053, 24053,
         529,  1365,  1523,  1914, 24053, 24053, 24053, 24053, 24054,
       24054, 24054, 24054], dtype=int64), array([   55, 10210, 10210, 10216, 10216, 10210, 10210, 10216, 10216,
       10221, 10221, 10221, 10221,    55, 10216, 10216, 10218, 10218,
       10216, 10216, 10218, 10218, 10221, 10221, 10221, 10221, 10236,
       10236, 10236, 10236], dtype=int64), array([11418, 11418, 11418, 11418, 11424, 11424, 11424, 11424,  1818,
        1995, 11418, 11418, 11418, 11418,  1818,  1995, 11418, 11418,
       11418, 11418,  1818,  1995, 11414, 11414, 11414, 11414, 11418,
       11418, 11418, 11418], dtype=int64), array([19895, 19895, 19898, 19898, 19907, 19907, 19913, 19913, 19914,
       19914, 19893, 19893, 19895, 19895, 19898, 19898, 19907, 19907,
       19913, 19913, 19914, 19914, 19915, 19915, 19915, 19915, 19916,
       19916, 19916, 19916], dtype=int64), array([16895, 16895, 16895, 16895, 16915, 16915, 16915, 16915,   403,
        1461,  1921, 16884, 16884, 16884, 16884, 16895, 16895, 16895,
       16895,   403,  1461,  1921, 16895, 16895, 16895, 16895, 16906,
       16906, 16906, 16906], dtype=int64), array([12843, 12843, 12923, 12923,  1016,  1108, 12783, 12783, 12832,
       12832, 12783, 12783, 12832, 12832, 12834, 12834, 12834, 12834,
       12837, 12837, 12838, 12838, 12843, 12843, 12837, 12837, 12838,
       12838, 12843, 12843], dtype=int64), array([6770, 6770, 6770, 1625, 6770, 6770, 6770, 6770, 6790, 6790, 6790,
       6790, 1625, 6770, 6770, 6770, 6770, 6787, 6787, 6787, 6787, 1625,
       6770, 6770, 6770, 6770, 6780, 6780, 6780, 6780], dtype=int64), array([32325, 32325, 32327, 32327, 32327, 32327, 32340, 32340, 32340,
       32340,   295,   596,  1309,  1636, 32299, 32299, 32299, 32299,
       32327, 32327, 32327, 32327, 32346, 32346, 32350, 32350, 32346,
       32346, 32350, 32350], dtype=int64), array([5418, 5418, 5420, 5420, 5431, 5431, 5431, 5431,  140,  767,  925,
       5431, 5431, 5431, 5431,  140,  767,  925, 5424, 5424, 5424, 5424,
       5431, 5431, 5431, 5431, 5432, 5432, 5432, 5432], dtype=int64), array([22065, 22066, 22066, 22071, 22071, 22074, 22074, 22080, 22080,
         707, 22062, 22062, 22062, 22062, 22063, 22063, 22063, 22063,
       22066, 22066, 22071, 22071, 22080, 22080, 22066, 22066, 22071,
       22071, 22080, 22080], dtype=int64), array([28791, 28791, 28781, 28781, 28787, 28787, 28791, 28791, 28796,
       28796, 28796, 28796,   651,   706, 28779, 28779, 28787, 28787,
       28779, 28779, 28787, 28787, 28796, 28796, 28796, 28796, 28805,
       28805, 28805, 28805], dtype=int64), array([21617, 21617, 21617, 21617, 21619, 21619, 21619, 21619,  1852,
       21615, 21615, 21615, 21615, 21619, 21619, 21619, 21619,  1852,
       21617, 21617, 21618, 21618, 21617, 21617, 21618, 21618, 21619,
       21619, 21619, 21619], dtype=int64), array([19482, 19482, 19499, 19499, 19499, 19499,   763,  1013, 19480,
       19480, 19482, 19482, 19480, 19480, 19482, 19482, 19499, 19499,
       19499, 19499, 19504, 19504, 19504, 19504,   763,  1013, 19499,
       19499, 19499, 19499], dtype=int64), array([33209, 33212, 33212, 33212, 33212,   689,   775,  1010, 33212,
       33212, 33212, 33212,   689,   775,  1010, 33203, 33203, 33203,
       33203, 33212, 33212, 33212, 33212,   689,   775,  1010, 33212,
       33212, 33212, 33212], dtype=int64), array([32190, 32190,   983, 32190, 32190, 32190, 32190, 32206, 32206,
       32206, 32206,   983, 32190, 32190, 32190, 32190,   983, 32190,
       32190, 32190, 32190,   983, 32189, 32189, 32189, 32189, 32190,
       32190, 32190, 32190], dtype=int64), array([ 1127,  1672, 23069, 23069, 23072, 23072, 23079, 23079, 23069,
       23069, 23072, 23072, 23079, 23079, 23083, 23083, 23083, 23083,
       23092, 23092, 23097, 23097, 23101, 23101, 23092, 23092, 23097,
       23097, 23101, 23101], dtype=int64), array([23413, 23413, 23413, 23413,    44,  1446,  1785, 23413, 23413,
       23413, 23413, 23429, 23429, 23429, 23429,    44,  1446,  1785,
       23401, 23401, 23401, 23401, 23413, 23413, 23413, 23413, 23431,
       23431, 23431, 23431], dtype=int64), array([12562, 12562, 12563, 12563, 12564, 12564, 12565, 12565, 12562,
       12562, 12563, 12563, 12564, 12564, 12565, 12565, 12573, 12573,
       12573, 12573,  1058,  1336, 12567, 12567, 12567, 12567, 12573,
       12573, 12573, 12573], dtype=int64), array([10444, 10444, 10445, 10445, 10451, 10451, 10452, 10452, 10455,
       10455, 10458, 10458, 10459, 10459, 10461, 10461, 10461, 10461,
       10465, 10465, 10468, 10468, 10471, 10471, 10465, 10465, 10468,
       10468, 10471, 10471], dtype=int64), array([28865, 28865, 28896, 28896, 28865, 28865, 28896, 28896,  1306,
        1396, 28716, 28716, 28751, 28751, 28716, 28716, 28751, 28751,
       28762, 28762, 28762, 28762, 28808, 28808, 28834, 28834, 28808,
       28808, 28834, 28834], dtype=int64), array([6492, 6492, 6492, 6492,   19,  385, 6487, 6487, 6487, 6487, 6492,
       6492, 6492, 6492,   19,  385, 6487, 6487, 6487, 6487, 6492, 6492,
       6492, 6492,   19,  385, 6487, 6487, 6487, 6487], dtype=int64), array([26906, 26906,   591, 26903, 26903, 26903, 26903,   591, 26903,
       26903, 26903, 26903, 26904, 26904, 26906, 26906, 26904, 26904,
       26906, 26906,   591, 26903, 26903, 26903, 26903,   591, 26903,
       26903, 26903, 26903], dtype=int64), array([7313, 7313, 7314, 7314, 7301, 7301, 7307, 7307, 7313, 7313, 7314,
       7314,  137,  615,  769, 1114, 1251, 1551, 1589, 1654, 1843, 1904,
       7294, 7294, 7294, 7294, 7304, 7304, 7304, 7304], dtype=int64), array([25686, 25686, 25686, 25686, 25703, 25703, 25703, 25703,  1153,
        1448, 25683, 25683, 25684, 25684, 25683, 25683, 25684, 25684,
       25686, 25686, 25686, 25686, 25697, 25697, 25698, 25698, 25697,
       25697, 25698, 25698], dtype=int64), array([  416,  1706, 13211, 13211, 13212, 13212, 13213, 13213, 13211,
       13211, 13212, 13212, 13213, 13213, 13224, 13224, 13224, 13224,
       13225, 13225, 13234, 13234, 13243, 13243, 13225, 13225, 13234,
       13234, 13243, 13243], dtype=int64), array([  111,   516, 15476, 15476, 15497, 15497, 15515, 15515, 15476,
       15476, 15497, 15497, 15515, 15515, 15519, 15519, 15519, 15519,
       15593, 15593, 15595, 15595, 15637, 15637, 15593, 15593, 15595,
       15595, 15637, 15637], dtype=int64), array([9582, 9582, 9584, 9584, 9584, 9584,  557,  921, 9584, 9584, 9584,
       9584, 9585, 9585, 9587, 9587, 9585, 9585, 9587, 9587,  557,  921,
       9584, 9584, 9584, 9584, 9599, 9599, 9599, 9599], dtype=int64), array([10585, 10583, 10583, 10585, 10585,  1269, 10565, 10565, 10565,
       10565, 10575, 10575, 10575, 10575, 10577, 10577, 10579, 10579,
       10583, 10583, 10585, 10585, 10577, 10577, 10579, 10579, 10583,
       10583, 10585, 10585], dtype=int64), array([14934, 14972, 14972, 15029, 15029,   204,   388,  1296,  1401,
        1522, 14892, 14892, 14919, 14919, 14922, 14922, 14892, 14892,
       14919, 14919, 14922, 14922, 14927, 14927, 14927, 14927, 14947,
       14947, 14947, 14947], dtype=int64), array([9669, 9669,  978, 1915, 9663, 9663, 9663, 9663, 9669, 9669, 9669,
       9669, 9679, 9679, 9679, 9679,  978, 1915, 9665, 9665, 9665, 9665,
       9669, 9669, 9669, 9669, 9681, 9681, 9681, 9681], dtype=int64), array([15101, 15101, 15101, 15101,    73,   879, 15091, 15091, 15093,
       15093, 15091, 15091, 15093, 15093, 15101, 15101, 15101, 15101,
       15113, 15113, 15125, 15125, 15128, 15128, 15113, 15113, 15125,
       15125, 15128, 15128], dtype=int64), array([14955, 15028, 15028, 15028, 15028,   204,   388,  1296,  1401,
        1522, 14922, 14922, 14947, 14947, 14963, 14963, 14922, 14922,
       14947, 14947, 14963, 14963, 15028, 15028, 15028, 15028, 15040,
       15040, 15040, 15040], dtype=int64), array([14675, 14675, 14675, 14681, 14681, 14681, 14681,    77,   329,
         957, 14661, 14661, 14672, 14672, 14674, 14674, 14661, 14661,
       14672, 14672, 14674, 14674, 14675, 14675, 14675, 14675, 14683,
       14683, 14683, 14683], dtype=int64), array([10439, 10439, 10424, 10424, 10428, 10428, 10437, 10437, 10439,
       10439, 10442, 10442, 10442, 10442, 10447, 10447, 10451, 10451,
       10455, 10455, 10459, 10459, 10447, 10447, 10451, 10451, 10455,
       10455, 10459, 10459], dtype=int64), array([6974, 6974, 6974, 6974, 1445, 6970, 6970, 6972, 6972, 6970, 6970,
       6972, 6972, 6974, 6974, 6974, 6974, 6978, 6978, 6978, 6978, 1445,
       6972, 6972, 6972, 6972, 6974, 6974, 6974, 6974], dtype=int64), array([2812, 2812, 2812, 2812,  533, 1670, 1930, 2806, 2806, 2806, 2806,
       2818, 2818, 2820, 2820, 2818, 2818, 2820, 2820,  533, 1670, 1930,
       2716, 2716, 2716, 2716, 2806, 2806, 2806, 2806], dtype=int64), array([1229, 2666, 2666, 2666, 2666, 2668, 2668, 2668, 2668], dtype=int64), array([4893, 4893, 4901, 4901, 4901, 4901, 4887, 4887, 4887, 4887, 4901,
       4901, 4901, 4901, 4883, 4883, 4885, 4885, 4883, 4883, 4885, 4885,
       4901, 4901, 4901, 4901, 4901, 4901, 4901, 4901], dtype=int64), array([13066, 13069, 13069, 13073, 13073, 13069, 13069, 13073, 13073,
         293,   345,   387,  1232,  1250, 13066, 13066, 13066, 13066,
       13073, 13073, 13078, 13078, 13087, 13087, 13073, 13073, 13078,
       13078, 13087, 13087], dtype=int64), array([  993,  1127,  1672, 23074, 23074, 23074, 23074, 23079, 23079,
       23079, 23079,   993,  1127,  1672, 23064, 23064, 23064, 23064,
       23074, 23074, 23074, 23074, 23075, 23075, 23089, 23089, 23075,
       23075, 23089, 23089], dtype=int64), array([13463, 13465, 13465, 13467, 13467, 13480, 13480, 13480, 13480,
          32,   275,   610,  1694,  1735, 13463, 13463, 13471, 13471,
       13475, 13475, 13463, 13463, 13471, 13471, 13475, 13475, 13480,
       13480, 13480, 13480], dtype=int64), array([2805, 2805,  114, 2805, 2805, 2805, 2805,  114, 2805, 2805, 2805,
       2805,  114, 2805, 2805, 2805, 2805, 2813, 2813, 2813, 2813,  114,
       2797, 2797, 2797, 2797, 2805, 2805, 2805, 2805], dtype=int64), array([19935, 19938, 19938, 19948, 19948,  1959, 19916, 19916, 19916,
       19916, 19926, 19926, 19926, 19926, 19933, 19933, 19935, 19935,
       19946, 19946, 19947, 19947, 19933, 19933, 19935, 19935, 19946,
       19946, 19947, 19947], dtype=int64), array([15114, 15114, 15114, 15114, 15131, 15131, 15131, 15131,    73,
       15113, 15113, 15125, 15125, 15113, 15113, 15125, 15125, 15131,
       15131, 15131, 15131,    73, 15131, 15131, 15131, 15131, 15140,
       15140, 15140, 15140], dtype=int64), array([17785, 17785, 17796, 17796,   544, 17784, 17784, 17784, 17784,
       17786, 17786, 17792, 17792, 17786, 17786, 17792, 17792,   544,
       17773, 17773, 17773, 17773, 17784, 17784, 17784, 17784, 17785,
       17785, 17785, 17785], dtype=int64), array([32349, 32332, 32332, 32338, 32338, 32349, 32349, 32350, 32350,
       32350, 32350, 32356, 32356, 32356, 32356,   295,   344,  1309,
       32327, 32327, 32346, 32346, 32327, 32327, 32346, 32346, 32350,
       32350, 32350, 32350], dtype=int64), array([    8, 33537, 33537, 33537, 33537,     8, 33537, 33537, 33537,
       33537,     8, 33537, 33537, 33537, 33537,     8, 33537, 33537,
       33537, 33537,     8, 33537, 33537, 33537, 33537,     8, 33537,
       33537, 33537, 33537], dtype=int64), array([30264, 30264, 30264, 30264, 30275, 30275, 30275, 30275, 30276,
       30276, 30276, 30276,  1059, 30275, 30275, 30275, 30275,  1059,
       30266, 30266, 30266, 30266, 30275, 30275, 30275, 30275, 30276,
       30276, 30276, 30276], dtype=int64), array([4102, 4102, 1191, 4102, 4102, 4102, 4102, 4106, 4106, 4106, 4106,
       1191, 4094, 4094, 4094, 4094, 4102, 4102, 4102, 4102, 1191, 4102,
       4102, 4102, 4102, 1191, 4102, 4102, 4102, 4102], dtype=int64), array([  370,   846, 17135, 17135, 17137, 17137, 17154, 17154, 17159,
       17159, 17168, 17168, 17135, 17135, 17137, 17137, 17154, 17154,
       17159, 17159, 17168, 17168, 17170, 17170, 17170, 17170, 17178,
       17178, 17178, 17178], dtype=int64), array([11321, 11327, 11327, 11334, 11334,   144,   155,   232,   287,
         792, 11306, 11306, 11306, 11306, 11319, 11319, 11319, 11319,
       11320, 11320, 11322, 11322, 11334, 11334, 11320, 11320, 11322,
       11322, 11334, 11334], dtype=int64), array([32847, 32847, 32847, 32847, 32848, 32848, 32848, 32848,  1397,
       32838, 32838, 32838, 32838, 32848, 32848, 32848, 32848, 32854,
       32854, 32854, 32854,  1397, 32848, 32848, 32848, 32848, 32854,
       32854, 32854, 32854], dtype=int64), array([17060, 17060, 17130, 17130, 17188, 17188,   917,   939,  1427,
        1688, 16953, 16953, 17003, 17003, 16953, 16953, 17003, 17003,
       17036, 17036, 17036, 17036, 17130, 17130, 17131, 17131, 17130,
       17130, 17131, 17131], dtype=int64), array([18961, 18961,  1845, 18961, 18961, 18961, 18961,  1845, 18961,
       18961, 18961, 18961, 18965, 18965, 18965, 18965,  1845, 18961,
       18961, 18961, 18961, 18965, 18965, 18965, 18965,  1845, 18961,
       18961, 18961, 18961], dtype=int64), array([16735, 16735, 16735, 16735,   844,  1169,  1323, 16704, 16704,
       16704, 16704, 16721, 16721, 16721, 16721,   844,  1169,  1323,
       16699, 16699, 16700, 16700, 16699, 16699, 16700, 16700, 16721,
       16721, 16721, 16721], dtype=int64), array([29068, 29078, 29078, 29067, 29067, 29068, 29068, 29078, 29078,
       29079, 29079, 29079, 29079, 29089, 29089, 29089, 29089,   989,
       29078, 29078, 29078, 29078, 29079, 29079, 29079, 29079, 29089,
       29089, 29089, 29089], dtype=int64), array([16262, 16262, 16262, 16262, 16270, 16270, 16270, 16270, 16273,
       16273, 16273, 16273,   760, 16270, 16270, 16270, 16270,   760,
       16270, 16270, 16270, 16270, 16271, 16271, 16275, 16275, 16271,
       16271, 16275, 16275], dtype=int64), array([1611, 1677, 8961, 8961, 8961, 8961, 8964, 8964, 8967, 8967, 8969,
       8969, 8964, 8964, 8967, 8967, 8969, 8969,  116,  943, 1611, 1677,
       8961, 8961, 8961, 8961, 8965, 8965, 8965, 8965], dtype=int64), array([ 681,  708, 6682, 6682, 6682, 6682,  215,  458,  681,  708, 6667,
       6667, 6668, 6668, 6677, 6677, 6681, 6681, 6667, 6667, 6668, 6668,
       6677, 6677, 6681, 6681, 6682, 6682, 6682, 6682], dtype=int64), array([14674, 14674,    77,   131,   329,   957, 14658, 14658, 14668,
       14668, 14671, 14671, 14672, 14672, 14658, 14658, 14668, 14668,
       14671, 14671, 14672, 14672, 14674, 14674, 14674, 14674, 14691,
       14691, 14691, 14691], dtype=int64), array([   50,  1112, 32483, 32483, 32483, 32483], dtype=int64), array([1251, 1551, 1589, 1654, 1843, 1904, 7286, 7286, 7290, 7290, 7301,
       7301, 7306, 7306, 7286, 7286, 7290, 7290, 7301, 7301, 7306, 7306,
       7310, 7310, 7310, 7310, 7312, 7312, 7312, 7312], dtype=int64), array([24202, 24202, 24202, 24202,  1797,  1811, 24183, 24183, 24184,
       24184, 24183, 24183, 24184, 24184, 24188, 24188, 24188, 24188,
       24189, 24189, 24190, 24190, 24202, 24202, 24189, 24189, 24190,
       24190, 24202, 24202], dtype=int64), array([10424, 10424, 10426, 10426, 10433, 10433, 10439, 10439, 10443,
       10443, 10444, 10444, 10446, 10446, 10448, 10448, 10426, 10426,
       10433, 10433, 10439, 10439, 10443, 10443, 10444, 10444, 10446,
       10446, 10448, 10448], dtype=int64), array([  379,   567,   816, 27012, 27012, 27017, 27017, 27012, 27012,
       27017, 27017, 27019, 27019, 27019, 27019,   379,   567,   816,
       27017, 27017, 27017, 27017, 27019, 27019, 27019, 27019, 27024,
       27024, 27024, 27024], dtype=int64), array([20129, 20129, 20137, 20137, 20138, 20138, 20119, 20119, 20129,
       20129, 20137, 20137, 20138, 20138, 20141, 20141, 20141, 20141,
       20150, 20150, 20151, 20151, 20162, 20162, 20150, 20150, 20151,
       20151, 20162, 20162], dtype=int64), array([10442, 10442, 10443, 10443, 10443, 10443, 10444, 10444, 10445,
       10445, 10451, 10451, 10452, 10452, 10457, 10457, 10462, 10462,
       10444, 10444, 10445, 10445, 10451, 10451, 10452, 10452, 10457,
       10457, 10462, 10462], dtype=int64), array([7193, 7193, 7193, 7193, 7200, 7200, 7200, 7200, 7207, 7207, 7214,
       7214, 7207, 7207, 7214, 7214,  411, 1718, 7192, 7192, 7192, 7192,
       7200, 7200, 7200, 7200, 7213, 7213, 7213, 7213], dtype=int64), array([21839, 21839, 21833, 21833, 21833, 21833, 21833, 21833, 21833,
       21833, 21833, 21833, 21833, 21833, 21839, 21839, 21843, 21843,
       21839, 21839, 21843, 21843, 21833, 21833, 21833, 21833, 21833,
       21833, 21833, 21833], dtype=int64), array([ 777, 3614, 3614, 3628, 3628, 3614, 3614, 3628, 3628, 3629, 3629,
       3629, 3629, 3650, 3650, 3650, 3650,  777, 3629, 3629, 3629, 3629,
       3643, 3643, 3650, 3650, 3643, 3643, 3650, 3650], dtype=int64), array([30977, 30977, 30977, 30977, 30979, 30979, 30986, 30986, 30979,
       30979, 30986, 30986,   382,   619, 30977, 30977, 30977, 30977,
         382,   619, 30977, 30977, 30977, 30977,   382,   619, 30977,
       30977, 30977, 30977], dtype=int64), array([16515, 16515, 16515, 16515,  1759,  1937, 16515, 16515, 16515,
       16515, 16524, 16524, 16524, 16524,  1759,  1937, 16515, 16515,
       16515, 16515,  1759,  1937, 16515, 16515, 16515, 16515, 16516,
       16516, 16516, 16516], dtype=int64), array([ 209, 1330, 9526, 9526, 9526, 9526, 9527, 9527, 9533, 9533, 9527,
       9527, 9533, 9533,  209, 1330, 9526, 9526, 9526, 9526, 9537, 9537,
       9537, 9537,  209, 1330, 9526, 9526, 9526, 9526], dtype=int64), array([8423, 8423, 8423, 8423, 8435, 8435, 8435, 8435, 8451, 8451, 8458,
       8458, 8459, 8459, 8451, 8451, 8458, 8458, 8459, 8459, 1032, 1470,
       8435, 8435, 8435, 8435, 8451, 8451, 8451, 8451], dtype=int64), array([8757, 8757, 8748, 8748, 8757, 8757, 8765, 8765, 8765, 8765,  334,
       1981, 8765, 8765, 8765, 8765,  334, 1981, 8751, 8751, 8751, 8751,
       8765, 8765, 8765, 8765, 8768, 8768, 8768, 8768], dtype=int64), array([17429, 17429, 17429, 17429, 17435, 17435, 17435, 17435,   208,
       17435, 17435, 17435, 17435, 17439, 17439, 17442, 17442, 17439,
       17439, 17442, 17442,   208, 17419, 17419, 17419, 17419, 17435,
       17435, 17435, 17435], dtype=int64), array([8290, 8290,  200, 1408, 8290, 8290, 8290, 8290, 8296, 8296, 8296,
       8296,  200, 1408, 8290, 8290, 8290, 8290, 8291, 8291, 8293, 8293,
       8297, 8297, 8291, 8291, 8293, 8293, 8297, 8297], dtype=int64), array([14551, 14551, 14558, 14558, 14563, 14563, 14558, 14558, 14563,
       14563,   210,   752,   987,  1347, 14525, 14525, 14528, 14528,
       14543, 14543, 14525, 14525, 14528, 14528, 14543, 14543, 14551,
       14551, 14551, 14551], dtype=int64), array([2636, 2641, 2641, 2643, 2643, 2653, 2653, 2641, 2641, 2643, 2643,
       2653, 2653,  636,  867, 1388, 1632, 1841, 2636, 2636, 2636, 2636,
       2653, 2653, 2654, 2654, 2653, 2653, 2654, 2654], dtype=int64), array([16018, 16018, 15999, 15999, 16015, 16015, 16018, 16018,   217,
         219, 15985, 15985, 15986, 15986, 15985, 15985, 15986, 15986,
       15991, 15991, 15991, 15991, 15993, 15993, 15998, 15998, 15993,
       15993, 15998, 15998], dtype=int64), array([2649, 2649, 2647, 2647, 2648, 2648, 2649, 2649, 2657, 2657, 2657,
       2657, 2660, 2660, 2660, 2660,  636, 1388, 2647, 2647, 2655, 2655,
       2647, 2647, 2655, 2655, 2657, 2657, 2657, 2657], dtype=int64), array([13831, 13831, 13843, 13843, 13843, 13843,    72,   459, 13843,
       13843, 13843, 13843, 13853, 13853, 13862, 13862, 13870, 13870,
       13853, 13853, 13862, 13862, 13870, 13870,    72,   459, 13843,
       13843, 13843, 13843], dtype=int64), array([ 1270,  1897, 10080, 10080, 10080, 10080, 10082, 10082, 10082,
       10082,  1270,  1897, 10080, 10080, 10080, 10080, 10082, 10082,
       10082, 10082,  1270,  1897, 10080, 10080, 10080, 10080, 10092,
       10092, 10092, 10092], dtype=int64), array([10443, 10443, 10447, 10447, 10447, 10447, 10450, 10450, 10452,
       10452, 10456, 10456, 10459, 10459, 10471, 10471, 10472, 10472,
       10450, 10450, 10452, 10452, 10456, 10456, 10459, 10459, 10471,
       10471, 10472, 10472], dtype=int64), array([1674, 1806, 7045, 7045, 7105, 7105, 7106, 7106, 7045, 7045, 7105,
       7105, 7106, 7106, 7579, 7579, 7579, 7579, 7582, 7582, 7765, 7765,
       7827, 7827, 7582, 7582, 7765, 7765, 7827, 7827], dtype=int64), array([ 179,  491, 1329, 1500, 7470, 7470, 7473, 7473, 7485, 7485, 7470,
       7470, 7473, 7473, 7485, 7485, 7493, 7493, 7493, 7493], dtype=int64), array([31737, 31737, 31737, 31739, 31739, 31740, 31740, 31739, 31739,
       31740, 31740,   992, 31737, 31737, 31737, 31737,   992, 31737,
       31737, 31737, 31737,   992, 31737, 31737, 31737, 31737, 31744,
       31744, 31744, 31744], dtype=int64), array([30615, 30615, 30615, 30615, 30621, 30621, 30625, 30625, 30621,
       30621, 30625, 30625,   150,   958, 30615, 30615, 30615, 30615,
       30618, 30618, 30633, 30633, 30634, 30634, 30618, 30618, 30633,
       30633, 30634, 30634], dtype=int64), array([17362, 17362, 17362, 17362, 17368, 17368, 17368, 17368,   882,
       17358, 17358, 17358, 17358, 17362, 17362, 17362, 17362, 17368,
       17368, 17368, 17368,   882, 17362, 17362, 17362, 17362, 17368,
       17368, 17368, 17368], dtype=int64), array([ 1113,  1750, 15667, 15667, 15670, 15670, 15679, 15679, 15667,
       15667, 15670, 15670, 15679, 15679, 15681, 15681, 15681, 15681,
       15688, 15688, 15696, 15696, 15699, 15699, 15688, 15688, 15696,
       15696, 15699, 15699], dtype=int64), array([10450, 10450, 10452, 10452, 10452, 10452, 10455, 10455, 10458,
       10458, 10465, 10465, 10471, 10471, 10472, 10472, 10475, 10475,
       10455, 10455, 10458, 10458, 10465, 10465, 10471, 10471, 10472,
       10472, 10475, 10475], dtype=int64), array([5808, 5825, 5825, 5825, 5825, 5829, 5829, 5852, 5852, 5829, 5829,
       5852, 5852, 1679, 5800, 5800, 5814, 5814, 5821, 5821, 5800, 5800,
       5814, 5814, 5821, 5821, 5825, 5825, 5825, 5825], dtype=int64), array([7380, 7380, 7382, 7382, 7377, 7377, 7380, 7380, 7382, 7382,  350,
       1136, 1263, 1438, 7356, 7356, 7356, 7356, 7372, 7372, 7372, 7372,
       7381, 7381, 7387, 7387, 7381, 7381, 7387, 7387], dtype=int64), array([14029, 14029, 14031, 14031, 14050, 14050, 14060, 14060,  1287,
        1493, 13973, 13973, 13973, 13973, 13985, 13985, 13985, 13985,
       14007, 14007, 14029, 14029, 14050, 14050, 14007, 14007, 14029,
       14029, 14050, 14050], dtype=int64), array([20036, 20036, 20036, 20036, 20043, 20043, 20047, 20047, 20043,
       20043, 20047, 20047,    24,   569, 20027, 20027, 20031, 20031,
       20027, 20027, 20031, 20031, 20036, 20036, 20036, 20036, 20047,
       20047, 20047, 20047], dtype=int64), array([11752, 11752, 11752, 11752, 11760, 11760, 11760, 11760,  1566,
       11752, 11752, 11752, 11752, 11760, 11760, 11760, 11760,  1566,
       11752, 11752, 11759, 11759, 11752, 11752, 11759, 11759, 11760,
       11760, 11760, 11760], dtype=int64), array([16902, 16902, 16906, 16906, 16902, 16902, 16906, 16906, 16914,
       16914, 16914, 16914,   403,  1461, 16894, 16894, 16894, 16894,
       16914, 16914, 16914, 16914, 16919, 16919, 16926, 16926, 16919,
       16919, 16926, 16926], dtype=int64), array([18273, 18273, 18273, 18273,  1964,  1987, 18270, 18270, 18270,
       18270, 18284, 18284, 18284, 18284,  1964,  1987, 18270, 18270,
       18270, 18270,  1964,  1987, 18270, 18270, 18270, 18270, 18278,
       18278, 18278, 18278], dtype=int64), array([31205, 31205, 31218, 31218,   536,   969,  1224, 31198, 31198,
       31198, 31198, 31212, 31212, 31212, 31212,   536,   969,  1224,
       31198, 31198, 31198, 31198, 31199, 31199, 31215, 31215, 31199,
       31199, 31215, 31215], dtype=int64), array([17198, 17198, 17198, 17198, 17237, 17237, 17248, 17248, 17237,
       17237, 17248, 17248,   961,  1688, 17081, 17081, 17081, 17081,
       17198, 17198, 17198, 17198, 17240, 17240, 17243, 17243, 17240,
       17240, 17243, 17243], dtype=int64), array([21639, 21639, 21639, 21639, 21685, 21685, 21695, 21695, 21685,
       21685, 21695, 21695,  1305, 21639, 21639, 21639, 21639, 21657,
       21657, 21685, 21685, 21657, 21657, 21685, 21685,  1305, 21639,
       21639, 21639, 21639], dtype=int64), array([  409,   468,   570,   877,   926,  1512, 16143, 16143, 16152,
       16152, 16143, 16143, 16152, 16152, 16160, 16160, 16160, 16160,
       16167, 16167, 16169, 16169, 16181, 16181, 16167, 16167, 16169,
       16169, 16181, 16181], dtype=int64), array([25603, 25603,   483, 25597, 25597, 25597, 25597,   483, 25597,
       25597, 25597, 25597,   483, 25597, 25597, 25597, 25597, 25664,
       25664, 25664, 25664,   483, 25597, 25597, 25597, 25597, 25682,
       25682, 25682, 25682], dtype=int64), array([21602, 21602, 21602, 21606, 21606, 21606, 21606,  1925, 21602,
       21602, 21602, 21602,  1925, 21548, 21548, 21600, 21600, 21548,
       21548, 21600, 21600, 21602, 21602, 21602, 21602,  1925, 21602,
       21602, 21602, 21602], dtype=int64), array([  311, 26833, 26833, 26833, 26833, 26854, 26854, 26963, 26963,
       26854, 26854, 26963, 26963,   311, 26832, 26832, 26832, 26832,
       26833, 26833, 26833, 26833, 26834, 26834, 26836, 26836, 26834,
       26834, 26836, 26836], dtype=int64), array([16320,  1598, 16320, 16320, 16320, 16320,  1598, 16320, 16320,
       16320, 16320,  1598, 16320, 16320, 16320, 16320,  1598, 16312,
       16312, 16312, 16312, 16320, 16320, 16320, 16320,  1598, 16320,
       16320, 16320, 16320], dtype=int64), array([32101, 32101, 32101,   694, 32097, 32097, 32097, 32097, 32100,
       32100, 32100, 32100,   694, 32097, 32097, 32097, 32097,   694,
       32089, 32089, 32095, 32095, 32089, 32089, 32095, 32095, 32097,
       32097, 32097, 32097], dtype=int64), array([15748, 15748, 15760, 15760, 15760, 15760,  1793,  1827, 15741,
       15741, 15741, 15741, 15748, 15748, 15748, 15748,  1793,  1827,
       15724, 15724, 15733, 15733, 15724, 15724, 15733, 15733, 15748,
       15748, 15748, 15748], dtype=int64), array([26602, 26602,  1249, 26602, 26602, 26602, 26602,  1249, 26602,
       26602, 26602, 26602, 26606, 26606, 26606, 26606,  1249, 26602,
       26602, 26602, 26602, 26606, 26606, 26606, 26606,  1249, 26602,
       26602, 26602, 26602], dtype=int64), array([20012, 20013, 20013, 20013, 20013,   286, 20007, 20007, 20009,
       20009, 20010, 20010, 20011, 20011, 20012, 20012, 20007, 20007,
       20009, 20009, 20010, 20010, 20011, 20011, 20012, 20012, 20013,
       20013, 20013, 20013], dtype=int64), array([3251, 3251, 3251,  510, 3235, 3235, 3235, 3235, 3251, 3251, 3251,
       3251,  510, 3241, 3241, 3249, 3249, 3241, 3241, 3249, 3249, 3251,
       3251, 3251, 3251,  510, 3251, 3251, 3251, 3251], dtype=int64), array([25164, 25164, 25164, 25164,   123,   881, 25163, 25163, 25163,
       25163, 25164, 25164, 25164, 25164,   123,   881, 25145, 25145,
       25145, 25145, 25164, 25164, 25164, 25164,   123,   881, 25164,
       25164, 25164, 25164], dtype=int64), array([4240, 4240, 4240, 4253, 4253, 4253, 4253,  268, 1777, 1908, 4165,
       4165, 4187, 4187, 4216, 4216, 4165, 4165, 4187, 4187, 4216, 4216,
       4240, 4240, 4240, 4240, 4241, 4241, 4241, 4241], dtype=int64), array([  691, 14786, 14786, 14789, 14789, 14786, 14786, 14789, 14789,
       14790, 14790, 14790, 14790, 14794, 14794, 14794, 14794,   691,
       14790, 14790, 14790, 14790, 14803, 14803, 14805, 14805, 14803,
       14803, 14805, 14805], dtype=int64), array([ 1440, 20743, 20743, 20752, 20752, 20743, 20743, 20752, 20752,
       20754, 20754, 20754, 20754,  1440, 20754, 20754, 20754, 20754],
      dtype=int64), array([21320, 21320,   224,   462,  1810,  1902, 21297, 21297, 21304,
       21304, 21307, 21307, 21308, 21308, 21312, 21312, 21297, 21297,
       21304, 21304, 21307, 21307, 21308, 21308, 21312, 21312, 21320,
       21320, 21320, 21320], dtype=int64), array([17523, 17523, 17516, 17516, 17519, 17519, 17523, 17523, 17530,
       17530, 17530, 17530,  1463, 17516, 17516, 17518, 17518, 17516,
       17516, 17518, 17518, 17530, 17530, 17530, 17530,  1463, 17530,
       17530, 17530, 17530], dtype=int64), array([ 1141, 27571, 27571, 27571, 27571,  1141, 27571, 27571, 27571,
       27571, 27584, 27584, 27584, 27584], dtype=int64), array([7583, 7583, 7815, 7815, 7819, 7819,  538, 1220, 1350, 1674, 6998,
       6998, 7106, 7106, 6998, 6998, 7106, 7106, 7148, 7148, 7148, 7148,
       7579, 7579, 7824, 7824, 7579, 7579, 7824, 7824], dtype=int64), array([19747, 19747, 19747, 19747, 19805, 19805, 19805, 19805,   626,
         728, 19724, 19724, 19731, 19731, 19724, 19724, 19731, 19731,
       19747, 19747, 19747, 19747, 19760, 19760, 19773, 19773, 19760,
       19760, 19773, 19773], dtype=int64), array([19302, 19302, 19302, 19303, 19303, 19303, 19303,   628, 19303,
       19303, 19303, 19303, 19370, 19370, 19370, 19370,   628, 19303,
       19303, 19303, 19303, 19370, 19370, 19370, 19370,   628, 19303,
       19303, 19303, 19303], dtype=int64), array([ 907, 4154, 4154, 4154, 4154, 4162, 4162, 4162, 4162, 4166, 4166,
       4172, 4172, 4166, 4166, 4172, 4172,  907, 4156, 4156, 4156, 4156,
       4162, 4162, 4162, 4162, 4171, 4171, 4171, 4171], dtype=int64), array([13879, 13879, 13884, 13884, 13877, 13877, 13879, 13879, 13884,
       13884,    72,   459,   568,  1968, 13853, 13853, 13873, 13873,
       13853, 13853, 13873, 13873, 13876, 13876, 13876, 13876, 13887,
       13887, 13887, 13887], dtype=int64), array([22079, 22080, 22080, 22064, 22064, 22079, 22079, 22080, 22080,
         707, 22052, 22052, 22059, 22059, 22052, 22052, 22059, 22059,
       22062, 22062, 22062, 22062, 22079, 22079, 22080, 22080, 22079,
       22079, 22080, 22080], dtype=int64), array([16872, 16872, 16858, 16858, 16872, 16872,   623,   804,  1061,
        1650, 16842, 16842, 16842, 16842, 16849, 16849, 16849, 16849,
         623,   804,  1061,  1650, 16849, 16849, 16849, 16849, 16860,
       16860, 16860, 16860], dtype=int64), array([3325, 3325, 3325, 3333, 3333, 3333, 3333,  734, 3333, 3333, 3333,
       3333, 3341, 3341, 3342, 3342, 3341, 3341, 3342, 3342,  734, 3333,
       3333, 3333, 3333,  734, 3333, 3333, 3333, 3333], dtype=int64), array([22565, 22565, 22565, 22565,    36,   254,  1146, 22445, 22445,
       22480, 22480, 22445, 22445, 22480, 22480, 22525, 22525, 22525,
       22525,    36,   254,  1146, 22525, 22525, 22525, 22525, 22556,
       22556, 22556, 22556], dtype=int64), array([ 867, 1632, 1841, 2602, 2602, 2602, 2602, 2613, 2613, 2613, 2613,
        867, 1632, 1841, 2602, 2602, 2602, 2602, 2625, 2625, 2625, 2625],
      dtype=int64), array([12513, 12513, 12519, 12519, 12523, 12523, 12510, 12510, 12511,
       12511, 12513, 12513, 12519, 12519, 12523, 12523,   236,   480,
       12463, 12463, 12463, 12463, 12507, 12507, 12507, 12507, 12511,
       12511, 12511, 12511], dtype=int64), array([6991, 6991, 1445, 6991, 6991, 6991, 6991, 1445, 6975, 6975, 6975,
       6975, 6991, 6991, 6991, 6991, 1445, 6991, 6991, 6991, 6991, 1445,
       6983, 6983, 6983, 6983, 6991, 6991, 6991, 6991], dtype=int64), array([19824, 19824, 19824, 19825, 19825, 19825, 19825,  1214, 19825,
       19825, 19825, 19825,  1214, 19812, 19812, 19812, 19812, 19825,
       19825, 19825, 19825,  1214, 19824, 19824, 19824, 19824, 19825,
       19825, 19825, 19825], dtype=int64), array([12516, 12516, 12517, 12517, 12514, 12514, 12516, 12516, 12517,
       12517,   236,   480, 12470, 12470, 12470, 12470, 12512, 12512,
       12512, 12512,   236,   480, 12469, 12469, 12469, 12469, 12512,
       12512, 12512, 12512], dtype=int64), array([7476, 7477, 7477, 7476, 7476, 7477, 7477, 7481, 7481, 7481, 7481,
       7493, 7493, 7493, 7493,  179,  491, 1500, 7481, 7481, 7481, 7481,
       7491, 7491, 7493, 7493, 7491, 7491, 7493, 7493], dtype=int64), array([], dtype=int64), array([32099, 32101, 32101, 32095, 32095, 32097, 32097, 32098, 32098,
       32099, 32099, 32101, 32101,   694, 32086, 32086, 32086, 32086,
       32091, 32091, 32091, 32091, 32093, 32093, 32097, 32097, 32093,
       32093, 32097, 32097], dtype=int64), array([   84, 11271, 11271, 11271, 11271,    84, 11271, 11271, 11271,
       11271,    84, 11271, 11271, 11271, 11271,    84, 11271, 11271,
       11271, 11271], dtype=int64), array([26064, 26064, 26068, 26068, 26068, 26068,  1560,  1831, 26066,
       26066, 26066, 26066, 26068, 26068, 26068, 26068, 26077, 26077,
       26077, 26077,  1560,  1831, 26066, 26066, 26066, 26066, 26068,
       26068, 26068, 26068], dtype=int64), array([4745, 4745, 4745,  997, 4742, 4742, 4742, 4742, 4745, 4745, 4745,
       4745,  997, 4742, 4742, 4742, 4742, 4745, 4745, 4745, 4745,  997,
       4742, 4742, 4742, 4742, 4745, 4745, 4745, 4745], dtype=int64), array([3723, 3723,  603, 3723, 3723, 3723, 3723,  603, 3714, 3714, 3714,
       3714, 3723, 3723, 3723, 3723, 3724, 3724, 3724, 3724,  603, 3723,
       3723, 3723, 3723,  603, 3723, 3723, 3723, 3723], dtype=int64), array([31139, 31139, 31139, 31146, 31146, 31146, 31146,  1803, 31138,
       31138, 31138, 31138, 31146, 31146, 31146, 31146,  1803, 31146,
       31146, 31146, 31146, 31148, 31148, 31148, 31148,  1803, 31146,
       31146, 31146, 31146], dtype=int64), array([10351, 10351, 10331, 10331, 10336, 10336, 10342, 10342, 10351,
       10351, 10352, 10352, 10352, 10352, 10354, 10354, 10369, 10369,
       10371, 10371, 10372, 10372, 10354, 10354, 10369, 10369, 10371,
       10371, 10372, 10372], dtype=int64), array([17177, 17177, 17177, 17177, 17183, 17183, 17183, 17183,   961,
        1688, 17060, 17060, 17130, 17130, 17147, 17147, 17160, 17160,
       17060, 17060, 17130, 17130, 17147, 17147, 17160, 17160, 17177,
       17177, 17177, 17177], dtype=int64), array([21635, 21635, 21635, 21636, 21636, 21636, 21636,  1823, 21634,
       21634, 21634, 21634, 21636, 21636, 21636, 21636,  1823, 21634,
       21634, 21634, 21634, 21636, 21636, 21636, 21636,  1823, 21636,
       21636, 21636, 21636], dtype=int64), array([ 777, 3643, 3643, 3643, 3643,  777, 3616, 3616, 3628, 3628, 3629,
       3629, 3616, 3616, 3628, 3628, 3629, 3629, 3643, 3643, 3643, 3643,
       3650, 3650, 3654, 3654, 3650, 3650, 3654, 3654], dtype=int64), array([24161, 24161, 24164, 24164, 24164, 24164,  1289, 24162, 24162,
       24162, 24162, 24164, 24164, 24164, 24164,  1289, 24164, 24164,
       24164, 24164,  1289, 24164, 24164, 24164, 24164,  1289, 24164,
       24164, 24164, 24164], dtype=int64), array([  796,  1466,  1829, 26964, 26964, 26966, 26966, 26964, 26964,
       26966, 26966, 26968, 26968, 26968, 26968, 26979, 26979, 26979,
       26979,   796,  1466,  1829, 26968, 26968, 26968, 26968, 26969,
       26969, 26969, 26969], dtype=int64), array([29009, 29009, 29008, 29008, 29009, 29009,  1429,  1550, 29000,
       29000, 29000, 29000, 29003, 29003, 29003, 29003,  1429,  1550,
       28990, 28990, 28990, 28990, 29003, 29003, 29003, 29003, 29011,
       29011, 29011, 29011], dtype=int64), array([2653, 2653, 2657, 2657,  636, 1388, 2647, 2647, 2647, 2647,  636,
       1388, 2625, 2625, 2633, 2633, 2625, 2625, 2633, 2633, 2647, 2647,
       2647, 2647,  636, 1388, 2647, 2647, 2647, 2647], dtype=int64), array([22281, 22281, 22281, 22281,  1358,  1413,  1854, 22268, 22268,
       22268, 22268, 22275, 22275, 22286, 22286, 22275, 22275, 22286,
       22286,  1358,  1413,  1854, 22262, 22262, 22262, 22262, 22268,
       22268, 22268, 22268], dtype=int64), array([9277,  955,  976, 1190, 1868, 1974, 9259, 9259, 9259, 9259, 9271,
       9271, 9272, 9272, 9273, 9273, 9288, 9288, 9297, 9297, 9271, 9271,
       9272, 9272, 9273, 9273, 9288, 9288, 9297, 9297], dtype=int64), array([14571, 14571,   210,   752,   987,  1347, 14526, 14526, 14526,
       14526, 14546, 14546, 14546, 14546,   210,   752,   987,  1347,
       14546, 14546, 14546, 14546, 14550, 14550, 14557, 14557, 14550,
       14550, 14557, 14557], dtype=int64), array([12832, 12832, 12838, 12838, 12838, 12838,  1016,  1108, 12832,
       12832, 12832, 12832, 12835, 12835, 12838, 12838, 12835, 12835,
       12838, 12838,  1016,  1108, 12832, 12832, 12832, 12832, 12843,
       12843, 12843, 12843], dtype=int64), array([1868, 1974, 9257, 9257, 9257, 9257, 9271, 9271, 9275, 9275, 9271,
       9271, 9275, 9275,  955,  976, 1868, 1974, 9252, 9252, 9252, 9252,
       9257, 9257, 9257, 9257, 9271, 9271, 9271, 9271], dtype=int64), array([ 249, 9019, 9019, 9019, 9019, 9025, 9025, 9027, 9027, 9025, 9025,
       9027, 9027,  249, 9019, 9019, 9019, 9019, 9027, 9027, 9028, 9028,
       9030, 9030, 9027, 9027, 9028, 9028, 9030, 9030], dtype=int64), array([27657,   386, 27657, 27657, 27657, 27657,   386, 27657, 27657,
       27657, 27657, 27658, 27658, 27658, 27658,   386, 27657, 27657,
       27657, 27657,   386, 27657, 27657, 27657, 27657,   386, 27657,
       27657, 27657, 27657], dtype=int64), array([7349, 7349, 7351, 7351, 7354, 7354, 7354, 7354, 7372, 7372, 7372,
       7372,  350, 1136, 7339, 7339, 7348, 7348, 7339, 7339, 7348, 7348,
       7354, 7354, 7354, 7354, 7372, 7372, 7372, 7372], dtype=int64), array([ 1645,  1933, 23173, 23173, 23175, 23175, 23190, 23190, 23173,
       23173, 23175, 23175, 23190, 23190, 23192, 23192, 23192, 23192,
       23196, 23196, 23199, 23199, 23211, 23211, 23196, 23196, 23199,
       23199, 23211, 23211], dtype=int64), array([16796, 16802, 16802, 16816, 16816, 16819, 16819,     7,    96,
         323,   563,   949,  1469,  1895, 16694, 16694, 16694, 16694,
       16792, 16792, 16809, 16809, 18467, 18467, 16792, 16792, 16809,
       16809, 18467, 18467], dtype=int64), array([17281, 17281,  1117,  1754, 17269, 17269, 17269, 17269,  1117,
        1754, 17269, 17269, 17269, 17269,  1117,  1754, 17269, 17269,
       17269, 17269,  1117,  1754, 17258, 17258, 17258, 17258, 17269,
       17269, 17269, 17269], dtype=int64), array([  563,   917,   939,   949,  1427,  1469, 16824, 16824, 16824,
       16824, 16883, 16883, 16883, 16883, 16928, 16928, 16937, 16937,
       16957, 16957, 16995, 16995, 16928, 16928, 16937, 16937, 16957,
       16957, 16995, 16995], dtype=int64), array([31615, 31615, 31618, 31618, 31615, 31615, 31618, 31618,  1521,
       31608, 31608, 31608, 31608, 31609, 31609, 31609, 31609,  1521,
       31609, 31609, 31609, 31609, 31612, 31612, 31618, 31618, 31612,
       31612, 31618, 31618], dtype=int64), array([13170, 13170, 13359, 13359,   927,   937,  1210,  1326,  1649,
        1898, 12719, 12719, 12719, 12719, 12968, 12968, 12968, 12968,
       13160, 13160, 13161, 13161, 13233, 13233, 13160, 13160, 13161,
       13161, 13233, 13233], dtype=int64), array([21051, 21051, 21051, 21051, 21062, 21062, 21062, 21062,   197,
       21054, 21054, 21054, 21054, 21062, 21062, 21062, 21062,   197,
       21054, 21054, 21054, 21054, 21062, 21062, 21062, 21062, 21064,
       21064, 21064, 21064], dtype=int64), array([16123, 16123, 16124, 16124, 16142, 16142, 16147, 16147,    67,
         926, 16113, 16113, 16113, 16113, 16121, 16121, 16121, 16121,
       16123, 16123, 16147, 16147, 16150, 16150, 16123, 16123, 16147,
       16147, 16150, 16150], dtype=int64), array([1742, 7239, 7239, 7247, 7247, 7258, 7258, 7239, 7239, 7247, 7247,
       7258, 7258, 7260, 7260, 7260, 7260], dtype=int64), array([17746, 17751, 17751, 17760, 17760, 17739, 17739, 17740, 17740,
       17745, 17745, 17746, 17746, 17751, 17751, 17760, 17760,    81,
         299,   310,   913,  1266, 17724, 17724, 17724, 17724, 17738,
       17738, 17738, 17738], dtype=int64), array([19992, 19992, 19978, 19978, 19992, 19992,   120,   327,  1380,
        1640, 19962, 19962, 19966, 19966, 19973, 19973, 19962, 19962,
       19966, 19966, 19973, 19973, 19976, 19976, 19976, 19976, 19992,
       19992, 19992, 19992], dtype=int64), array([31199, 31199, 31199,   536,  1224,  1711, 31166, 31166, 31170,
       31170, 31171, 31171, 31175, 31175, 31166, 31166, 31170, 31170,
       31171, 31171, 31175, 31175, 31181, 31181, 31181, 31181, 31188,
       31188, 31188, 31188], dtype=int64), array([20377, 20377, 20378, 20378, 20388, 20388, 20378, 20378, 20388,
       20388,    71,   206,   657,   659, 20356, 20356, 20367, 20367,
       20356, 20356, 20367, 20367, 20377, 20377, 20377, 20377, 20390,
       20390, 20390, 20390], dtype=int64), array([17204, 17204, 17204, 17204,   104,   370, 17186, 17186, 17196,
       17196, 17186, 17186, 17196, 17196, 17202, 17202, 17202, 17202,
       17214, 17214, 17218, 17218, 17220, 17220, 17214, 17214, 17218,
       17218, 17220, 17220], dtype=int64), array([21565, 21565, 21565,  1486, 21558, 21558, 21558, 21558, 21566,
       21566, 21566, 21566,  1486, 21558, 21558, 21558, 21558, 21559,
       21559, 21559, 21559,  1486, 21558, 21558, 21558, 21558, 21562,
       21562, 21562, 21562], dtype=int64), array([13805, 13806, 13806, 13810, 13810,   383, 13786, 13786, 13791,
       13791, 13792, 13792, 13786, 13786, 13791, 13791, 13792, 13792,
       13802, 13802, 13802, 13802, 13805, 13805, 13819, 13819, 13805,
       13805, 13819, 13819], dtype=int64), array([12612, 12612, 12615, 12615, 12620, 12620, 12611, 12611, 12612,
       12612, 12615, 12615, 12620, 12620,  1199,  1680,  1982,  1990,
       12591, 12591, 12591, 12591, 12607, 12607, 12607, 12607, 12611,
       12611, 12611, 12611], dtype=int64), array([33315, 33315, 33315, 33315,  1468,  1948, 33311, 33311, 33311,
       33311, 33319, 33319, 33319, 33319,  1468,  1948, 33311, 33311,
       33311, 33311,  1468,  1948, 33310, 33310, 33310, 33310, 33311,
       33311, 33311, 33311], dtype=int64), array([12832, 12832, 12781, 12781, 12782, 12782, 12832, 12832, 12834,
       12834, 12834, 12834,  1016,  1108, 12785, 12785, 12785, 12785,
       12834, 12834, 12834, 12834, 12837, 12837, 12843, 12843, 12837,
       12837, 12843, 12843], dtype=int64), array([17888, 17888, 17896, 17896, 17901, 17901, 17904, 17904, 17907,
       17907, 17907, 17907, 17922, 17922, 17922, 17922,   147,   228,
       17904, 17904, 17904, 17904, 17907, 17907, 17907, 17907, 17921,
       17921, 17921, 17921], dtype=int64), array([], dtype=int64), array([20412, 20418, 20418, 20418, 20418, 20423, 20423, 20423, 20423,
          75, 20412, 20412, 20412, 20412, 20418, 20418, 20418, 20418,
       20423, 20423, 20425, 20425, 20434, 20434, 20423, 20423, 20425,
       20425, 20434, 20434], dtype=int64), array([  798,  1418, 17120, 17120, 17120, 17120,   798,  1418, 17108,
       17108, 17115, 17115, 17108, 17108, 17115, 17115, 17120, 17120,
       17120, 17120,   798,  1418, 17109, 17109, 17109, 17109, 17120,
       17120, 17120, 17120], dtype=int64), array([  256, 10141, 10141, 10141, 10141, 10161, 10161, 10161, 10161,
         256, 10136, 10136, 10136, 10136, 10141, 10141, 10141, 10141,
       10142, 10142, 10145, 10145, 10162, 10162, 10142, 10142, 10145,
       10145, 10162, 10162], dtype=int64), array([33500, 33500, 33501, 33501, 33501, 33501,   635,  1122,  1601,
        1954, 33501, 33501, 33501, 33501,   635,  1122,  1601,  1954,
       33501, 33501, 33501, 33501,   635,  1122,  1601,  1954, 33501,
       33501, 33501, 33501], dtype=int64), array([ 1139,  1344, 14180, 14180, 14180, 14180, 14188, 14188, 14188,
       14188,  1139,  1344, 14188, 14188, 14188, 14188,  1139,  1344,
       14188, 14188, 14188, 14188], dtype=int64), array([16250, 16250, 16250, 16250,   638,  1883, 15562, 15562, 15562,
       15562, 16245, 16245, 16245, 16245, 16252, 16252, 16252, 16252,
         638,  1883, 16245, 16245, 16245, 16245,   638,  1883, 16245,
       16245, 16245, 16245], dtype=int64), array([22772, 22772, 22772, 22772, 22774, 22774, 22774, 22774, 22776,
       22776, 22776, 22776,  1957, 22774, 22774, 22774, 22774, 22776,
       22776, 22783, 22783, 22776, 22776, 22783, 22783,  1957, 22774,
       22774, 22774, 22774], dtype=int64), array([13340, 13344, 13344, 13344, 13344, 13349, 13349, 13358, 13358,
       13349, 13349, 13358, 13358,   556, 13344, 13344, 13344, 13344,
       13345, 13345, 13349, 13349, 13354, 13354, 13345, 13345, 13349,
       13349, 13354, 13354], dtype=int64), array([   33, 26431, 26431, 26431, 26431,    33, 26431, 26431, 26431,
       26431,    33, 26431, 26431, 26431, 26431,    33, 26431, 26431,
       26431, 26431, 26432, 26432, 26432, 26432], dtype=int64), array([25589, 25589,   169,  1389, 25575, 25575, 25575, 25575, 25577,
       25577, 25577, 25577, 25582, 25582, 25582, 25582,   169,  1389,
       25568, 25568, 25575, 25575, 25568, 25568, 25575, 25575, 25577,
       25577, 25577, 25577], dtype=int64), array([19791, 19797, 19797, 19788, 19788, 19791, 19791, 19797, 19797,
       19799, 19799, 19799, 19799, 19803, 19803, 19803, 19803,   363,
       19788, 19788, 19790, 19790, 19788, 19788, 19790, 19790, 19799,
       19799, 19799, 19799], dtype=int64), array([  416,  1706, 13212, 13212, 13213, 13213, 13215, 13215, 13212,
       13212, 13213, 13213, 13215, 13215, 13219, 13219, 13219, 13219,
       13229, 13229, 13236, 13236, 13241, 13241, 13229, 13229, 13236,
       13236, 13241, 13241], dtype=int64), array([ 1217,  1421,  1474,  1613, 14217, 14217, 14217, 14217, 14226,
       14226, 14226, 14226, 14241, 14241, 14241, 14241,   154,   539,
        1217,  1421,  1474,  1613, 14226, 14226, 14226, 14226, 14245,
       14245, 14245, 14245], dtype=int64), array([22477, 22477, 22477, 22477, 22479, 22479, 22479, 22479,  1814,
       22477, 22477, 22477, 22477,  1814, 22458, 22458, 22476, 22476,
       22458, 22458, 22476, 22476, 22477, 22477, 22477, 22477, 22486,
       22486, 22486, 22486], dtype=int64), array([21935, 21935,   375,  1115, 21915, 21915, 21919, 21919, 21915,
       21915, 21919, 21919, 21928, 21928, 21928, 21928,   375,  1115,
       21920, 21920, 21920, 21920, 21928, 21928, 21928, 21928, 21938,
       21938, 21938, 21938], dtype=int64), array([6663, 6667, 6667, 6667, 6667, 6671, 6671, 6671, 6671,  215,  458,
        681,  708, 1542, 6649, 6649, 6651, 6651, 6664, 6664, 6649, 6649,
       6651, 6651, 6664, 6664, 6667, 6667, 6667, 6667], dtype=int64), array([19992, 19994, 19994, 19994, 19994, 20014, 20014, 20014, 20014,
         120,   286,   327,  1380,  1640, 19977, 19977, 19977, 19977,
       19994, 19994, 19994, 19994, 20010, 20010, 20014, 20014, 20010,
       20010, 20014, 20014], dtype=int64), array([23944, 23952, 23952, 23952, 23952, 23963, 23963, 23969, 23969,
       23963, 23963, 23969, 23969,   946, 23944, 23944, 23945, 23945,
       23944, 23944, 23945, 23945, 23952, 23952, 23952, 23952, 23961,
       23961, 23961, 23961], dtype=int64), array([10421, 10421, 10438, 10438, 10438, 10438, 10439, 10439, 10444,
       10444, 10448, 10448, 10451, 10451, 10455, 10455, 10458, 10458,
       10439, 10439, 10444, 10444, 10448, 10448, 10451, 10451, 10455,
       10455, 10458, 10458], dtype=int64), array([ 414, 1906, 2156, 2156, 2156, 2156,  414, 1906, 2156, 2156, 2156,
       2156], dtype=int64), array([15231, 15231, 15233, 15233, 15231, 15231, 15233, 15233, 15239,
       15239, 15239, 15239, 15239, 15239, 15239, 15239, 15239, 15239,
       15239, 15239, 15239, 15239, 15239, 15239], dtype=int64), array([7406, 7406, 7406, 7406,   88,  727, 7270, 7270, 7270, 7270, 7386,
       7386, 7386, 7386,   88,  727, 7270, 7270, 7270, 7270,   88,  727,
       7270, 7270, 7270, 7270, 7347, 7347, 7347, 7347], dtype=int64), array([2294, 2294, 2294, 1983, 2294, 2294, 2294, 2294, 1983, 2294, 2294,
       2294, 2294, 2297, 2297, 2302, 2302, 2297, 2297, 2302, 2302, 1983,
       2290, 2290, 2290, 2290, 2294, 2294, 2294, 2294], dtype=int64), array([21664, 21664, 21678, 21678, 21679, 21679,   953, 21643, 21643,
       21643, 21643, 21658, 21658, 21658, 21658,   953, 21658, 21658,
       21658, 21658,   953, 21658, 21658, 21658, 21658,   953, 21658,
       21658, 21658, 21658], dtype=int64), array([23732, 23732, 23732, 23732, 23746, 23746, 23746, 23746,   221,
        1913, 23723, 23723, 23723, 23723, 23732, 23732, 23732, 23732,
       23746, 23746, 23757, 23757, 23758, 23758, 23746, 23746, 23757,
       23757, 23758, 23758], dtype=int64), array([21320, 21320,   224,   462,  1810,  1902, 21288, 21288, 21292,
       21292, 21288, 21288, 21292, 21292, 21300, 21300, 21300, 21300,
       21303, 21303, 21310, 21310, 21320, 21320, 21303, 21303, 21310,
       21310, 21320, 21320], dtype=int64), array([15727, 15727, 15729, 15729, 15733, 15733, 15734, 15734, 15735,
       15735, 15745, 15745,  1464,  1793, 15698, 15698, 15699, 15699,
       15701, 15701, 15698, 15698, 15699, 15699, 15701, 15701, 15720,
       15720, 15720, 15720], dtype=int64), array([ 1766, 10679, 10679, 10680, 10680, 10679, 10679, 10680, 10680,
       10681, 10681, 10681, 10681, 10689, 10689, 10689, 10689,  1766,
       10680, 10680, 10680, 10680, 10681, 10681, 10681, 10681, 10688,
       10688, 10688, 10688], dtype=int64), array([19593, 19593, 19593, 19593, 19595, 19595, 19598, 19598, 19595,
       19595, 19598, 19598,   178,  1125, 19586, 19586, 19586, 19586,
       19593, 19593, 19593, 19593, 19606, 19606, 19609, 19609, 19606,
       19606, 19609, 19609], dtype=int64), array([23834, 23834, 23834, 23834, 23840, 23840, 23840, 23840,   964,
       23823, 23823, 23823, 23823, 23834, 23834, 23834, 23834,   964,
       23832, 23832, 23832, 23832, 23834, 23834, 23834, 23834, 23837,
       23837, 23837, 23837], dtype=int64), array([19137, 19137, 19137, 19137,   272,  1642, 19130, 19130, 19130,
       19130,   272,  1642, 19124, 19124, 19124, 19124, 19130, 19130,
       19130, 19130, 19145, 19145, 19145, 19145,   272,  1642, 19130,
       19130, 19130, 19130], dtype=int64), array([19710, 19710, 19714, 19714, 19710, 19710, 19714, 19714,   851,
       19655, 19655, 19655, 19655, 19714, 19714, 19714, 19714,   851,
       19569, 19569, 19569, 19569, 19655, 19655, 19655, 19655, 19677,
       19677, 19677, 19677], dtype=int64), array([7696, 7696, 7696, 7696, 1872, 7673, 7673, 7673, 7673, 7686, 7686,
       7686, 7686, 1872, 7665, 7665, 7667, 7667, 7671, 7671, 7665, 7665,
       7667, 7667, 7671, 7671, 7686, 7686, 7686, 7686], dtype=int64), array([15267, 15267, 15267, 15267, 15273, 15273, 15273, 15273,  1409,
       15249, 15249, 15252, 15252, 15260, 15260, 15249, 15249, 15252,
       15252, 15260, 15260, 15267, 15267, 15267, 15267,  1409, 15267,
       15267, 15267, 15267], dtype=int64), array([1633, 2350, 2350, 2350, 2350, 2372, 2372, 2372, 2372,  241,  361,
        970, 1475, 1633, 2347, 2347, 2370, 2370, 2371, 2371, 2347, 2347,
       2370, 2370, 2371, 2371, 2372, 2372, 2372, 2372], dtype=int64), array([20070, 20070, 20070, 20070,   974, 20070, 20070, 20070, 20070,
       20077, 20077, 20085, 20085, 20077, 20077, 20085, 20085,   974,
       20070, 20070, 20070, 20070, 20079, 20079, 20085, 20085, 20079,
       20079, 20085, 20085], dtype=int64), array([10353, 10330, 10330, 10331, 10331, 10353, 10353,    13,   977,
        1281, 10329, 10329, 10329, 10329, 10340, 10340, 10342, 10342,
       10346, 10346, 10354, 10354, 10340, 10340, 10342, 10342, 10346,
       10346, 10354, 10354], dtype=int64), array([29819, 29819, 29819, 29821, 29821, 29821, 29821,   100, 29821,
       29821, 29821, 29821, 29826, 29826, 29826, 29826,   100, 29821,
       29821, 29821, 29821, 29826, 29826, 29826, 29826,   100, 29821,
       29821, 29821, 29821], dtype=int64), array([14528, 14528, 14543, 14543, 14543, 14543, 14551, 14551, 14551,
       14551,   210,   752,   987,  1347, 14543, 14543, 14543, 14543,
       14550, 14550, 14551, 14551, 14553, 14553, 14550, 14550, 14551,
       14551, 14553, 14553], dtype=int64), array([ 1117,  1548,  1754, 17276, 17276, 17276, 17276,  1117,  1548,
        1754, 17276, 17276, 17276, 17276, 17283, 17283, 17283, 17283],
      dtype=int64), array([29638, 29638, 29650, 29650, 29651, 29651, 29638, 29638, 29650,
       29650, 29651, 29651,    41,   650, 29636, 29636, 29636, 29636,
       29637, 29637, 29637, 29637, 29648, 29648, 29651, 29651, 29648,
       29648, 29651, 29651], dtype=int64), array([25200, 25200, 25200, 25200, 25201, 25201, 25201, 25201, 25203,
       25203, 25203, 25203,  1476, 25201, 25201, 25201, 25201,  1476,
       25201, 25201, 25201, 25201, 25205, 25205, 25209, 25209, 25205,
       25205, 25209, 25209], dtype=int64), array([4488, 4488, 4488, 1020, 4484, 4484, 4484, 4484, 4488, 4488, 4488,
       4488, 1020, 4488, 4488, 4488, 4488, 4489, 4489, 4489, 4489, 1020,
       4476, 4476, 4476, 4476, 4488, 4488, 4488, 4488], dtype=int64), array([29311, 29311, 29313, 29313, 29314, 29314, 29314, 29314,  1716,
       29303, 29303, 29310, 29310, 29303, 29303, 29310, 29310, 29314,
       29314, 29314, 29314,  1716, 29305, 29305, 29305, 29305, 29314,
       29314, 29314, 29314], dtype=int64), array([20919,  1943, 20885, 20885, 20886, 20886, 20894, 20894, 20901,
       20901, 20885, 20885, 20886, 20886, 20894, 20894, 20901, 20901,
       20912, 20912, 20912, 20912, 20915, 20915, 20921, 20921, 20915,
       20915, 20921, 20921], dtype=int64), array([19773, 19773, 19776, 19776, 19747, 19747, 19772, 19772, 19773,
       19773, 19776, 19776,   626,   728, 19710, 19710, 19710, 19710,
       19744, 19744, 19744, 19744, 19772, 19772, 19773, 19773, 19772,
       19772, 19773, 19773], dtype=int64), array([23128,   335, 23096, 23096, 23100, 23100, 23104, 23104, 23096,
       23096, 23100, 23100, 23104, 23104, 23108, 23108, 23108, 23108,
       23112, 23112, 23113, 23113, 23128, 23128, 23112, 23112, 23113,
       23113, 23128, 23128], dtype=int64), array([15334, 15334, 15342, 15342, 15334, 15334, 15342, 15342,  1585,
       15316, 15316, 15316, 15316, 15329, 15329, 15329, 15329, 15343,
       15343, 15343, 15343,  1585, 15328, 15328, 15328, 15328, 15329,
       15329, 15329, 15329], dtype=int64), array([], dtype=int64), array([23393, 23393, 23393, 23393,  1045,  1900, 23386, 23386, 23386,
       23386, 23393, 23393, 23393, 23393,  1045,  1900, 23393, 23393,
       23393, 23393,  1045,  1900, 23387, 23387, 23387, 23387, 23393,
       23393, 23393, 23393], dtype=int64), array([12014, 12014, 12022, 12022, 12023, 12023, 12025, 12025, 12014,
       12014, 12022, 12022, 12023, 12023, 12025, 12025,   829, 12013,
       12013, 12013, 12013, 12030, 12030, 12030, 12030,   829, 12013,
       12013, 12013, 12013], dtype=int64), array([14338, 14338,  1299, 14338, 14338, 14338, 14338,  1299, 14338,
       14338, 14338, 14338, 14346, 14346, 14346, 14346,  1299, 14338,
       14338, 14338, 14338, 14343, 14343, 14343, 14343,  1299, 14338,
       14338, 14338, 14338], dtype=int64), array([19797, 19797, 19797, 19797, 19803, 19803, 19803, 19803,   363,
       19797, 19797, 19797, 19797,   363, 19788, 19788, 19791, 19791,
       19788, 19788, 19791, 19791, 19797, 19797, 19797, 19797, 19803,
       19803, 19803, 19803], dtype=int64), array([9123, 9123, 9123, 9123,  407, 1215, 9114, 9114, 9116, 9116, 9117,
       9117, 9114, 9114, 9116, 9116, 9117, 9117, 9123, 9123, 9123, 9123,
       9133, 9133, 9143, 9143, 9133, 9133, 9143, 9143], dtype=int64), array([2469, 2469, 2469, 2469, 2470, 2470, 2470, 2470, 1459, 2469, 2469,
       2469, 2469, 2470, 2470, 2470, 2470, 1459, 2460, 2460, 2463, 2463,
       2460, 2460, 2463, 2463, 2469, 2469, 2469, 2469], dtype=int64), array([14525,   210,   987,  1347, 14521, 14521, 14521, 14521,   210,
         987,  1347, 14514, 14514, 14514, 14514, 14521, 14521, 14521,
       14521, 14532, 14532, 14532, 14532,   210,   987,  1347, 14521,
       14521, 14521, 14521], dtype=int64), array([3935, 3935, 3944, 3944, 3944, 3944,   49, 1669, 3931, 3931, 3939,
       3939, 3931, 3931, 3939, 3939, 3944, 3944, 3944, 3944, 3945, 3945,
       3945, 3945,   49, 1669, 3944, 3944, 3944, 3944], dtype=int64), array([3104, 3104, 3109, 3109, 3110, 3110, 3104, 3104, 3109, 3109, 3110,
       3110, 3117, 3117, 3117, 3117, 1260, 3116, 3116, 3116, 3116, 3117,
       3117, 3117, 3117, 1260, 3117, 3117, 3117, 3117], dtype=int64), array([31895, 31895,   357, 31895, 31895, 31895, 31895,   357, 31895,
       31895, 31895, 31895,   357, 31895, 31895, 31895, 31895, 31907,
       31907, 31907, 31907,   357, 31895, 31895, 31895, 31895, 31898,
       31898, 31898, 31898], dtype=int64), array([  245,  1074,  1307,  1658, 30508, 30508, 30508, 30508,   245,
        1074,  1307,  1658, 30498, 30498, 30498, 30498, 30508, 30508,
       30508, 30508], dtype=int64), array([7245, 7245, 7260, 7260, 7262, 7262, 7262, 7262, 1742, 7262, 7262,
       7262, 7262, 1742, 7239, 7239, 7245, 7245, 7248, 7248, 7239, 7239,
       7245, 7245, 7248, 7248, 7262, 7262, 7262, 7262], dtype=int64), array([   20,   827,  1078, 14863, 14863, 14863, 14863, 14864, 14864,
       14864, 14864,    20,   827,  1078, 14849, 14849, 14863, 14863,
       14849, 14849, 14863, 14863, 14864, 14864, 14864, 14864, 14877,
       14877, 14877, 14877], dtype=int64), array([6883, 1609, 6882, 6882, 6882, 6882, 1609, 6882, 6882, 6882, 6882,
       1609, 6882, 6882, 6882, 6882, 6884, 6884, 6884, 6884, 1609, 6882,
       6882, 6882, 6882, 1609, 6882, 6882, 6882, 6882], dtype=int64), array([ 772, 5833, 5833, 5833, 5833, 5834, 5834, 5834, 5834], dtype=int64), array([12650, 12650, 12653, 12653, 12653, 12653, 12667, 12667, 12670,
       12670, 12667, 12667, 12670, 12670,   808,  1199,  1653,  1980,
       12649, 12649, 12649, 12649, 12653, 12653, 12653, 12653, 12665,
       12665, 12665, 12665], dtype=int64), array([24241, 24243, 24243, 24246, 24246, 24243, 24243, 24246, 24246,
         164, 24240, 24240, 24240, 24240, 24241, 24241, 24241, 24241,
       24247, 24247, 24248, 24248, 24251, 24251, 24247, 24247, 24248,
       24248, 24251, 24251], dtype=int64), array([], dtype=int64), array([ 195,  943, 1611, 1677, 8968, 8968, 8968, 8968, 8969, 8969, 8969,
       8969, 8973, 8973, 8973, 8973,  116,  127,  195,  943, 1611, 1677,
       8961, 8961, 8961, 8961, 8969, 8969, 8969, 8969], dtype=int64), array([15625, 15625, 15625, 15625,   111,   516, 15503, 15503, 15503,
       15503, 15515, 15515, 15515, 15515,   111,   516, 15515, 15515,
       15515, 15515,   111,   516, 15515, 15515, 15515, 15515, 15593,
       15593, 15593, 15593], dtype=int64), array([28965, 28965, 28967, 28967, 28967, 28967, 29027, 29027, 29027,
       29027,  1306,  1396, 28967, 28967, 28967, 28967, 29027, 29027,
       29027, 29027,  1306,  1396, 28817, 28817, 28817, 28817, 28967,
       28967, 28967, 28967], dtype=int64), array([28541, 28537, 28537, 28540, 28540, 28541, 28541,   475, 28536,
       28536, 28536, 28536, 28541, 28541, 28541, 28541,   475, 28536,
       28536, 28536, 28536, 28541, 28541, 28541, 28541,   475, 28536,
       28536, 28536, 28536], dtype=int64), array([28712, 28712, 28715, 28715, 28712, 28712, 28715, 28715,  1951,
       28701, 28701, 28701, 28701, 28711, 28711, 28713, 28713, 28711,
       28711, 28713, 28713,  1951, 28701, 28701, 28701, 28701, 28704,
       28704, 28704, 28704], dtype=int64), array([2015, 2015, 2015, 2015, 2168, 2168, 2168, 2168, 5070, 5070, 5070,
       5070,  361, 1475, 2168, 2168, 2168, 2168, 2319, 2319, 2347, 2347,
       2350, 2350, 2319, 2319, 2347, 2347, 2350, 2350], dtype=int64), array([15040, 15040, 15075, 15075, 15040, 15040, 15075, 15075, 15152,
       15152, 15152, 15152,   204,  1401,  1522, 15032, 15032, 15032,
       15032, 15152, 15152, 15152, 15152,   204,  1401,  1522, 15152,
       15152, 15152, 15152], dtype=int64), array([31523, 31524, 31524, 31523, 31523, 31524, 31524, 31538, 31538,
       31538, 31538, 31548, 31548, 31548, 31548,   112,   504,  1325,
       31523, 31523, 31523, 31523, 31538, 31538, 31538, 31538, 31548,
       31548, 31548, 31548], dtype=int64), array([32757, 32757, 32761, 32761, 32761, 32761,   139,   284,  1083,
        1583, 32761, 32761, 32761, 32761, 32772, 32772, 32772, 32772,
         139,   284,  1083,  1583, 32761, 32761, 32761, 32761, 32764,
       32764, 32764, 32764], dtype=int64), array([ 1714,  1745, 24372, 24372, 24372, 24372, 24374, 24374, 24374,
       24374,  1714,  1745, 24370, 24370, 24370, 24370, 24372, 24372,
       24372, 24372,  1714,  1745, 24370, 24370, 24370, 24370, 24372,
       24372, 24372, 24372], dtype=int64), array([2025, 2025, 2025, 1185, 2024, 2024, 2024, 2024, 2025, 2025, 2025,
       2025, 1185, 2025, 2025, 2025, 2025, 1185, 2024, 2024, 2024, 2024,
       2025, 2025, 2025, 2025, 2042, 2042, 2042, 2042], dtype=int64), array([6304, 6304, 6304,   58, 6304, 6304, 6304, 6304, 6310, 6310, 6310,
       6310,   58, 6303, 6303, 6303, 6303, 6304, 6304, 6304, 6304, 6310,
       6310, 6310, 6310,   58, 6304, 6304, 6304, 6304], dtype=int64), array([6221, 6221,  157, 1888, 6221, 6221, 6221, 6221,  157, 1888, 6221,
       6221, 6221, 6221,  157, 1888, 6215, 6215, 6215, 6215, 6221, 6221,
       6221, 6221,  157, 1888, 6221, 6221, 6221, 6221], dtype=int64), array([11162, 11168, 11168, 11168, 11168, 11173, 11173, 11175, 11175,
       11173, 11173, 11175, 11175,  1492, 11164, 11164, 11164, 11164,
       11168, 11168, 11168, 11168, 11173, 11173, 11174, 11174, 11173,
       11173, 11174, 11174], dtype=int64), array([30320, 30320, 30320, 30320, 30321, 30321, 30321, 30321],
      dtype=int64), array([13774, 13774, 13774, 13774, 13780, 13780, 13780, 13780, 13785,
       13785, 13798, 13798, 13785, 13785, 13798, 13798,   383,  1946,
       13774, 13774, 13774, 13774, 13780, 13780, 13780, 13780, 13791,
       13791, 13791, 13791], dtype=int64), array([33104, 33104, 33105, 33105, 33105, 33105,  1807, 33105, 33105,
       33105, 33105,  1807, 33105, 33105, 33105, 33105,  1807, 33104,
       33104, 33104, 33104, 33105, 33105, 33105, 33105,  1807, 33105,
       33105, 33105, 33105], dtype=int64), array([], dtype=int64), array([19935, 19950, 19950, 19950, 19950, 19962, 19962, 19962, 19962,
        1959, 19926, 19926, 19927, 19927, 19938, 19938, 19926, 19926,
       19927, 19927, 19938, 19938, 19950, 19950, 19950, 19950, 19966,
       19966, 19966, 19966], dtype=int64), array([22811, 22811, 22811, 22811, 22811, 22811, 22811, 22811, 22811,
       22811, 22811, 22811, 22811, 22811, 22811, 22811, 22811, 22811,
       22811, 22811, 22811, 22811, 22811, 22811, 22811, 22811, 22811,
       22811, 22811, 22811], dtype=int64), array([  489,   827,  1078, 14831, 14831, 14831, 14831,   489,   827,
        1078, 14824, 14824, 14825, 14825, 14824, 14824, 14825, 14825,
       14831, 14831, 14831, 14831, 14838, 14838, 14845, 14845, 14838,
       14838, 14845, 14845], dtype=int64), array([20259, 20259, 20259, 20259,  1505, 20230, 20230, 20230, 20230,
       20250, 20250, 20250, 20250, 20256, 20256, 20257, 20257, 20259,
       20259, 20256, 20256, 20257, 20257, 20259, 20259,  1505, 20250,
       20250, 20250, 20250], dtype=int64), array([   32,   275,   610,  1694,  1735, 13477, 13477, 13477, 13477,
          32,   275,   610,  1694,  1735, 13465, 13465, 13473, 13473,
       13475, 13475, 13465, 13465, 13473, 13473, 13475, 13475, 13477,
       13477, 13477, 13477], dtype=int64), array([21398, 21398, 21398, 21398,   916,  1403, 21362, 21362, 21373,
       21373, 21381, 21381, 21362, 21362, 21373, 21373, 21381, 21381,
       21388, 21388, 21388, 21388, 21396, 21396, 21398, 21398, 21396,
       21396, 21398, 21398], dtype=int64), array([ 1540, 20563, 20563, 20563, 20563, 20567, 20567, 20567, 20567],
      dtype=int64), array([3909, 3909, 3909, 1939, 3884, 3884, 3884, 3884, 3909, 3909, 3909,
       3909, 1939, 3909, 3909, 3909, 3909, 1939, 3906, 3906, 3906, 3906,
       3909, 3909, 3909, 3909, 3921, 3921, 3921, 3921], dtype=int64), array([4830, 4830, 4830, 4830,  203,  446, 1192, 4749, 4749, 4757, 4757,
       4749, 4749, 4757, 4757, 4797, 4797, 4797, 4797, 4830, 4830, 4830,
       4830,  203,  446, 1192, 4797, 4797, 4797, 4797], dtype=int64), array([31918,   852, 31918, 31918, 31918, 31918, 31924, 31924, 31924,
       31924,   852, 31918, 31918, 31918, 31918,   852, 31918, 31918,
       31918, 31918,   852, 31918, 31918, 31918, 31918,   852, 31918,
       31918, 31918, 31918], dtype=int64), array([16124, 16124, 16140, 16140, 16119, 16119, 16124, 16124, 16140,
       16140, 16143, 16143, 16143, 16143, 16145, 16145, 16161, 16161,
       16165, 16165, 16167, 16167, 16145, 16145, 16161, 16161, 16165,
       16165, 16167, 16167], dtype=int64), array([22334, 22334, 22334, 22334, 22345, 22345, 22345, 22345,     2,
         438,  1702, 22334, 22334, 22334, 22334, 22337, 22337, 22345,
       22345, 22337, 22337, 22345, 22345,     2,   438,  1702, 22334,
       22334, 22334, 22334], dtype=int64), array([  977,  1281, 10326, 10326, 10328, 10328, 10326, 10326, 10328,
       10328, 10334, 10334, 10334, 10334, 10336, 10336, 10342, 10342,
       10346, 10346, 10356, 10356, 10336, 10336, 10342, 10342, 10346,
       10346, 10356, 10356], dtype=int64), array([8556, 8556, 8556, 8556, 8561, 8561, 8561, 8561, 1247, 8559, 8559,
       8559, 8559, 8561, 8561, 8561, 8561, 1247, 8561, 8561, 8561, 8561,
       8565, 8565, 8567, 8567, 8565, 8565, 8567, 8567], dtype=int64), array([9158, 9158,  262,  378, 9149, 9149, 9149, 9149, 9158, 9158, 9158,
       9158,  262,  378, 9139, 9139, 9150, 9150, 9152, 9152, 9139, 9139,
       9150, 9150, 9152, 9152, 9158, 9158, 9158, 9158], dtype=int64), array([  596,  1069,  1417, 32276, 32276, 32281, 32281, 32276, 32276,
       32281, 32281, 32285, 32285, 32285, 32285,   596,  1069,  1417,
       32285, 32285, 32285, 32285, 32302, 32302, 32304, 32304, 32302,
       32302, 32304, 32304], dtype=int64), array([  664, 13601, 13601, 13605, 13605, 13606, 13606, 13601, 13601,
       13605, 13605, 13606, 13606, 13622, 13622, 13622, 13622,   664,
       13596, 13596, 13603, 13603, 13596, 13596, 13603, 13603, 13622,
       13622, 13622, 13622], dtype=int64), array([22456, 22456, 22457, 22457, 22472, 22472, 22472, 22472, 22482,
       22482, 22482, 22482,    36,   254,  1146, 22472, 22472, 22472,
       22472,    36,   254,  1146, 22472, 22472, 22472, 22472, 22482,
       22482, 22482, 22482], dtype=int64), array([30671, 30671, 30679, 30679, 30671, 30671, 30679, 30679, 30680,
       30680, 30680, 30680, 30689, 30689, 30697, 30697, 30689, 30689,
       30697, 30697,   929,  1629, 30680, 30680, 30680, 30680, 30696,
       30696, 30696, 30696], dtype=int64), array([17733, 17738, 17738, 17738, 17738, 17739, 17739, 17760, 17760,
       17739, 17739, 17760, 17760,    81,   299,   310,   913,  1266,
       17721, 17721, 17721, 17721, 17738, 17738, 17738, 17738, 17755,
       17755, 17755, 17755], dtype=int64), array([20865, 20865, 20865,  1219, 20855, 20855, 20855, 20855, 20859,
       20859, 20859, 20859, 20861, 20861, 20861, 20861,  1219, 20859,
       20859, 20859, 20859,  1219, 20859, 20859, 20859, 20859, 20865,
       20865, 20865, 20865], dtype=int64), array([ 1412, 18659, 18659, 18659, 18659, 18763, 18763, 18763, 18763,
       18770, 18770, 18770, 18770], dtype=int64), array([7103, 7133, 7133, 7133, 7133,  538, 1187, 1220, 1350, 1674, 6937,
       6937, 7000, 7000, 7100, 7100, 6937, 6937, 7000, 7000, 7100, 7100,
       7103, 7103, 7103, 7103, 7579, 7579, 7579, 7579], dtype=int64), array([19732, 19732, 19744, 19744, 19755, 19755, 19760, 19760, 19732,
       19732, 19744, 19744, 19755, 19755, 19760, 19760,   626,   728,
       19730, 19730, 19730, 19730, 19747, 19747, 19774, 19774, 19747,
       19747, 19774, 19774], dtype=int64), array([], dtype=int64), array([26926, 26926, 26926, 26926, 26928, 26928, 26928, 26928,    39,
         733,  1509, 26922, 26922, 26922, 26922, 26926, 26926, 26926,
       26926,    39,   733,  1509, 26926, 26926, 26926, 26926, 26933,
       26933, 26933, 26933], dtype=int64), array([32819, 32819, 32819, 32819, 32823, 32823, 32823, 32823,  1877,
       32818, 32818, 32818, 32818, 32819, 32819, 32819, 32819, 32820,
       32820, 32820, 32820,  1877, 32819, 32819, 32819, 32819, 32821,
       32821, 32821, 32821], dtype=int64), array([2490, 2490, 2496, 2496, 2490, 2490, 2496, 2496, 2499, 2499, 2499,
       2499, 2502, 2502, 2502, 2502,  422, 2499, 2499, 2499, 2499,  422,
       2494, 2494, 2494, 2494, 2499, 2499, 2499, 2499], dtype=int64), array([], dtype=int64), array([18389, 18389, 16707, 16707, 18385, 18385, 18389, 18389, 18483,
       18483, 18483, 18483,     7,    96,   323,  1143,  1469,  1895,
       16683, 16683, 18467, 18467, 16683, 16683, 18467, 18467, 18483,
       18483, 18483, 18483], dtype=int64), array([27309, 27309, 27309, 27312, 27312, 27312, 27312,   237, 27309,
       27309, 27309, 27309,   237, 27309, 27309, 27309, 27309, 27314,
       27314, 27314, 27314,   237, 27309, 27309, 27309, 27309, 27310,
       27310, 27310, 27310], dtype=int64), array([3488, 3488, 3488, 3490, 3490, 3490, 3490,  739, 3487, 3487, 3487,
       3487, 3488, 3488, 3488, 3488,  739, 3488, 3488, 3488, 3488,  739,
       3488, 3488, 3488, 3488, 3490, 3490, 3490, 3490], dtype=int64), array([ 855, 1698, 8848, 8848, 8850, 8850, 8848, 8848, 8850, 8850, 8852,
       8852, 8852, 8852,  855, 1698, 8852, 8852, 8852, 8852,  855, 1698,
       8852, 8852, 8852, 8852, 8857, 8857, 8857, 8857], dtype=int64), array([14805, 14805, 14816, 14816,   691,  1528, 14794, 14794, 14797,
       14797, 14794, 14794, 14797, 14797, 14803, 14803, 14803, 14803,
       14805, 14805, 14806, 14806, 14817, 14817, 14805, 14805, 14806,
       14806, 14817, 14817], dtype=int64), array([13140, 13140, 13140, 13140, 13145, 13145, 13145, 13145, 13147,
       13147, 13147, 13147,   273,  1858, 13138, 13138, 13138, 13138,
       13145, 13145, 13145, 13145, 13150, 13150, 13152, 13152, 13150,
       13150, 13152, 13152], dtype=int64), array([25740, 25740, 25740, 25740, 25749, 25749, 25750, 25750, 25754,
       25754, 25749, 25749, 25750, 25750, 25754, 25754,  1719, 25740,
       25740, 25740, 25740,  1719, 25740, 25740, 25740, 25740, 25751,
       25751, 25751, 25751], dtype=int64), array([15971, 15971,   524,  1864, 15952, 15952, 15952, 15952, 15965,
       15965, 15965, 15965, 15968, 15968, 15968, 15968,   524,  1864,
       15945, 15945, 15945, 15945, 15965, 15965, 15965, 15965, 15968,
       15968, 15968, 15968], dtype=int64), array([10262, 10262, 10257, 10257, 10262, 10262,    94,  1036, 10246,
       10246, 10246, 10246, 10259, 10259, 10263, 10263, 10259, 10259,
       10263, 10263,    94,  1036, 10246, 10246, 10246, 10246, 10248,
       10248, 10248, 10248], dtype=int64), array([   72,   459, 13826, 13826, 13826, 13826, 13840, 13840, 13840,
       13840, 13845, 13845, 13846, 13846, 13847, 13847, 13853, 13853,
       13860, 13860, 13845, 13845, 13846, 13846, 13847, 13847, 13853,
       13853, 13860, 13860], dtype=int64), array([3762, 3762, 3770, 3770, 3770, 3770,   48,  328, 3761, 3761, 3761,
       3761, 3770, 3770, 3770, 3770, 3771, 3771, 3771, 3771,   48,  328,
       3770, 3770, 3770, 3770, 3783, 3783, 3783, 3783], dtype=int64), array([15667, 15659, 15659, 15665, 15665, 15667, 15667, 15680, 15680,
       15680, 15680,   802,  1113,  1750, 15678, 15678, 15678, 15678,
       15680, 15680, 15680, 15680, 15695, 15695, 15699, 15699, 15695,
       15695, 15699, 15699], dtype=int64), array([21540, 21540, 21540, 21540, 21541, 21541, 21547, 21547, 21541,
       21541, 21547, 21547,   360,  1925, 21529, 21529, 21529, 21529,
       21540, 21540, 21540, 21540, 21547, 21547, 21590, 21590, 21547,
       21547, 21590, 21590], dtype=int64), array([  677,   680,  1517, 28610, 28610, 28610, 28610, 28616, 28616,
       28616, 28616, 28618, 28618, 28639, 28639, 28618, 28618, 28639,
       28639,   677,   680,  1517, 28616, 28616, 28616, 28616, 28635,
       28635, 28635, 28635], dtype=int64), array([17614, 17614, 17610, 17610, 17614, 17614,   231,   720, 17603,
       17603, 17603, 17603, 17611, 17611, 17614, 17614, 17611, 17611,
       17614, 17614,   231,   720, 17603, 17603, 17603, 17603, 17607,
       17607, 17607, 17607], dtype=int64), array([18083, 18083, 18066, 18066, 18071, 18071, 18083, 18083, 18088,
       18088, 18088, 18088, 18093, 18093, 18093, 18093,    56,    57,
         778,   932,  1280,  1426, 18088, 18088, 18088, 18088, 18098,
       18098, 18098, 18098], dtype=int64), array([18267, 18282, 18282, 18317, 18317, 18384, 18384, 18384, 18384,
       18413, 18413, 18413, 18413,    96,   168,   255,   599,  1143,
       18117, 18117, 18382, 18382, 18117, 18117, 18382, 18382, 18384,
       18384, 18384, 18384], dtype=int64), array([ 1258,  1901, 20659, 20659, 20659, 20659, 20672, 20672, 20672,
       20672,  1258,  1901, 20672, 20672, 20672, 20672,  1258,  1901,
       20655, 20655, 20655, 20655, 20672, 20672, 20672, 20672, 20676,
       20676, 20676, 20676], dtype=int64), array([13903, 13903, 13903,   420,   568,  1968, 13877, 13877, 13879,
       13879, 13877, 13877, 13879, 13879, 13895, 13895, 13895, 13895,
       13896, 13896, 13897, 13897, 13901, 13901, 13896, 13896, 13897,
       13897, 13901, 13901], dtype=int64), array([16021, 16021, 16025, 16025, 16018, 16018, 16021, 16021, 16025,
       16025,   217,   219,   502,  1531, 16000, 16000, 16000, 16000,
       16012, 16012, 16012, 16012, 16015, 16015, 16022, 16022, 16015,
       16015, 16022, 16022], dtype=int64), array([26092,  1090, 26092, 26092, 26092, 26092,  1090, 26092, 26092,
       26092, 26092,  1090, 26090, 26090, 26090, 26090, 26092, 26092,
       26092, 26092,  1090, 26092, 26092, 26092, 26092,  1090, 26092,
       26092, 26092, 26092], dtype=int64), array([19608, 19657, 19657, 19665, 19665, 19670, 19670, 19657, 19657,
       19665, 19665, 19670, 19670,   851, 19556, 19556, 19556, 19556,
       19608, 19608, 19608, 19608, 19667, 19667, 19670, 19670, 19667,
       19667, 19670, 19670], dtype=int64), array([14263, 14263, 14263, 14263,  1004,  1217,  1676, 14245, 14245,
       14258, 14258, 14245, 14245, 14258, 14258, 14263, 14263, 14263,
       14263,  1004,  1217,  1676, 14257, 14257, 14257, 14257, 14263,
       14263, 14263, 14263], dtype=int64), array([32681, 32681, 32681, 32683, 32683, 32691, 32691, 32683, 32683,
       32691, 32691,  1049,  1778,  1956, 32658, 32658, 32658, 32658,
       32681, 32681, 32681, 32681, 32683, 32683, 32696, 32696, 32683,
       32683, 32696, 32696], dtype=int64), array([  221,  1913, 23712, 23712, 23712, 23712, 23716, 23716, 23717,
       23717, 23722, 23722, 23716, 23716, 23717, 23717, 23722, 23722],
      dtype=int64), array([22352, 22352, 22369, 22369, 22372, 22372, 22369, 22369, 22372,
       22372,   991,  1702, 22352, 22352, 22352, 22352, 22372, 22372,
       22372, 22372,   991,  1702, 22352, 22352, 22352, 22352, 22363,
       22363, 22363, 22363], dtype=int64), array([], dtype=int64), array([30704, 30704, 30704,  1629, 30691, 30691, 30691, 30691, 30695,
       30695, 30695, 30695, 30698, 30698, 30698, 30698,  1629, 30695,
       30695, 30695, 30695,  1629, 30695, 30695, 30695, 30695, 30703,
       30703, 30703, 30703], dtype=int64), array([4819, 4819, 4819,  612, 4819, 4819, 4819, 4819,  612, 4814, 4814,
       4814, 4814, 4819, 4819, 4819, 4819, 4820, 4820, 4824, 4824, 4820,
       4820, 4824, 4824,  612, 4819, 4819, 4819, 4819], dtype=int64), array([14546, 14553, 14553,   210,   987,  1347, 14510, 14510, 14512,
       14512, 14514, 14514, 14526, 14526, 14510, 14510, 14512, 14512,
       14514, 14514, 14526, 14526, 14528, 14528, 14528, 14528, 14546,
       14546, 14546, 14546], dtype=int64), array([12340, 12340, 12341, 12341, 12342, 12342, 12342, 12342, 12406,
       12406, 12406, 12406,   561,   749,   803,   982,  1040,  1105,
       12342, 12342, 12342, 12342, 12346, 12346, 12391, 12391, 12346,
       12346, 12391, 12391], dtype=int64), array([24994, 24994,    63,   301,   505,  1301, 24986, 24986, 24986,
       24986, 24996, 24996, 24996, 24996,    63,   301,   505,  1301,
       24978, 24978, 24980, 24980, 24978, 24978, 24980, 24980, 24986,
       24986, 24986, 24986], dtype=int64), array([31022, 31022, 31024, 31024, 31027, 31027, 31022, 31022, 31024,
       31024, 31027, 31027,  1599, 31012, 31012, 31012, 31012, 31021,
       31021, 31021, 31021,  1599, 31021, 31021, 31021, 31021, 31024,
       31024, 31024, 31024], dtype=int64), array([   76, 27220, 27220, 27220, 27220, 27237, 27237, 27237, 27237,
          76, 27237, 27237, 27237, 27237, 27238, 27238, 27238, 27238],
      dtype=int64), array([21547, 21547, 21590, 21590, 21547, 21547, 21590, 21590, 21600,
       21600, 21600, 21600,  1925, 21547, 21547, 21550, 21550, 21547,
       21547, 21550, 21550, 21600, 21600, 21600, 21600,  1925, 21600,
       21600, 21600, 21600], dtype=int64), array([ 772, 5832, 5832, 5832, 5832, 5835, 5835, 5835, 5835], dtype=int64), array([20163, 20163, 20166, 20166, 20166, 20166,   343,  1311, 20151,
       20151, 20157, 20157, 20151, 20151, 20157, 20157, 20163, 20163,
       20163, 20163,   343,  1311, 20148, 20148, 20148, 20148, 20163,
       20163, 20163, 20163], dtype=int64), array([28811, 28811, 28811, 28811,   651,   706, 28786, 28786, 28791,
       28791, 28793, 28793, 28786, 28786, 28791, 28791, 28793, 28793,
       28796, 28796, 28796, 28796, 28797, 28797, 28805, 28805, 28797,
       28797, 28805, 28805], dtype=int64), array([  932,  1280, 18089, 18089, 18089, 18089, 18092, 18092, 18092,
       18092, 18099, 18099, 18099, 18099,    56,   778,   932,  1280,
       18091, 18091, 18091, 18091, 18092, 18092, 18092, 18092, 18100,
       18100, 18100, 18100], dtype=int64), array([4854, 4854, 4862, 4862, 4862, 4862, 1863, 4854, 4854, 4854, 4854,
       1863, 4854, 4854, 4854, 4854, 1863, 4854, 4854, 4854, 4854, 1863,
       4854, 4854, 4854, 4854, 4863, 4863, 4863, 4863], dtype=int64), array([9188, 9188,  963, 1861, 9188, 9188, 9188, 9188,  963, 1861, 9188,
       9188, 9188, 9188,  963, 1861, 9188, 9188, 9188, 9188, 9191, 9191,
       9191, 9191,  963, 1861, 9188, 9188, 9188, 9188], dtype=int64), array([5398, 5398, 5398, 5398,  662, 1276, 5398, 5398, 5398, 5398,  662,
       1276, 5382, 5382, 5396, 5396, 5382, 5382, 5396, 5396, 5398, 5398,
       5398, 5398,  662, 1276, 5398, 5398, 5398, 5398], dtype=int64), array([13032, 13024, 13024, 13032, 13032, 13037, 13037, 13037, 13037,
         699, 13023, 13023, 13032, 13032, 13023, 13023, 13032, 13032,
       13037, 13037, 13037, 13037, 13055, 13055, 13056, 13056, 13055,
       13055, 13056, 13056], dtype=int64), array([32645, 32645,     5,   896,  1049,  1778, 32623, 32623, 32623,
       32623, 32645, 32645, 32645, 32645, 32646, 32646, 32648, 32648,
       32666, 32666, 32667, 32667, 32646, 32646, 32648, 32648, 32666,
       32666, 32667, 32667], dtype=int64), array([21320, 21320,   224,   462,  1810,  1902, 21309, 21309, 21311,
       21311, 21309, 21309, 21311, 21311, 21320, 21320, 21320, 21320,
         224,   462,  1810,  1902, 21310, 21310, 21310, 21310, 21320,
       21320, 21320, 21320], dtype=int64), array([21984, 21988, 21988, 21982, 21982, 21984, 21984, 21988, 21988,
       21992, 21992, 21992, 21992,  1018, 21978, 21978, 21982, 21982,
       21978, 21978, 21982, 21982, 21992, 21992, 21992, 21992, 21997,
       21997, 21997, 21997], dtype=int64), array([14010, 14010, 14010, 14010,  1591, 13987, 13987, 13987, 13987,
       14010, 14010, 14010, 14010,  1591, 13986, 13986, 14002, 14002,
       13986, 13986, 14002, 14002, 14010, 14010, 14010, 14010, 14013,
       14013, 14013, 14013], dtype=int64), array([9038, 9047, 9047, 9047, 9047, 9061, 9061, 9063, 9063, 9061, 9061,
       9063, 9063, 1660, 9039, 9039, 9044, 9044, 9039, 9039, 9044, 9044,
       9047, 9047, 9047, 9047, 9059, 9059, 9059, 9059], dtype=int64), array([20624,    40,   495,   521,   670,   671,  1096,  1133,  1557,
        1741, 20586, 20586, 20600, 20600, 20586, 20586, 20600, 20600,
       20609, 20609, 20609, 20609, 20616, 20616, 20624, 20624, 20616,
       20616, 20624, 20624], dtype=int64), array([11348, 11348, 11348,   762, 11344, 11344, 11346, 11346, 11344,
       11344, 11346, 11346, 11347, 11347, 11347, 11347,   762, 11347,
       11347, 11347, 11347,   762, 11347, 11347, 11347, 11347, 11356,
       11356, 11356, 11356], dtype=int64), array([20373, 20373,    71,   206,   657,   659, 20367, 20367, 20367,
       20367, 20369, 20369, 20369, 20369,    71,   206,   657,   659,
       20355, 20355, 20355, 20355, 20367, 20367, 20367, 20367, 20371,
       20371, 20371, 20371], dtype=int64), array([7465, 7465, 7472, 7472, 7473, 7473, 7473, 7473,  179,  491, 1500,
       7473, 7473, 7473, 7473, 7476, 7476, 7476, 7476,  179,  491, 1500,
       7473, 7473, 7473, 7473, 7479, 7479, 7479, 7479], dtype=int64), array([11472, 11472, 11472, 11472, 11474, 11474, 11474, 11474,   106,
         122, 11474, 11474, 11474, 11474,   106,   122, 11474, 11474,
       11474, 11474,   106,   122, 11474, 11474, 11474, 11474, 11477,
       11477, 11477, 11477], dtype=int64), array([17375, 17375, 17352, 17352, 17375, 17375,   456,   646, 17335,
       17335, 17335, 17335, 17352, 17352, 17352, 17352,   456,   646,
       17335, 17335, 17335, 17335, 17354, 17354, 17374, 17374, 17354,
       17354, 17374, 17374], dtype=int64), array([ 1522, 14947, 14947, 14947, 14947, 15028, 15028, 15028, 15028,
         204,   388,  1296,  1401,  1522, 14892, 14892, 14923, 14923,
       14892, 14892, 14923, 14923, 14947, 14947, 14947, 14947, 15040,
       15040, 15040, 15040], dtype=int64), array([32822, 32822, 32822,  1877, 32811, 32811, 32811, 32811, 32822,
       32822, 32822, 32822, 32823, 32823, 32823, 32823,  1877, 32822,
       32822, 32822, 32822,  1877, 32811, 32811, 32811, 32811, 32822,
       32822, 32822, 32822], dtype=int64), array([17047, 17047, 17047, 17047, 17056, 17056, 17067, 17067, 17056,
       17056, 17067, 17067,   410, 17047, 17047, 17047, 17047, 17058,
       17058, 17058, 17058,   410, 17047, 17047, 17047, 17047, 17056,
       17056, 17056, 17056], dtype=int64), array([  694, 32095, 32095, 32095, 32095, 32097, 32097, 32105, 32105,
       32097, 32097, 32105, 32105,   694, 32085, 32085, 32085, 32085,
       32095, 32095, 32095, 32095, 32097, 32097, 32110, 32110, 32097,
       32097, 32110, 32110], dtype=int64), array([28815, 28815, 28826, 28826, 28826, 28826, 28849, 28849, 28849,
       28849,   588,   651,   706,  1817, 28826, 28826, 28826, 28826,
       28831, 28831, 28838, 28838, 28849, 28849, 28831, 28831, 28838,
       28838, 28849, 28849], dtype=int64), array([22476, 22476, 22476, 22476,  1814, 22449, 22449, 22449, 22449,
       22468, 22468, 22468, 22468, 22471, 22471, 22476, 22476, 22485,
       22485, 22471, 22471, 22476, 22476, 22485, 22485,  1814, 22468,
       22468, 22468, 22468], dtype=int64), array([3194, 3320, 3320, 3320, 3320, 3407, 3407, 3592, 3592, 3706, 3706,
       3407, 3407, 3592, 3592, 3706, 3706,  558, 3320, 3320, 3320, 3320,
       3338, 3338, 3364, 3364, 3338, 3338, 3364, 3364], dtype=int64), array([24810, 24810, 24810,   171, 24805, 24805, 24805, 24805, 24810,
       24810, 24810, 24810,   171, 24810, 24810, 24810, 24810, 24835,
       24835, 24835, 24835,   171, 24809, 24809, 24809, 24809, 24810,
       24810, 24810, 24810], dtype=int64), array([3762, 3762, 3764, 3764, 3765, 3765, 3766, 3766, 3768, 3768, 3762,
       3762, 3764, 3764, 3765, 3765, 3766, 3766, 3768, 3768,  328, 3761,
       3761, 3761, 3761,  328, 3761, 3761, 3761, 3761], dtype=int64), array([  314,   560, 27424, 27424, 27424, 27424, 27430, 27430, 27433,
       27433, 27430, 27430, 27433, 27433,   314,   560, 27424, 27424,
       27424, 27424,   314,   560, 27424, 27424, 27424, 27424, 27425,
       27425, 27425, 27425], dtype=int64), array([22849, 22909, 22909, 22913, 22913, 22914, 22914, 22909, 22909,
       22913, 22913, 22914, 22914,   265, 22828, 22828, 22846, 22846,
       22828, 22828, 22846, 22846, 22849, 22849, 22849, 22849, 22914,
       22914, 22914, 22914], dtype=int64), array([15645, 15645, 15645, 15645, 15658, 15658, 15658, 15658,  1022,
        1731, 15630, 15630, 15634, 15634, 15641, 15641, 15630, 15630,
       15634, 15634, 15641, 15641, 15645, 15645, 15645, 15645, 15661,
       15661, 15661, 15661], dtype=int64), array([21271, 21271, 21271, 21271,    64,  1327,  1501, 21263, 21263,
       21263, 21263, 21264, 21264, 21264, 21264,    64,  1327,  1501,
       21261, 21261, 21261, 21261, 21264, 21264, 21264, 21264, 21265,
       21265, 21265, 21265], dtype=int64), array([12690, 12690, 12690, 12700, 12700, 12700, 12700,  1012, 12700,
       12700, 12700, 12700, 12716, 12716, 12716, 12716,  1012, 12692,
       12692, 12692, 12692, 12700, 12700, 12700, 12700,  1012, 12700,
       12700, 12700, 12700], dtype=int64), array([32838, 32838, 32839, 32839, 32840, 32840, 32838, 32838, 32839,
       32839, 32840, 32840,  1397,  1457, 32827, 32827, 32827, 32827,
       32830, 32830, 32830, 32830, 32836, 32836, 32846, 32846, 32836,
       32836, 32846, 32846], dtype=int64), array([8460, 8460, 8449, 8449, 8459, 8459, 8460, 8460, 8462, 8462, 8462,
       8462, 8466, 8466, 8471, 8471, 8466, 8466, 8471, 8471,    1, 1470,
       8446, 8446, 8446, 8446, 8462, 8462, 8462, 8462], dtype=int64), array([12887, 12887, 12923, 12923, 12942, 12942, 12942, 12942,  1016,
       12942, 12942, 12942, 12942,  1016, 12837, 12837, 12887, 12887,
       12931, 12931, 12837, 12837, 12887, 12887, 12931, 12931, 12942,
       12942, 12942, 12942], dtype=int64), array([6685, 6685, 6674, 6674, 6682, 6682, 6685, 6685, 6688, 6688, 6688,
       6688, 6689, 6689, 6689, 6689,  215, 6674, 6674, 6674, 6674, 6688,
       6688, 6688, 6688,  215, 6688, 6688, 6688, 6688], dtype=int64), array([  344,  1309, 32333, 32333, 32346, 32346, 32352, 32352, 32333,
       32333, 32346, 32346, 32352, 32352, 32355, 32355, 32355, 32355,
       32358, 32358, 32360, 32360, 32365, 32365, 32358, 32358, 32360,
       32360, 32365, 32365], dtype=int64), array([22121, 22121, 22121, 22121,  1177,  1246, 22100, 22100, 22100,
       22100,  1177,  1246, 22088, 22088, 22088, 22088, 22100, 22100,
       22100, 22100,  1177,  1246, 22093, 22093, 22093, 22093, 22100,
       22100, 22100, 22100], dtype=int64), array([ 1052, 11803, 11803, 11803, 11803,  1052, 11803, 11803, 11803,
       11803], dtype=int64), array([28680, 28685, 28685, 28675, 28675, 28679, 28679, 28680, 28680,
       28685, 28685, 28686, 28686, 28686, 28686, 28695, 28695, 28695,
       28695,   678,   679,  1951, 28681, 28681, 28681, 28681, 28686,
       28686, 28686, 28686], dtype=int64), array([31052, 31052,   423, 31052, 31052, 31052, 31052,   423, 31052,
       31052, 31052, 31052,   423, 31052, 31052, 31052, 31052,   423,
       31052, 31052, 31052, 31052, 31055, 31055, 31060, 31060, 31055,
       31055, 31060, 31060], dtype=int64), array([10438, 10438, 10442, 10442, 10443, 10443, 10444, 10444, 10447,
       10447, 10452, 10452, 10455, 10455, 10459, 10459, 10442, 10442,
       10443, 10443, 10444, 10444, 10447, 10447, 10452, 10452, 10455,
       10455, 10459, 10459], dtype=int64), array([10442, 10442, 10443, 10443, 10443, 10443, 10444, 10444, 10445,
       10445, 10446, 10446, 10449, 10449, 10455, 10455, 10457, 10457,
       10444, 10444, 10445, 10445, 10446, 10446, 10449, 10449, 10455,
       10455, 10457, 10457], dtype=int64), array([22071, 22072, 22072, 22076, 22076,   707, 22059, 22059, 22062,
       22062, 22059, 22059, 22062, 22062, 22065, 22065, 22065, 22065,
       22066, 22066, 22067, 22067, 22079, 22079, 22066, 22066, 22067,
       22067, 22079, 22079], dtype=int64), array([19486, 19486, 19486, 19486,   763, 19480, 19480, 19480, 19480,
       19499, 19499, 19499, 19499,   763, 19477, 19477, 19477, 19477,
       19480, 19480, 19480, 19480, 19481, 19481, 19482, 19482, 19481,
       19481, 19482, 19482], dtype=int64), array([  576,  1453, 23867, 23867, 23867, 23867, 23868, 23868, 23870,
       23870, 23868, 23868, 23870, 23870,   576,  1453, 23864, 23864,
       23864, 23864, 23867, 23867, 23867, 23867,   576,  1453, 23867,
       23867, 23867, 23867], dtype=int64), array([ 1269, 10552, 10552, 10552, 10552, 10556, 10556, 10556, 10556,
       10561, 10561, 10571, 10571, 10561, 10561, 10571, 10571,  1269,
       10545, 10545, 10545, 10545, 10556, 10556, 10556, 10556, 10561,
       10561, 10561, 10561], dtype=int64), array([21982, 21982, 21983, 21983, 21989, 21989, 21992, 21992, 22000,
       22000, 22000, 22000,  1018, 22000, 22000, 22000, 22000,  1018,
       21992, 21992, 21992, 21992, 22000, 22000, 22000, 22000, 22005,
       22005, 22005, 22005], dtype=int64), array([20331, 20331, 20344, 20344, 20385, 20385, 20387, 20387, 20331,
       20331, 20344, 20344, 20385, 20385, 20387, 20387,  1844,  1893,
       20323, 20323, 20323, 20323, 20385, 20385, 20387, 20387, 20385,
       20385, 20387, 20387], dtype=int64), array([3132, 3132, 3132, 3132, 3135, 3135, 3135, 3135,   35, 3132, 3132,
       3132, 3132, 3138, 3138, 3138, 3138,   35, 3125, 3125, 3125, 3125,
       3132, 3132, 3132, 3132, 3133, 3133, 3133, 3133], dtype=int64), array([  971, 24649, 24649, 24649, 24649,   971, 24649, 24649, 24649,
       24649,   971, 24649, 24649, 24649, 24649,   971, 24649, 24649,
       24649, 24649,   971, 24649, 24649, 24649, 24649,   971, 24649,
       24649, 24649, 24649], dtype=int64), array([  65,  426, 7014, 7014, 7014, 7014, 7019, 7019, 7019, 7019,   65,
        426, 7017, 7017, 7017, 7017, 7019, 7019, 7019, 7019, 7028, 7028,
       7028, 7028,   65,  426, 7019, 7019, 7019, 7019], dtype=int64), array([ 1884, 18100, 18100, 18100, 18100,    56,   778,   932,  1280,
        1884, 18089, 18089, 18093, 18093, 18089, 18089, 18093, 18093,
       18100, 18100, 18100, 18100, 18101, 18101, 18109, 18109, 18101,
       18101, 18109, 18109], dtype=int64), array([18389, 18390, 18390, 18413, 18413, 18389, 18389, 18390, 18390,
       18413, 18413, 18425, 18425, 18425, 18425,     7,    96,   168,
         323,   599,  1143,  1895, 18267, 18267, 18267, 18267, 18425,
       18425, 18425, 18425], dtype=int64), array([2284, 1889, 2280, 2280, 2280, 2280, 2284, 2284, 2284, 2284, 1889,
       2284, 2284, 2284, 2284, 1889, 2284, 2284, 2284, 2284, 1889, 2284,
       2284, 2284, 2284, 1889, 2284, 2284, 2284, 2284], dtype=int64), array([5322,  583, 5322, 5322, 5322, 5322,  583, 5322, 5322, 5322, 5322,
        583, 5322, 5322, 5322, 5322,  583, 5322, 5322, 5322, 5322,  583,
       5321, 5321, 5321, 5321, 5322, 5322, 5322, 5322], dtype=int64), array([28478, 28478, 28478, 28478,   472, 28478, 28478, 28478, 28478,
       28481, 28481, 28486, 28486, 28492, 28492, 28481, 28481, 28486,
       28486, 28492, 28492,   472, 28478, 28478, 28478, 28478, 28486,
       28486, 28486, 28486], dtype=int64), array([31243, 31243, 31252, 31252, 31253, 31253, 31238, 31238, 31243,
       31243, 31252, 31252, 31253, 31253,   425,  1265,  1371,  1549,
       31222, 31222, 31222, 31222, 31237, 31237, 31237, 31237, 31248,
       31248, 31248, 31248], dtype=int64), array([2616, 2616, 2616, 2616,  867, 1632, 1841, 2606, 2606, 2606, 2606,
       2610, 2610, 2613, 2613, 2625, 2625, 2610, 2610, 2613, 2613, 2625,
       2625,  867, 1632, 1841, 2606, 2606, 2606, 2606], dtype=int64), array([10428, 10428, 10438, 10438, 10442, 10442, 10445, 10445, 10448,
       10448, 10449, 10449, 10450, 10450, 10451, 10451, 10452, 10452,
       10454, 10454, 10454, 10454, 10455, 10455, 10464, 10464, 10455,
       10455, 10464, 10464], dtype=int64), array([2593, 2593, 2593,   29,  307,  578, 2556, 2556, 2558, 2558, 2580,
       2580, 2556, 2556, 2558, 2558, 2580, 2580, 2584, 2584, 2584, 2584,
       2592, 2592, 2594, 2594, 2592, 2592, 2594, 2594], dtype=int64), array([2556, 2564, 2564, 2571, 2571, 2571, 2571, 2577, 2577, 2594, 2594,
       2577, 2577, 2594, 2594,   29,  307,  578, 2553, 2553, 2558, 2558,
       2553, 2553, 2558, 2558, 2571, 2571, 2571, 2571], dtype=int64), array([  642,  1645, 23158, 23158, 23158, 23158, 23162, 23162, 23163,
       23163, 23166, 23166, 23167, 23167, 23169, 23169, 23175, 23175,
       23162, 23162, 23163, 23163, 23166, 23166, 23167, 23167, 23169,
       23169, 23175, 23175], dtype=int64), array([10444, 10444, 10445, 10445, 10452, 10452, 10453, 10453, 10453,
       10453, 10455, 10455, 10457, 10457, 10465, 10465, 10471, 10471,
       10473, 10473, 10455, 10455, 10457, 10457, 10465, 10465, 10471,
       10471, 10473, 10473], dtype=int64), array([12756, 12760, 12760, 12760, 12760, 12775, 12775, 12775, 12775,
         715, 12739, 12739, 12755, 12755, 12739, 12739, 12755, 12755,
       12760, 12760, 12760, 12760, 12766, 12766, 12775, 12775, 12766,
       12766, 12775, 12775], dtype=int64), array([7076, 7076, 7076, 7076,   23, 1094, 7076, 7076, 7076, 7076, 7080,
       7080, 7080, 7080,   23, 1094, 7067, 7067, 7067, 7067, 7076, 7076,
       7076, 7076,   23, 1094, 7076, 7076, 7076, 7076], dtype=int64), array([ 1645,  1933, 23168, 23168, 23173, 23173, 23168, 23168, 23173,
       23173, 23175, 23175, 23175, 23175, 23190, 23190, 23192, 23192,
       23196, 23196, 23199, 23199, 23190, 23190, 23192, 23192, 23196,
       23196, 23199, 23199], dtype=int64), array([ 1267, 15053, 15053, 15053, 15053, 15064, 15064, 15065, 15065,
       15064, 15064, 15065, 15065,  1267, 15047, 15047, 15047, 15047,
       15053, 15053, 15053, 15053, 15057, 15057, 15070, 15070, 15057,
       15057, 15070, 15070], dtype=int64), array([  626,   728, 19714, 19714, 19725, 19725, 19741, 19741, 19747,
       19747, 19714, 19714, 19725, 19725, 19741, 19741, 19747, 19747,
       19760, 19760, 19760, 19760, 19769, 19769, 19776, 19776, 19769,
       19769, 19776, 19776], dtype=int64), array([ 1957, 22787, 22787, 22787, 22787, 22799, 22799, 22799, 22799,
        1957, 22767, 22767, 22786, 22786, 22767, 22767, 22786, 22786,
       22787, 22787, 22787, 22787, 22792, 22792, 22795, 22795, 22792,
       22792, 22795, 22795], dtype=int64), array([13435, 13430, 13430, 13435, 13435,  1903, 13419, 13419, 13420,
       13420, 13421, 13421, 13419, 13419, 13420, 13420, 13421, 13421,
       13428, 13428, 13428, 13428, 13430, 13430, 13441, 13441, 13430,
       13430, 13441, 13441], dtype=int64), array([5446, 5446, 5446, 1101, 5446, 5446, 5446, 5446, 5460, 5460, 5460,
       5460, 1101, 5446, 5446, 5446, 5446, 5462, 5462, 5462, 5462, 1101,
       5446, 5446, 5446, 5446, 5448, 5448, 5448, 5448], dtype=int64), array([8483, 8483, 8491, 8491, 8491, 8491,  264,  366, 8477, 8477, 8477,
       8477, 8483, 8483, 8483, 8483, 8490, 8490, 8490, 8490,  264,  366,
       8478, 8478, 8478, 8478, 8483, 8483, 8483, 8483], dtype=int64), array([22133, 22133, 22133, 22133, 22134, 22134, 22134, 22134, 22140,
       22140, 22147, 22147, 22149, 22149, 22151, 22151, 22140, 22140,
       22147, 22147, 22149, 22149, 22151, 22151,  1082,  1246, 22134,
       22134, 22134, 22134], dtype=int64), array([28817, 28817, 28817, 28817,  1306,  1396, 28714, 28714, 28716,
       28716, 28762, 28762, 28714, 28714, 28716, 28716, 28762, 28762,
       28817, 28817, 28817, 28817, 28823, 28823, 28865, 28865, 28823,
       28823, 28865, 28865], dtype=int64), array([33513, 33513,  1435, 33512, 33512, 33512, 33512, 33513, 33513,
       33513, 33513,  1435, 33513, 33513, 33513, 33513,  1435, 33513,
       33513, 33513, 33513,  1435, 33513, 33513, 33513, 33513, 33517,
       33517, 33517, 33517], dtype=int64), array([23952, 23944, 23944, 23952, 23952, 23958, 23958, 23958, 23958,
       23968, 23968, 23970, 23970, 23968, 23968, 23970, 23970,   946,
       23958, 23958, 23958, 23958, 23959, 23959, 23961, 23961, 23959,
       23959, 23961, 23961], dtype=int64), array([26411, 26411,   274, 26411, 26411, 26411, 26411,   274, 26404,
       26404, 26404, 26404, 26411, 26411, 26411, 26411,   274, 26403,
       26403, 26403, 26403, 26411, 26411, 26411, 26411,   274, 26411,
       26411, 26411, 26411], dtype=int64), array([15446, 15446, 15446, 15446, 15447, 15447, 15447, 15447,   840,
       15430, 15430, 15445, 15445, 15430, 15430, 15445, 15445, 15446,
       15446, 15446, 15446,   840, 15445, 15445, 15445, 15445, 15446,
       15446, 15446, 15446], dtype=int64), array([32830, 32830, 32830, 32830, 32839, 32839, 32839, 32839, 32845,
       32845, 32853, 32853, 32854, 32854, 32845, 32845, 32853, 32853,
       32854, 32854,  1397,  1457, 32839, 32839, 32839, 32839, 32844,
       32844, 32844, 32844], dtype=int64), array([ 1624, 29738, 29738, 29738, 29738,  1624, 29738, 29738, 29738,
       29738,  1624, 29738, 29738, 29738, 29738], dtype=int64), array([20609, 20610, 20610, 20617, 20617, 20619, 20619, 20620, 20620,
          40,   495,   521,   670,   671,  1096,  1133,  1557,  1741,
       20589, 20589, 20591, 20591, 20589, 20589, 20591, 20591, 20607,
       20607, 20607, 20607], dtype=int64), array([16018, 16018, 16028, 16028,   217,   219,   502, 16005, 16005,
       16005, 16005, 16016, 16016, 16028, 16028, 16016, 16016, 16028,
       16028,   217,   219,   502, 15992, 15992, 15992, 15992, 16005,
       16005, 16005, 16005], dtype=int64), array([18389, 18403, 18403, 18479, 18479, 18479, 18479, 18483, 18483,
       18483, 18483,     7,    96,   323,   599,  1143,  1469,  1895,
       16756, 16756, 18413, 18413, 16756, 16756, 18413, 18413, 18479,
       18479, 18479, 18479], dtype=int64), array([19524, 19524, 19524,   640, 19512, 19512, 19513, 19513, 19512,
       19512, 19513, 19513, 19524, 19524, 19524, 19524,   640, 19524,
       19524, 19524, 19524,   640, 19512, 19512, 19512, 19512, 19524,
       19524, 19524, 19524], dtype=int64), array([3898, 3898, 3905, 3905, 3906, 3906, 3906, 3906, 1939, 3897, 3897,
       3897, 3897, 3906, 3906, 3906, 3906, 1939, 3905, 3905, 3905, 3905,
       3906, 3906, 3906, 3906, 3911, 3911, 3911, 3911], dtype=int64), array([29294, 29294, 29295, 29295, 29299, 29299, 29294, 29294, 29295,
       29295, 29299, 29299, 29312, 29312, 29312, 29312, 29314, 29314,
       29314, 29314,  1716,  1971, 29301, 29301, 29301, 29301, 29312,
       29312, 29312, 29312], dtype=int64), array([33042, 33042,  1484, 33039, 33039, 33039, 33039,  1484, 33039,
       33039, 33039, 33039, 33042, 33042, 33048, 33048, 33042, 33042,
       33048, 33048,  1484, 33039, 33039, 33039, 33039,  1484, 33039,
       33039, 33039, 33039], dtype=int64), array([29539, 29539, 29539, 29539, 29540, 29540, 29540, 29540, 29546,
       29546, 29546, 29546,   485,  1518, 29535, 29535, 29539, 29539,
       29535, 29535, 29539, 29539, 29540, 29540, 29540, 29540, 29546,
       29546, 29546, 29546], dtype=int64), array([25994, 25994, 26016, 26016, 26021, 26021, 26023, 26023, 26025,
       26025, 24303, 24303, 25994, 25994, 26016, 26016, 26021, 26021,
       26023, 26023, 26025, 26025, 26026, 26026, 26026, 26026, 26029,
       26029, 26029, 26029], dtype=int64), array([15843, 15843, 15843, 15843, 15858, 15858, 15858, 15858,  1480,
       15843, 15843, 15843, 15843,  1480, 15843, 15843, 15843, 15843,
       15853, 15853, 15855, 15855, 15856, 15856, 15853, 15853, 15855,
       15855, 15856, 15856], dtype=int64), array([29184, 29184, 29184,  1064, 29173, 29173, 29173, 29173, 29184,
       29184, 29184, 29184,  1064, 29164, 29164, 29164, 29164, 29184,
       29184, 29184, 29184,  1064, 29168, 29168, 29168, 29168, 29184,
       29184, 29184, 29184], dtype=int64), array([10393, 10399, 10399, 10403, 10403, 10404, 10404, 10404, 10404,
       10405, 10405, 10405, 10405,   430, 10390, 10390, 10403, 10403,
       10390, 10390, 10403, 10403, 10404, 10404, 10404, 10404, 10417,
       10417, 10417, 10417], dtype=int64), array([], dtype=int64), array([   11,   689,   775,  1010,  1236, 33182, 33182, 33182, 33182,
       33200, 33200, 33200, 33200, 33210, 33210, 33210, 33210,    11,
         689,   775,  1010,  1236, 33200, 33200, 33200, 33200, 33207,
       33207, 33207, 33207], dtype=int64), array([13238, 13238, 13238, 13238,   416,  1706, 13222, 13222, 13225,
       13225, 13227, 13227, 13228, 13228, 13234, 13234, 13222, 13222,
       13225, 13225, 13227, 13227, 13228, 13228, 13234, 13234, 13238,
       13238, 13238, 13238], dtype=int64), array([10100, 10100, 10100, 10100, 10109, 10109, 10110, 10110, 10109,
       10109, 10110, 10110,    74,  1897, 10096, 10096, 10096, 10096,
       10100, 10100, 10100, 10100, 10101, 10101, 10109, 10109, 10101,
       10101, 10109, 10109], dtype=int64), array([13474, 13474, 13474, 13474,    32,   275,   610,  1694,  1735,
       13455, 13455, 13455, 13455, 13471, 13471, 13471, 13471, 13477,
       13477, 13477, 13477,    32,   275,   610,  1694,  1735, 13471,
       13471, 13471, 13471], dtype=int64), array([4179, 4179, 4183, 4183,  907, 4162, 4162, 4171, 4171, 4162, 4162,
       4171, 4171, 4175, 4175, 4175, 4175, 4178, 4178, 4178, 4178,  907,
       4175, 4175, 4175, 4175, 4176, 4176, 4176, 4176], dtype=int64), array([], dtype=int64), array([12182, 12182, 12182, 12187, 12187, 12187, 12187, 12192, 12192,
       12192, 12192,   863,  1451,  1602, 12163, 12163, 12172, 12172,
       12163, 12163, 12172, 12172, 12187, 12187, 12187, 12187, 12201,
       12201, 12201, 12201], dtype=int64), array([  250,   373, 16199, 16199, 16203, 16203, 16199, 16199, 16203,
       16203, 16207, 16207, 16207, 16207, 16211, 16211, 16214, 16214,
       16217, 16217, 16219, 16219, 16211, 16211, 16214, 16214, 16217,
       16217, 16219, 16219], dtype=int64), array([7638, 7638, 7638, 7651, 7651, 7651, 7651, 1055, 1434, 1561, 7627,
       7627, 7635, 7635, 7627, 7627, 7635, 7635, 7638, 7638, 7638, 7638,
       7643, 7643, 7649, 7649, 7643, 7643, 7649, 7649], dtype=int64), array([23134, 23134, 23134, 23134,   335, 23126, 23126, 23126, 23126,
       23131, 23131, 23148, 23148, 23131, 23131, 23148, 23148,   335,
       23121, 23121, 23121, 23121, 23126, 23126, 23126, 23126, 23142,
       23142, 23142, 23142], dtype=int64), array([3076, 3076,  202,  761, 3071, 3071, 3071, 3071, 3072, 3072, 3075,
       3075, 3072, 3072, 3075, 3075,  202,  761, 3067, 3067, 3067, 3067,
       3071, 3071, 3071, 3071, 3073, 3073, 3073, 3073], dtype=int64), array([4116, 4116, 4159, 4159, 4170, 4170, 4159, 4159, 4170, 4170, 1777,
       1908, 4116, 4116, 4116, 4116, 4118, 4118, 4118, 4118, 1777, 1908,
       4116, 4116, 4116, 4116, 4120, 4120, 4120, 4120], dtype=int64), array([9483, 9483,   78, 1752, 9478, 9478, 9478, 9478, 9483, 9483, 9483,
       9483,   78, 1752, 9483, 9483, 9483, 9483,   78, 1752, 9483, 9483,
       9483, 9483,   78, 1752, 9483, 9483, 9483, 9483], dtype=int64), array([16215, 16215, 16215, 16215,   250,   373, 16179, 16179, 16184,
       16184, 16192, 16192, 16179, 16179, 16184, 16184, 16192, 16192,
       16204, 16204, 16204, 16204, 16211, 16211, 16219, 16219, 16211,
       16211, 16219, 16219], dtype=int64), array([6837, 6837, 1026, 6834, 6834, 6834, 6834, 1026, 6834, 6834, 6834,
       6834, 6836, 6836, 6836, 6836, 1026, 6834, 6834, 6834, 6834, 1026,
       6834, 6834, 6834, 6834, 6845, 6845, 6845, 6845], dtype=int64), array([30635, 30635, 30635,   958, 30620, 30620, 30620, 30620, 30635,
       30635, 30635, 30635,   958, 30618, 30618, 30631, 30631, 30618,
       30618, 30631, 30631, 30635, 30635, 30635, 30635,   958, 30635,
       30635, 30635, 30635], dtype=int64), array([20607,    40,   495,   521,   670,   671,  1096,  1133,  1557,
        1741, 20590, 20590, 20604, 20604, 20590, 20590, 20604, 20604,
       20607, 20607, 20607, 20607, 20619, 20619, 20626, 20626, 20619,
       20619, 20626, 20626], dtype=int64), array([9271, 9271, 9273, 9273, 9263, 9263, 9268, 9268, 9269, 9269, 9271,
       9271, 9273, 9273, 9288, 9288, 9288, 9288, 9292, 9292, 9302, 9302,
       9314, 9314, 9292, 9292, 9302, 9302, 9314, 9314], dtype=int64), array([22136, 22163, 22163, 22163, 22163, 22214, 22214, 22526, 22526,
       22214, 22214, 22526, 22526,  1788, 22010, 22010, 22136, 22136,
       22010, 22010, 22136, 22136, 22163, 22163, 22163, 22163, 22522,
       22522, 22522, 22522], dtype=int64), array([7211, 7211, 7214, 7214, 7214, 7214,  411, 1718, 7214, 7214, 7214,
       7214, 7224, 7224, 7225, 7225, 7224, 7224, 7225, 7225,  411, 1718,
       7214, 7214, 7214, 7214, 7220, 7220, 7220, 7220], dtype=int64), array([21166, 21166,   270,  1494, 21137, 21137, 21139, 21139, 21137,
       21137, 21139, 21139, 21149, 21149, 21149, 21149,   270,  1494,
       21137, 21137, 21137, 21137, 21149, 21149, 21149, 21149, 21159,
       21159, 21159, 21159], dtype=int64), array([32304, 32304, 32304, 32304, 32306, 32306, 32306, 32306,   596,
        1069,  1636, 32304, 32304, 32304, 32304, 32312, 32312, 32327,
       32327, 32312, 32312, 32327, 32327,   596,  1069,  1636, 32304,
       32304, 32304, 32304], dtype=int64), array([16150, 16150, 16159, 16159, 16160, 16160, 16140, 16140, 16150,
       16150, 16159, 16159, 16160, 16160, 16168, 16168, 16168, 16168,
       16185, 16185, 16186, 16186, 16193, 16193, 16185, 16185, 16186,
       16186, 16193, 16193], dtype=int64), array([  144,   232,   287,   792, 11334, 11334, 11334, 11334, 11335,
       11335, 11335, 11335, 11336, 11336, 11337, 11337, 11336, 11336,
       11337, 11337,   144,   232,   287,   792, 11335, 11335, 11335,
       11335], dtype=int64), array([15044, 15044, 15057, 15057, 15065, 15065, 15065, 15065, 15073,
       15073, 15073, 15073,   879,  1267, 15037, 15037, 15057, 15057,
       15037, 15037, 15057, 15057, 15065, 15065, 15065, 15065, 15074,
       15074, 15074, 15074], dtype=int64), array([25730, 25730, 25730,  1616, 25720, 25720, 25727, 25727, 25720,
       25720, 25727, 25727, 25728, 25728, 25728, 25728,  1616, 25726,
       25726, 25726, 25726, 25728, 25728, 25728, 25728,  1616, 25728,
       25728, 25728, 25728], dtype=int64), array([ 1613,  1757, 14191, 14191, 14192, 14192, 14191, 14191, 14192,
       14192, 14209, 14209, 14209, 14209, 14215, 14215, 14216, 14216,
       14225, 14225, 14227, 14227, 14215, 14215, 14216, 14216, 14225,
       14225, 14227, 14227], dtype=int64), array([10450, 10450, 10455, 10455, 10442, 10442, 10443, 10443, 10444,
       10444, 10445, 10445, 10449, 10449, 10450, 10450, 10455, 10455,
       10458, 10458, 10458, 10458, 10461, 10461, 10471, 10471, 10461,
       10461, 10471, 10471], dtype=int64), array([8801, 8801, 8801, 8801, 8806, 8806, 8806, 8806, 1816, 8797, 8797,
       8797, 8797, 8801, 8801, 8801, 8801, 1816, 8781, 8781, 8781, 8781,
       8801, 8801, 8801, 8801, 8809, 8809, 8809, 8809], dtype=int64), array([20584, 20596, 20596, 20609, 20609, 20596, 20596, 20609, 20609,
          40,   521,  1133,  1557,  1741, 20580, 20580, 20580, 20580,
       20584, 20584, 20584, 20584, 20590, 20590, 20596, 20596, 20590,
       20590, 20596, 20596], dtype=int64), array([29772, 29772, 30718, 30718,   658, 29720, 29720, 29720, 29720,
       30719, 30719, 30788, 30788, 30806, 30806, 30719, 30719, 30788,
       30788, 30806, 30806,   658, 29720, 29720, 29720, 29720, 30835,
       30835, 30835, 30835], dtype=int64), array([8774, 8774, 8774, 8774, 8780, 8780, 8780, 8780, 8797, 8797, 8797,
       8797,  242,  806, 8773, 8773, 8779, 8779, 8773, 8773, 8779, 8779,
       8780, 8780, 8780, 8780, 8787, 8787, 8787, 8787], dtype=int64), array([22437, 22480, 22480, 22437, 22437, 22480, 22480, 22482, 22482,
       22482, 22482, 22499, 22499, 22519, 22519, 22499, 22499, 22519,
       22519,    36,   254,  1146, 22482, 22482, 22482, 22482, 22499,
       22499, 22499, 22499], dtype=int64), array([29759, 29759, 30718, 30718, 30747, 30747, 29759, 29759, 30718,
       30718, 30747, 30747, 30785, 30785, 30785, 30785,   443,   658,
       29771, 29771, 29771, 29771, 30785, 30785, 30785, 30785, 30787,
       30787, 30787, 30787], dtype=int64), array([20640, 20640, 20640, 20640,  1662, 20626, 20626, 20628, 20628,
       20626, 20626, 20628, 20628, 20640, 20640, 20640, 20640, 20643,
       20643, 20643, 20643,  1662, 20640, 20640, 20640, 20640, 20642,
       20642, 20642, 20642], dtype=int64), array([22453, 22453, 22461, 22461, 22476, 22476, 22476, 22476,  1814,
       22451, 22451, 22474, 22474, 22451, 22451, 22474, 22474, 22476,
       22476, 22476, 22476,  1814, 22455, 22455, 22455, 22455, 22476,
       22476, 22476, 22476], dtype=int64), array([ 404, 1180, 2744, 2744, 2744, 2744,  404, 1180, 2744, 2744, 2744,
       2744,  404, 1180, 2732, 2732, 2740, 2740, 2743, 2743, 2732, 2732,
       2740, 2740, 2743, 2743, 2744, 2744, 2744, 2744], dtype=int64), array([2108, 2108, 2108, 2115, 2115, 2115, 2115,   66, 2096, 2096, 2096,
       2096, 2108, 2108, 2108, 2108, 2109, 2109, 2109, 2109,   66, 2108,
       2108, 2108, 2108,   66, 2108, 2108, 2108, 2108], dtype=int64), array([22586, 22586, 22587, 22587, 22578, 22578, 22582, 22582, 22586,
       22586, 22587, 22587,   750, 22574, 22574, 22574, 22574, 22587,
       22587, 22587, 22587,   750, 22574, 22574, 22574, 22574, 22577,
       22577, 22577, 22577], dtype=int64), array([19912, 19898, 19898, 19906, 19906, 19911, 19911, 19912, 19912,
       19915, 19915, 19915, 19915, 19916, 19916, 19916, 19916,   377,
       19902, 19902, 19906, 19906, 19902, 19902, 19906, 19906, 19915,
       19915, 19915, 19915], dtype=int64), array([10447, 10447, 10449, 10449, 10438, 10438, 10442, 10442, 10443,
       10443, 10444, 10444, 10445, 10445, 10447, 10447, 10449, 10449,
       10457, 10457, 10457, 10457, 10461, 10461, 10477, 10477, 10461,
       10461, 10477, 10477], dtype=int64), array([7144, 7144, 7142, 7142, 7143, 7143, 7144, 7144, 1553, 1763, 7110,
       7110, 7113, 7113, 7110, 7110, 7113, 7113, 7129, 7129, 7129, 7129,
       7143, 7143, 7144, 7144, 7143, 7143, 7144, 7144], dtype=int64), array([20463, 20463, 20464, 20464,   395,  1056, 20453, 20453, 20457,
       20457, 20458, 20458, 20459, 20459, 20453, 20453, 20457, 20457,
       20458, 20458, 20459, 20459, 20461, 20461, 20461, 20461, 20464,
       20464, 20464, 20464], dtype=int64), array([ 1856, 23271, 23271, 23271, 23271,  1856, 23271, 23271, 23271,
       23271, 23276, 23276, 23276, 23276,  1856, 23271, 23271, 23271,
       23271,  1856, 23258, 23258, 23258, 23258, 23271, 23271, 23271,
       23271], dtype=int64), array([16497, 16497, 16497, 16497, 16513, 16513, 16513, 16513, 16514,
       16514, 16524, 16524, 16514, 16514, 16524, 16524,  1759,  1937,
       16508, 16508, 16508, 16508, 16513, 16513, 16513, 16513, 16524,
       16524, 16524, 16524], dtype=int64), array([ 1756, 16542, 16542, 16542, 16542,  1756, 16542, 16542, 16542,
       16542,  1756, 16542, 16542, 16542, 16542,  1756, 16542, 16542,
       16542, 16542,  1756, 16542, 16542, 16542, 16542,  1756, 16542,
       16542, 16542, 16542], dtype=int64), array([20624, 20624, 20624, 20624,   495,   670,   671,  1096,  1557,
        1662, 20607, 20607, 20619, 20619, 20620, 20620, 20607, 20607,
       20619, 20619, 20620, 20620, 20624, 20624, 20624, 20624, 20630,
       20630, 20630, 20630], dtype=int64), array([22398, 22398, 22397, 22397, 22398, 22398,   991,  1356, 22383,
       22383, 22383, 22383, 22397, 22397, 22397, 22397,   991,  1356,
       22363, 22363, 22363, 22363, 22383, 22383, 22383, 22383, 22397,
       22397, 22397, 22397], dtype=int64), array([7087, 7087, 7087, 1111, 7082, 7082, 7082, 7082, 7085, 7085, 7085,
       7085, 1111, 7081, 7081, 7081, 7081, 7085, 7085, 7085, 7085, 1111,
       7085, 7085, 7085, 7085, 7091, 7091, 7091, 7091], dtype=int64), array([16869, 16869, 16872, 16872, 16872, 16872,  1061,  1650, 16861,
       16861, 16861, 16861, 16869, 16869, 16869, 16869, 16872, 16872,
       16872, 16872,  1061,  1650, 16860, 16860, 16860, 16860, 16869,
       16869, 16869, 16869], dtype=int64), array([18241, 18247, 18247, 18253, 18253,   586,   782,  1315,  1979,
        1993, 18209, 18209, 18211, 18211, 18214, 18214, 18209, 18209,
       18211, 18211, 18214, 18214, 18225, 18225, 18225, 18225, 18253,
       18253, 18253, 18253], dtype=int64), array([22482, 22499, 22499, 22482, 22482, 22499, 22499,    36,   254,
        1146, 22362, 22362, 22362, 22362, 22391, 22391, 22391, 22391,
       22447, 22447, 22499, 22499, 22519, 22519, 22447, 22447, 22499,
       22499, 22519, 22519], dtype=int64), array([13071, 13071, 13073, 13073,   387,   699,  1232, 13059, 13059,
       13059, 13059, 13066, 13066, 13066, 13066,   387,   699,  1232,
       13059, 13059, 13059, 13059, 13073, 13073, 13077, 13077, 13073,
       13073, 13077, 13077], dtype=int64), array([28364, 28364, 28370, 28370, 28364, 28364, 28370, 28370, 28375,
       28375, 28375, 28375,   294, 28375, 28375, 28375, 28375,   294,
       28367, 28367, 28367, 28367, 28375, 28375, 28375, 28375, 28376,
       28376, 28376, 28376], dtype=int64), array([ 1371,  1549, 31220, 31220, 31223, 31223, 31220, 31220, 31223,
       31223, 31225, 31225, 31225, 31225, 31240, 31240, 31241, 31241,
       31243, 31243, 31251, 31251, 31240, 31240, 31241, 31241, 31243,
       31243, 31251, 31251], dtype=int64), array([15568, 15568, 15568, 15572, 15572, 15574, 15574, 15575, 15575,
       15572, 15572, 15574, 15574, 15575, 15575,   257,   996,  1547,
       15552, 15552, 15552, 15552, 15568, 15568, 15568, 15568, 15576,
       15576, 15576, 15576], dtype=int64), array([30238, 30238, 30238, 30246, 30246, 30246, 30246,  1128, 30246,
       30246, 30246, 30246,  1128, 30246, 30246, 30246, 30246, 30247,
       30247, 30247, 30247,  1128, 30246, 30246, 30246, 30246, 30248,
       30248, 30248, 30248], dtype=int64), array([28411, 28411, 28411, 28411, 28415, 28415, 28415, 28415,  1255,
       28403, 28403, 28403, 28403, 28411, 28411, 28411, 28411, 28414,
       28414, 28414, 28414,  1255, 28411, 28411, 28411, 28411, 28414,
       28414, 28414, 28414], dtype=int64), array([], dtype=int64), array([6506, 6506, 6506, 6506,  506, 1928, 6506, 6506, 6506, 6506,  506,
       1928, 6491, 6491, 6491, 6491, 6506, 6506, 6506, 6506,  506, 1928,
       6478, 6478, 6478, 6478, 6506, 6506, 6506, 6506], dtype=int64), array([ 1054,  1290, 28899, 28899, 28910, 28910, 28899, 28899, 28910,
       28910, 28921, 28921, 28921, 28921, 28927, 28927, 28933, 28933,
       28938, 28938, 28941, 28941, 28927, 28927, 28933, 28933, 28938,
       28938, 28941, 28941], dtype=int64), array([12330, 12330, 12336, 12336, 12330, 12330, 12336, 12336, 12342,
       12342, 12342, 12342,   561,   749,   803,   982,  1040,  1105,
       12330, 12330, 12330, 12330, 12342, 12342, 12342, 12342, 12405,
       12405, 12405, 12405], dtype=int64), array([4745, 4745, 4745,  997, 4742, 4742, 4742, 4742, 4745, 4745, 4745,
       4745,  997, 4742, 4742, 4742, 4742, 4745, 4745, 4745, 4745,  997,
       4742, 4742, 4742, 4742, 4745, 4745, 4745, 4745], dtype=int64), array([27593, 27593, 27594, 27594, 27594, 27594,   784, 27593, 27593,
       27593, 27593, 27594, 27594, 27594, 27594,   784, 27594, 27594,
       27594, 27594,   784, 27594, 27594, 27594, 27594,   784, 27594,
       27594, 27594, 27594], dtype=int64), array([2480, 2481, 2481, 2487, 2487, 2480, 2480, 2481, 2481, 2487, 2487,
       2495, 2495, 2495, 2495,  290,  422,  756, 2480, 2480, 2494, 2494,
       2480, 2480, 2494, 2494, 2495, 2495, 2495, 2495], dtype=int64), array([ 268, 1777, 1908, 4185, 4185, 4187, 4187, 4185, 4185, 4187, 4187,
       4210, 4210, 4210, 4210,  268, 1777, 1908, 4210, 4210, 4210, 4210,
       4238, 4238, 4241, 4241, 4238, 4238, 4241, 4241], dtype=int64), array([5238, 5243, 5243, 5230, 5230, 5238, 5238, 5243, 5243, 5249, 5249,
       5249, 5249, 5251, 5251, 5265, 5265, 5251, 5251, 5265, 5265, 1506,
       5249, 5249, 5249, 5249, 5255, 5255, 5255, 5255], dtype=int64), array([11325, 11325, 11332, 11332, 11339, 11339, 11339, 11339,   144,
         287,   792, 11332, 11332, 11332, 11332, 11339, 11339, 11339,
       11339,   144,   287,   792, 11337, 11337, 11337, 11337, 11339,
       11339, 11339, 11339], dtype=int64), array([ 1045,  1900, 23392, 23392, 23392, 23392,  1045,  1900, 23385,
       23385, 23385, 23385, 23392, 23392, 23392, 23392, 23394, 23394,
       23394, 23394,  1045,  1900, 23387, 23387, 23387, 23387, 23392,
       23392, 23392, 23392], dtype=int64), array([8816, 8816, 8822, 8822, 8816, 8816, 8822, 8822,  447, 1816, 8800,
       8800, 8800, 8800, 8806, 8806, 8806, 8806, 8807, 8807, 8816, 8816,
       8822, 8822, 8807, 8807, 8816, 8816, 8822, 8822], dtype=int64), array([15889, 15889,   151,  1764, 15877, 15877, 15877, 15877, 15880,
       15880, 15880, 15880, 15886, 15886, 15889, 15889, 15886, 15886,
       15889, 15889,   151,  1764, 15880, 15880, 15880, 15880, 15881,
       15881, 15881, 15881], dtype=int64), array([28671, 28680, 28680, 28671, 28671, 28680, 28680, 28686, 28686,
       28686, 28686, 28694, 28694, 28694, 28694,   678,   679,  1951,
       28684, 28684, 28684, 28684, 28686, 28686, 28686, 28686, 28691,
       28691, 28691, 28691], dtype=int64), array([18099, 18099, 18101, 18101,    56,    57,   778,   932,  1280,
        1426, 18067, 18067, 18067, 18067, 18084, 18084, 18084, 18084,
       18093, 18093, 18099, 18099, 18101, 18101, 18093, 18093, 18099,
       18099, 18101, 18101], dtype=int64), array([23127, 23129, 23129, 23141, 23141, 23126, 23126, 23127, 23127,
       23129, 23129, 23141, 23141, 23142, 23142, 23142, 23142,   335,
       23121, 23121, 23134, 23134, 23121, 23121, 23134, 23134, 23142,
       23142, 23142, 23142], dtype=int64), array([13309, 13309,   390,  1071,  1693,  1881, 13282, 13282, 13282,
       13282, 13290, 13290, 13290, 13290,   390,  1071,  1693,  1881,
       13282, 13282, 13282, 13282, 13290, 13290, 13290, 13290, 13302,
       13302, 13302, 13302], dtype=int64), array([20385, 20385, 20385, 20385, 20387, 20387, 20387, 20387,  1844,
        1893, 20362, 20362, 20364, 20364, 20362, 20362, 20364, 20364,
       20385, 20385, 20385, 20385, 20387, 20387, 20436, 20436, 20387,
       20387, 20436, 20436], dtype=int64), array([10393, 10393, 10397, 10397, 10393, 10393, 10397, 10397,   430,
        1138, 10384, 10384, 10384, 10384, 10392, 10392, 10392, 10392,
       10394, 10394, 10398, 10398, 10404, 10404, 10394, 10394, 10398,
       10398, 10404, 10404], dtype=int64), array([3927, 3927, 3927, 3927, 3931, 3931, 3931, 3931, 3935, 3935, 3950,
       3950, 3935, 3935, 3950, 3950,   49, 1669, 3931, 3931, 3931, 3931,
       3934, 3934, 3945, 3945, 3934, 3934, 3945, 3945], dtype=int64), array([], dtype=int64), array([16875, 16875,   623,   804,  1061,  1650, 16829, 16829, 16842,
       16842, 16829, 16829, 16842, 16842, 16849, 16849, 16849, 16849,
       16864, 16864, 16865, 16865, 16867, 16867, 16864, 16864, 16865,
       16865, 16867, 16867], dtype=int64), array([28364, 28364, 28364, 28375, 28375, 28375, 28375,   294, 28375,
       28375, 28375, 28375,   294, 28370, 28370, 28373, 28373, 28370,
       28370, 28373, 28373, 28375, 28375, 28375, 28375,   294, 28375,
       28375, 28375, 28375], dtype=int64), array([30974, 30974, 30974, 30974, 30975, 30975, 30975, 30975,   500,
        1338, 30974, 30974, 30974, 30974,   500,  1338, 30968, 30968,
       30968, 30968, 30974, 30974, 30974, 30974,   500,  1338, 30974,
       30974, 30974, 30974], dtype=int64), array([30797, 30797, 30797, 30807, 30807, 30807, 30807,   167, 30797,
       30797, 30797, 30797,   167, 30796, 30796, 30796, 30796, 30797,
       30797, 30797, 30797,   167, 30797, 30797, 30797, 30797, 30811,
       30811, 30811, 30811], dtype=int64), array([16957, 16957, 17008, 17008, 16957, 16957, 17008, 17008,   563,
         917,   939,   949,  1427,  1688, 16803, 16803, 16891, 16891,
       16803, 16803, 16891, 16891, 16928, 16928, 16928, 16928, 16957,
       16957, 16957, 16957], dtype=int64), array([29173, 29173, 29178, 29178, 29184, 29184, 29184, 29184,  1064,
       29175, 29175, 29175, 29175, 29184, 29184, 29184, 29184, 29185,
       29185, 29185, 29185,  1064, 29166, 29166, 29166, 29166, 29184,
       29184, 29184, 29184], dtype=int64), array([28429, 28424, 28424, 28429, 28429, 28433, 28433, 28433, 28433,
       28446, 28446, 28446, 28446,  1605, 28433, 28433, 28433, 28433,
       28437, 28437, 28445, 28445, 28446, 28446, 28437, 28437, 28445,
       28445, 28446, 28446], dtype=int64), array([6674, 6674, 6667, 6667, 6674, 6674, 6682, 6682, 6682, 6682, 6689,
       6689, 6689, 6689,  215,  458,  681,  708, 6682, 6682, 6682, 6682,
        215,  458,  681,  708, 6682, 6682, 6682, 6682], dtype=int64), array([16456, 16456,  1567, 16447, 16447, 16447, 16447, 16451, 16451,
       16451, 16451,  1567, 16451, 16451, 16451, 16451, 16458, 16458,
       16458, 16458,  1567, 16451, 16451, 16451, 16451,  1567, 16451,
       16451, 16451, 16451], dtype=int64), array([33196, 33192, 33192, 33196, 33196, 33200, 33200, 33200, 33200,
          11,   689,   775,  1010,  1236, 33185, 33185, 33188, 33188,
       33185, 33185, 33188, 33188, 33200, 33200, 33200, 33200, 33207,
       33207, 33207, 33207], dtype=int64), array([7664, 7664, 7673, 7673, 7678, 7678, 7678, 7678, 7684, 7684, 7685,
       7685, 7691, 7691, 7696, 7696, 7684, 7684, 7685, 7685, 7691, 7691,
       7696, 7696, 1434, 1872, 7678, 7678, 7678, 7678], dtype=int64), array([16184, 16184, 16187, 16187, 16193, 16193, 16207, 16207, 16183,
       16183, 16184, 16184, 16187, 16187, 16193, 16193, 16207, 16207,
       16213, 16213, 16213, 16213, 16215, 16215, 16222, 16222, 16215,
       16215, 16222, 16222], dtype=int64), array([7362, 7362, 7370, 7370, 7376, 7376, 7362, 7362, 7370, 7370, 7376,
       7376, 7383, 7383, 7383, 7383, 1263, 1438, 7372, 7372, 7372, 7372,
       7383, 7383, 7383, 7383, 7399, 7399, 7399, 7399], dtype=int64), array([4868, 4868, 4872, 4872, 4875, 4875, 4875, 4875, 4885, 4885, 4891,
       4891, 4885, 4885, 4891, 4891,  546, 1151, 4857, 4857, 4873, 4873,
       4857, 4857, 4873, 4873, 4875, 4875, 4875, 4875], dtype=int64), array([7120, 7120, 7122, 7122, 7122, 7122, 1553, 1763, 7112, 7112, 7112,
       7112, 7120, 7120, 7120, 7120, 7143, 7143, 7143, 7143, 1553, 1763,
       7120, 7120, 7120, 7120, 7132, 7132, 7132, 7132], dtype=int64), array([16161, 16167, 16167,    67,   409,   468,   570,   877,   926,
        1512, 16127, 16127, 16127, 16127, 16143, 16143, 16143, 16143,
       16159, 16159, 16167, 16167, 16172, 16172, 16159, 16159, 16167,
       16167, 16172, 16172], dtype=int64), array([9599, 9599,  557,  849, 9590, 9590, 9590, 9590, 9599, 9599, 9599,
       9599, 9606, 9606, 9606, 9606,  557,  849, 9598, 9598, 9598, 9598,
       9599, 9599, 9599, 9599, 9613, 9613, 9613, 9613], dtype=int64), array([11235, 11235, 11235, 11235,  1072, 11225, 11225, 11225, 11225,
       11227, 11227, 11232, 11232, 11227, 11227, 11232, 11232,  1072,
       11225, 11225, 11225, 11225, 11227, 11227, 11228, 11228, 11227,
       11227, 11228, 11228], dtype=int64), array([ 1467, 32530, 32530, 32530, 32530, 32532, 32532, 32532, 32532,
       32535, 32535, 32535, 32535,  1467, 32523, 32523, 32526, 32526,
       32523, 32523, 32526, 32526, 32532, 32532, 32532, 32532, 32534,
       32534, 32534, 32534], dtype=int64), array([31055, 31055, 31055,   423, 31053, 31053, 31053, 31053, 31055,
       31055, 31055, 31055, 31060, 31060, 31060, 31060,   423, 31055,
       31055, 31055, 31055,   423, 31044, 31044, 31044, 31044, 31055,
       31055, 31055, 31055], dtype=int64), array([ 925, 1710, 5412, 5412, 5412, 5412, 5417, 5417, 5417, 5417,  140,
        767,  925, 1710, 5417, 5417, 5417, 5417,  140,  767,  925, 1710,
       5417, 5417, 5417, 5417, 5424, 5424, 5424, 5424], dtype=int64), array([14031, 14031,  1287,  1493, 13969, 13969, 13969, 13969, 14031,
       14031, 14031, 14031,  1287,  1493, 13964, 13964, 13964, 13964,
       13969, 13969, 13969, 13969, 13985, 13985, 14029, 14029, 13985,
       13985, 14029, 14029], dtype=int64), array([17330, 17330, 17330, 17330,   646, 17320, 17320, 17320, 17320,
       17330, 17330, 17330, 17330, 17355, 17355, 17367, 17367, 17355,
       17355, 17367, 17367,   646, 17318, 17318, 17318, 17318, 17330,
       17330, 17330, 17330], dtype=int64), array([8162, 1686, 8158, 8158, 8158, 8158, 1686, 8158, 8158, 8158, 8158,
       8167, 8167, 8167, 8167, 1686, 8158, 8158, 8158, 8158, 1686, 8158,
       8158, 8158, 8158, 1686, 8158, 8158, 8158, 8158], dtype=int64), array([12507, 12507,   236,   480, 12506, 12506, 12506, 12506, 12507,
       12507, 12507, 12507, 12513, 12513, 12513, 12513,   236,   480,
       12461, 12461, 12470, 12470, 12461, 12461, 12470, 12470, 12507,
       12507, 12507, 12507], dtype=int64), array([15114, 15114, 15120, 15120, 15122, 15122, 15128, 15128, 15113,
       15113, 15114, 15114, 15120, 15120, 15122, 15122, 15128, 15128,
       15138, 15138, 15138, 15138, 15140, 15140, 15157, 15157, 15140,
       15140, 15157, 15157], dtype=int64), array([27721, 27721, 27714, 27714, 27721, 27721, 27724, 27724, 27724,
       27724,   235,  1119, 27720, 27720, 27721, 27721, 27720, 27720,
       27721, 27721, 27724, 27724, 27724, 27724,   235,  1119, 27724,
       27724, 27724, 27724], dtype=int64), array([8658, 8658, 8658,  593, 8658, 8658, 8658, 8658, 8664, 8664, 8664,
       8664,  593, 8658, 8658, 8658, 8658,  593, 8649, 8649, 8649, 8649,
       8658, 8658, 8658, 8658, 8671, 8671, 8671, 8671], dtype=int64), array([], dtype=int64), array([  400, 26823, 26823, 26823, 26823,   400, 26816, 26816, 26816,
       26816, 26823, 26823, 26823, 26823], dtype=int64), array([6687, 6687, 6687, 6687,  215, 6672, 6672, 6682, 6682, 6672, 6672,
       6682, 6682, 6687, 6687, 6687, 6687,  215, 6671, 6671, 6671, 6671,
       6687, 6687, 6687, 6687, 6692, 6692, 6692, 6692], dtype=int64), array([18877, 18879, 18879, 18879, 18879,   794, 18863, 18863, 18866,
       18866, 18869, 18869, 18863, 18863, 18866, 18866, 18869, 18869,
       18879, 18879, 18879, 18879, 18888, 18888, 18889, 18889, 18888,
       18888, 18889, 18889], dtype=int64), array([27457, 27457, 27460, 27460, 27449, 27449, 27452, 27452, 27457,
       27457, 27460, 27460,   138,   663, 27440, 27440, 27440, 27440,
       27442, 27442, 27442, 27442, 27447, 27447, 27458, 27458, 27447,
       27447, 27458, 27458], dtype=int64), array([13370, 13370, 13370, 13370,   783, 13370, 13370, 13370, 13370,
       13373, 13373, 13383, 13383, 13384, 13384, 13373, 13373, 13383,
       13383, 13384, 13384,   783, 13367, 13367, 13367, 13367, 13370,
       13370, 13370, 13370], dtype=int64), array([2278, 2295, 2295, 2307, 2307, 2307, 2307, 1233, 2307, 2307, 2307,
       2307, 1233, 2307, 2307, 2307, 2307, 1233, 2261, 2261, 2267, 2267,
       2261, 2261, 2267, 2267, 2307, 2307, 2307, 2307], dtype=int64), array([10439, 10439, 10442, 10442, 10444, 10444, 10448, 10448, 10448,
       10448, 10450, 10450, 10451, 10451, 10464, 10464, 10471, 10471,
       10473, 10473, 10450, 10450, 10451, 10451, 10464, 10464, 10471,
       10471, 10473, 10473], dtype=int64), array([13520, 13520, 13520,   614, 13509, 13509, 13509, 13509, 13520,
       13520, 13520, 13520,   614, 13520, 13520, 13520, 13520,   614,
       13502, 13502, 13511, 13511, 13502, 13502, 13511, 13511, 13520,
       13520, 13520, 13520], dtype=int64), array([13246, 13258, 13258, 13246, 13246, 13258, 13258, 13259, 13259,
       13259, 13259, 13265, 13265, 13272, 13272, 13265, 13265, 13272,
       13272,   547,  1221,  1282, 13248, 13248, 13248, 13248, 13259,
       13259, 13259, 13259], dtype=int64), array([], dtype=int64), array([23301, 23301, 23301, 23301,   747,  1607, 23298, 23298, 23298,
       23298, 23304, 23304, 23304, 23304,   747,  1607, 23298, 23298,
       23298, 23298,   747,  1607, 23284, 23284, 23284, 23284, 23298,
       23298, 23298, 23298], dtype=int64), array([7372, 7372, 7382, 7382, 7383, 7383, 7383, 7383, 1263, 1438, 7372,
       7372, 7377, 7377, 7372, 7372, 7377, 7377, 7383, 7383, 7383, 7383,
       7384, 7384, 7394, 7394, 7384, 7384, 7394, 7394], dtype=int64), array([ 1649,  1898, 12706, 12706, 12729, 12729, 12939, 12939, 12706,
       12706, 12729, 12729, 12939, 12939, 12966, 12966, 12966, 12966,
       12968, 12968, 13156, 13156, 13159, 13159, 12968, 12968, 13156,
       13156, 13159, 13159], dtype=int64), array([14920, 14920,   388,  1296,  1401,  1522, 14886, 14886, 14886,
       14886, 14920, 14920, 14920, 14920, 14922, 14922, 14922, 14922,
         388,  1296,  1401,  1522, 14920, 14920, 14920, 14920, 14963,
       14963, 14963, 14963], dtype=int64), array([12101, 12101,   898,  1366, 12086, 12086, 12097, 12097, 12086,
       12086, 12097, 12097, 12101, 12101, 12101, 12101, 12103, 12103,
       12103, 12103,   898,  1366, 12086, 12086, 12086, 12086, 12101,
       12101, 12101, 12101], dtype=int64), array([13877, 13879, 13879, 13899, 13899, 13899, 13899,   420,   568,
        1968, 13877, 13877, 13879, 13879, 13885, 13885, 13897, 13897,
       13877, 13877, 13879, 13879, 13885, 13885, 13897, 13897, 13899,
       13899, 13899, 13899], dtype=int64), array([21522, 21522, 21533, 21533,   360, 21516, 21516, 21516, 21516,
       21520, 21520, 21520, 21520, 21530, 21530, 21530, 21530,   360,
       21517, 21517, 21517, 21517, 21520, 21520, 21520, 21520, 21533,
       21533, 21533, 21533], dtype=int64), array([  794, 18865, 18865, 18866, 18866, 18865, 18865, 18866, 18866,
       18868, 18868, 18868, 18868, 18869, 18869, 18871, 18871, 18869,
       18869, 18871, 18871,   794, 18866, 18866, 18866, 18866, 18868,
       18868, 18868, 18868], dtype=int64), array([21627, 21627, 21627, 21634, 21634, 21634, 21634,  1823, 21626,
       21626, 21626, 21626, 21627, 21627, 21627, 21627,  1823, 21627,
       21627, 21627, 21627, 21634, 21634, 21634, 21634,  1823, 21627,
       21627, 21627, 21627], dtype=int64), array([ 1708, 16329, 16329, 16329, 16329, 16413, 16413, 16413, 16413,
       16538, 16538, 16538, 16538,  1708, 16409, 16409, 16409, 16409,
       16413, 16413, 16413, 16413, 16546, 16546, 16546, 16546],
      dtype=int64), array([27237, 27237, 27237, 27242, 27242, 27242, 27242,    76, 27237,
       27237, 27237, 27237,    76, 27235, 27235, 27235, 27235, 27237,
       27237, 27237, 27237,    76, 27237, 27237, 27237, 27237, 27244,
       27244, 27244, 27244], dtype=int64), array([15517, 15517, 15528, 15528, 15529, 15529, 15532, 15532, 15528,
       15528, 15529, 15529, 15532, 15532, 15504, 15504, 15504, 15504,
       15517, 15517, 15517, 15517, 15518, 15518, 15518, 15518, 15517,
       15517, 15517, 15517], dtype=int64), array([10442, 10442, 10445, 10445, 10446, 10446, 10447, 10447, 10449,
       10449, 10452, 10452, 10456, 10456, 10458, 10458, 10445, 10445,
       10446, 10446, 10447, 10447, 10449, 10449, 10452, 10452, 10456,
       10456, 10458, 10458], dtype=int64), array([10449, 10449, 10451, 10451, 10451, 10451, 10452, 10452, 10455,
       10455, 10465, 10465, 10471, 10471, 10472, 10472, 10475, 10475,
       10452, 10452, 10455, 10455, 10465, 10465, 10471, 10471, 10472,
       10472, 10475, 10475], dtype=int64), array([  346, 13637, 13637, 13642, 13642, 13643, 13643, 13644, 13644,
       13637, 13637, 13642, 13642, 13643, 13643, 13644, 13644, 13660,
       13660, 13660, 13660,   346, 13641, 13641, 13641, 13641, 13660,
       13660, 13660, 13660], dtype=int64), array([18002, 18002, 18017, 18017, 18018, 18018, 18024, 18024, 18026,
       18026, 18026, 18026, 18034, 18034, 18042, 18042, 18034, 18034,
       18042, 18042,  1106,  1596, 18015, 18015, 18015, 18015, 18026,
       18026, 18026, 18026], dtype=int64), array([12766, 12766, 12766, 12766, 12787, 12787, 12787, 12787,   715,
        1108, 12765, 12765, 12781, 12781, 12765, 12765, 12781, 12781,
       12787, 12787, 12787, 12787, 12814, 12814, 12834, 12834, 12814,
       12814, 12834, 12834], dtype=int64), array([27756, 27756, 27756, 27770, 27770, 27770, 27770,   172, 27756,
       27756, 27756, 27756, 27762, 27762, 27765, 27765, 27762, 27762,
       27765, 27765,   172, 27756, 27756, 27756, 27756,   172, 27756,
       27756, 27756, 27756], dtype=int64), array([20642, 20642, 20651, 20651, 20651, 20651,  1662, 20642, 20642,
       20642, 20642,  1662, 20642, 20642, 20642, 20642, 20644, 20644,
       20644, 20644,  1662, 20642, 20642, 20642, 20642,  1662, 20642,
       20642, 20642, 20642], dtype=int64), array([25591, 25591, 25598, 25598, 25600, 25600, 25601, 25601,   169,
       25589, 25589, 25589, 25589, 25591, 25591, 25591, 25591,   169,
       25589, 25589, 25589, 25589, 25591, 25591, 25592, 25592, 25591,
       25591, 25592, 25592], dtype=int64), array([ 447, 1816, 8806, 8806, 8807, 8807, 8816, 8816, 8806, 8806, 8807,
       8807, 8816, 8816, 8822, 8822, 8822, 8822,  447, 1816, 8822, 8822,
       8822, 8822,  447, 1816, 8822, 8822, 8822, 8822], dtype=int64), array([22363, 22363,  1702, 22340, 22340, 22340, 22340,  1702, 22340,
       22340, 22340, 22340, 22354, 22354, 22359, 22359, 22354, 22354,
       22359, 22359,  1702, 22340, 22340, 22340, 22340,  1702, 22340,
       22340, 22340, 22340], dtype=int64), array([24326, 24326, 24326, 24326, 24337, 24337, 24338, 24338, 24337,
       24337, 24338, 24338,  1929, 24326, 24326, 24326, 24326, 24338,
       24338, 24338, 24338,  1929, 24326, 24326, 24326, 24326, 24338,
       24338, 24338, 24338], dtype=int64), array([], dtype=int64), array([8057, 8057,  812, 1000, 8041, 8041, 8041, 8041, 8048, 8048, 8051,
       8051, 8048, 8048, 8051, 8051,  812, 1000, 8039, 8039, 8039, 8039,
       8041, 8041, 8041, 8041, 8053, 8053, 8053, 8053], dtype=int64), array([15345, 15345, 15345,   647, 15345, 15345, 15345, 15345, 15347,
       15347, 15347, 15347,   647, 15345, 15345, 15345, 15345,   647,
       15335, 15335, 15340, 15340, 15335, 15335, 15340, 15340, 15345,
       15345, 15345, 15345], dtype=int64), array([21326, 21326,   224,   462,  1810,  1902, 21296, 21296, 21297,
       21297, 21298, 21298, 21300, 21300, 21308, 21308, 21296, 21296,
       21297, 21297, 21298, 21298, 21300, 21300, 21308, 21308, 21311,
       21311, 21311, 21311], dtype=int64), array([20050, 20050,    24,   569, 20050, 20050, 20050, 20050,    24,
         569, 20050, 20050, 20050, 20050, 20057, 20057, 20057, 20057,
          24,   569, 20050, 20050, 20050, 20050,    24,   569, 20050,
       20050, 20050, 20050], dtype=int64), array([14618, 14621, 14621, 14631, 14631,   326,   450,   633,   835,
        1103, 14601, 14601, 14603, 14603, 14606, 14606, 14601, 14601,
       14603, 14603, 14606, 14606, 14614, 14614, 14614, 14614, 14631,
       14631, 14631, 14631], dtype=int64), array([16158, 16175, 16175,    67,   409,   468,   570,   877,   926,
        1512, 16138, 16138, 16138, 16138, 16143, 16143, 16143, 16143,
       16152, 16152, 16161, 16161, 16167, 16167, 16152, 16152, 16161,
       16161, 16167, 16167], dtype=int64), array([21149, 21149, 21149, 21149, 21159, 21159, 21159, 21159, 21164,
       21164, 21166, 21166, 21164, 21164, 21166, 21166,   270,  1494,
       21137, 21137, 21141, 21141, 21137, 21137, 21141, 21141, 21159,
       21159, 21159, 21159], dtype=int64), array([32074, 32074, 32074,   824, 32067, 32067, 32067, 32067, 32070,
       32070, 32070, 32070,   824, 32070, 32070, 32070, 32070, 32073,
       32073, 32073, 32073,   824, 32067, 32067, 32067, 32067, 32070,
       32070, 32070, 32070], dtype=int64), array([8934, 8941, 8941, 8946, 8946, 8934, 8934, 8941, 8941, 8946, 8946,
       8952, 8952, 8952, 8952, 8957, 8957, 8967, 8967, 8957, 8957, 8967,
       8967,  943, 1611, 1677, 8952, 8952, 8952, 8952], dtype=int64), array([22039, 22039, 22040, 22040, 22073, 22073, 22081, 22081, 22039,
       22039, 22040, 22040, 22073, 22073, 22081, 22081, 22119, 22119,
       22119, 22119,   787,   981, 22040, 22040, 22040, 22040, 22119,
       22119, 22119, 22119], dtype=int64), array([17650, 17650, 17655, 17655, 17650, 17650, 17655, 17655,   665,
         934, 17639, 17639, 17646, 17646, 17639, 17639, 17646, 17646,
       17649, 17649, 17649, 17649, 17659, 17659, 17672, 17672, 17659,
       17659, 17672, 17672], dtype=int64), array([14685, 14685, 14672, 14672, 14685, 14685, 14689, 14689, 14689,
       14689,    77,   329,   745,  1875, 14681, 14681, 14681, 14681,
       14689, 14689, 14689, 14689, 14702, 14702, 14705, 14705, 14702,
       14702, 14705, 14705], dtype=int64), array([19650, 19650, 19652, 19652,  1647,  1782, 19631, 19631, 19631,
       19631, 19643, 19643, 19643, 19643,  1647,  1782, 19630, 19630,
       19630, 19630, 19643, 19643, 19643, 19643,  1647,  1782, 19643,
       19643, 19643, 19643], dtype=int64), array([21465, 21465, 21458, 21458, 21458, 21458, 21465, 21465, 21465,
       21465, 21465, 21465, 21465, 21465, 21465, 21465, 21465, 21465,
       21454, 21454, 21458, 21458, 21454, 21454, 21458, 21458, 21465,
       21465, 21465, 21465], dtype=int64), array([24618, 24618, 24628, 24628, 24628, 24628,   676,   709, 24623,
       24623, 24623, 24623, 24628, 24628, 24628, 24628,   676,   709,
       24611, 24611, 24623, 24623, 24611, 24611, 24623, 24623, 24628,
       24628, 24628, 24628], dtype=int64), array([23101, 23089, 23089, 23093, 23093, 23101, 23101,   993,  1127,
        1672, 23071, 23071, 23074, 23074, 23071, 23071, 23074, 23074,
       23083, 23083, 23083, 23083, 23089, 23089, 23093, 23093, 23089,
       23089, 23093, 23093], dtype=int64), array([  254,  1146, 22437, 22437, 22472, 22472, 22480, 22480, 22499,
       22499, 22437, 22437, 22472, 22472, 22480, 22480, 22499, 22499,
       22525, 22525, 22525, 22525, 22534, 22534, 22565, 22565, 22534,
       22534, 22565, 22565], dtype=int64), array([25375, 25375,   369,  1753, 25374, 25374, 25374, 25374, 25375,
       25375, 25375, 25375,   369,  1753, 25374, 25374, 25374, 25374,
         369,  1753, 25374, 25374, 25374, 25374,   369,  1753, 25374,
       25374, 25374, 25374], dtype=int64), array([14851, 14851, 14838, 14838, 14851, 14851, 14854, 14854, 14854,
       14854, 14858, 14858, 14861, 14861, 14862, 14862, 14870, 14870,
       14877, 14877, 14858, 14858, 14861, 14861, 14862, 14862, 14870,
       14870, 14877, 14877], dtype=int64), array([], dtype=int64), array([13164, 13180, 13180, 13180, 13180, 13194, 13194, 13194, 13194,
         259, 13164, 13164, 13164, 13164, 13180, 13180, 13180, 13180,
       13184, 13184, 13188, 13188, 13194, 13194, 13184, 13184, 13188,
       13188, 13194, 13194], dtype=int64), array([ 1150, 22890, 22890, 22890, 22890, 22897, 22897, 22897, 22897,
       22902, 22902, 22902, 22902,  1150, 22890, 22890, 22890, 22890,
       22897, 22897, 22897, 22897, 22898, 22898, 22908, 22908, 22898,
       22898, 22908, 22908], dtype=int64), array([3396, 3396, 1899, 3395, 3395, 3395, 3395, 3396, 3396, 3396, 3396,
       1899, 3396, 3396, 3396, 3396, 1899, 3396, 3396, 3396, 3396, 3405,
       3405, 3405, 3405, 1899, 3396, 3396, 3396, 3396], dtype=int64), array([19825, 19825, 19825,  1214, 19825, 19825, 19825, 19825, 19832,
       19832, 19832, 19832,  1214, 19824, 19824, 19824, 19824, 19825,
       19825, 19825, 19825, 19829, 19829, 19829, 19829,  1214, 19825,
       19825, 19825, 19825], dtype=int64), array([32404, 32410, 32410, 32415, 32415, 32410, 32410, 32415, 32415,
         362, 32382, 32382, 32384, 32384, 32385, 32385, 32382, 32382,
       32384, 32384, 32385, 32385, 32404, 32404, 32404, 32404, 32407,
       32407, 32407, 32407], dtype=int64), array([17036, 17036, 17142, 17142, 17177, 17177, 17177, 17177, 17244,
       17244, 17244, 17244,   961,  1688, 17147, 17147, 17147, 17147,
       17177, 17177, 17177, 17177, 17243, 17243, 17248, 17248, 17243,
       17243, 17248, 17248], dtype=int64), array([32587, 32588, 32588, 32587, 32587, 32588, 32588, 32595, 32595,
       32595, 32595, 32608, 32608, 32612, 32612, 32608, 32608, 32612,
       32612,   527,   766,  1240, 32587, 32587, 32587, 32587, 32595,
       32595, 32595, 32595], dtype=int64), array([23207,    89,   449,   642,  1645,  1933, 23171, 23171, 23173,
       23173, 23171, 23171, 23173, 23173, 23184, 23184, 23184, 23184,
       23189, 23189, 23191, 23191, 23200, 23200, 23189, 23189, 23191,
       23191, 23200, 23200], dtype=int64), array([29622, 29622, 29622, 29622,   136, 29604, 29604, 29604, 29604,
       29608, 29608, 29622, 29622, 29608, 29608, 29622, 29622,   136,
       29604, 29604, 29604, 29604, 29620, 29620, 29622, 29622, 29620,
       29620, 29622, 29622], dtype=int64), array([26418, 26418,  1021, 26413, 26413, 26413, 26413,  1021, 26350,
       26350, 26350, 26350, 26413, 26413, 26413, 26413,  1021, 26350,
       26350, 26350, 26350, 26413, 26413, 26413, 26413,  1021, 26413,
       26413, 26413, 26413], dtype=int64), array([28955, 28955, 28957, 28957, 28955, 28955, 28957, 28957,   115,
         186,   188,   304,   732,  1054, 28928, 28928, 28938, 28938,
       28928, 28928, 28938, 28938, 28941, 28941, 28941, 28941, 28950,
       28950, 28950, 28950], dtype=int64), array([7442, 7442, 7457, 7457, 7442, 7442, 7457, 7457,  118,  571, 7437,
       7437, 7437, 7437, 7440, 7440, 7440, 7440, 7443, 7443, 7452, 7452,
       7457, 7457, 7443, 7443, 7452, 7452, 7457, 7457], dtype=int64), array([19650, 19650,  1782, 19650, 19650, 19650, 19650,  1782, 19650,
       19650, 19650, 19650,  1782, 19643, 19643, 19643, 19643, 19650,
       19650, 19650, 19650, 19652, 19652, 19652, 19652,  1782, 19650,
       19650, 19650, 19650], dtype=int64), array([12794, 12794, 12808, 12808, 12794, 12794, 12808, 12808,   660,
       12790, 12790, 12790, 12790, 12800, 12800, 12808, 12808, 12800,
       12800, 12808, 12808,   660, 12786, 12786, 12786, 12786, 12790,
       12790, 12790, 12790], dtype=int64), array([26023, 26023, 26026, 26026, 26026, 26026,   518,   754,   776,
        1443, 25977, 25977, 25977, 25977, 26026, 26026, 26026, 26026,
         518,   754,   776,  1443, 25971, 25971, 25971, 25971, 26026,
       26026, 26026, 26026], dtype=int64), array([1734, 2064, 2064, 2077, 2077, 2086, 2086, 2064, 2064, 2077, 2077,
       2086, 2086, 2088, 2088, 2088, 2088, 2100, 2100, 2100, 2100, 1734,
       2088, 2088, 2088, 2088, 2090, 2090, 2090, 2090], dtype=int64), array([ 901, 1870, 4223, 4223, 4223, 4223], dtype=int64), array([19747, 19747, 19747, 19747, 19755, 19755, 19755, 19755, 19821,
       19821, 19821, 19821,   626,   728, 19738, 19738, 19743, 19743,
       19738, 19738, 19743, 19743, 19755, 19755, 19755, 19755, 19773,
       19773, 19773, 19773], dtype=int64), array([22748, 22748, 22751, 22751, 22751, 22751,   511,  1535, 22737,
       22737, 22737, 22737, 22748, 22748, 22748, 22748, 22752, 22752,
       22754, 22754, 22752, 22752, 22754, 22754,   511,  1535, 22748,
       22748, 22748, 22748], dtype=int64), array([5016, 5016, 5021, 5021, 5021, 5021,  453,  625, 5003, 5003, 5003,
       5003, 5021, 5021, 5021, 5021, 5022, 5022, 5022, 5022,  453,  625,
       5018, 5018, 5018, 5018, 5021, 5021, 5021, 5021], dtype=int64), array([3705, 3714, 3714, 3714, 3714,  603,  613,  713, 3714, 3714, 3714,
       3714,  603,  613,  713, 3702, 3702, 3702, 3702, 3714, 3714, 3714,
       3714,  603,  613,  713, 3714, 3714, 3714, 3714], dtype=int64), array([12642, 12642, 12649, 12649, 12649, 12649, 12657, 12657, 12657,
       12657,   808,  1199,  1653,  1980, 12629, 12629, 12645, 12645,
       12629, 12629, 12645, 12645, 12649, 12649, 12649, 12649, 12655,
       12655, 12655, 12655], dtype=int64)]
**************************************************
[array([4.87032748, 5.22511283, 5.22511283, 5.22511283, 5.22511283,
       5.22511283, 5.22511283, 5.22511283, 5.22511283, 5.22511283,
       5.22511283, 5.22511283, 5.22511283, 5.22511283, 5.22511283,
       5.22511283, 5.22511283, 5.22511283, 5.22511283, 5.22511283,
       5.22511283, 5.22511283, 5.22511283, 5.22511283, 5.22511283,
       5.22511283, 5.22511283, 5.22511283, 5.22511283, 5.22511283]), array([1.46272821, 1.46272821, 1.46272821, 1.46272821, 1.46272821,
       1.46272821, 1.46272821, 1.46272821, 1.46272821, 1.46272821,
       1.46272821, 1.46272821, 1.46272821, 1.47641793, 1.47641793,
       1.47641793, 1.47641793, 1.47641793, 1.47641793, 1.47641793,
       1.47641793, 1.47641793, 1.47641793, 1.47641793, 1.47641793,
       1.47641793, 1.47641793, 1.47641793, 1.47641793, 1.47641793]), array([8.71169004, 8.71169004, 8.71169004, 8.71169004, 8.71169004,
       8.71169004, 8.71169004, 8.71169004, 8.71169004, 8.71169004,
       8.81711396, 8.81711396, 8.81711396, 8.81711396, 8.81711396,
       8.81711396, 8.81711396, 8.81711396, 8.81711396, 8.81711396,
       8.89531924, 8.89531924, 8.89531924, 8.89531924, 8.89531924,
       8.89531924, 8.89531924, 8.89531924, 8.89531924, 8.89531924]), array([7.81701961, 7.81701961, 7.81701961, 7.81701961, 7.81701961,
       7.81701961, 7.81701961, 7.81701961, 7.82061259, 7.82061259,
       7.82061259, 7.82061259, 7.82061259, 7.82061259, 7.82061259,
       7.82061259, 7.82061259, 7.82061259, 7.82061259, 7.82061259,
       7.82061259, 7.82061259, 7.82061259, 7.88637046, 7.88637046,
       7.88637046, 7.88637046, 7.88637046, 7.88637046, 7.88637046]), array([ 8.75246884,  9.22196674,  9.22196674,  9.22196674,  9.22196674,
        9.22196674,  9.38154999,  9.38154999,  9.38154999,  9.38154999,
        9.38154999,  9.44270316,  9.44270316,  9.44270316,  9.44270316,
        9.44270316,  9.9412704 ,  9.9412704 ,  9.9412704 ,  9.9412704 ,
        9.9412704 , 10.35582457, 10.35582457, 10.35582457, 10.35582457,
       10.35582457, 10.35582457, 10.35582457, 10.35582457, 10.35582457]), array([1.37676962, 1.37676962, 1.37676962, 1.37676962, 1.42665124,
       1.42665124, 1.42665124, 1.42665124, 1.42665124, 1.42665124,
       1.42665124, 1.42665124, 1.42665124, 1.42665124, 1.42665124,
       1.42665124, 1.42665124, 1.42665124, 1.42665124, 1.42665124,
       1.42665124, 1.42665124, 1.42665124, 1.42665124, 1.42665124,
       1.42665124, 1.42665124, 1.42665124, 1.42665124, 1.42665124]), array([8.80599837, 8.80599837, 8.80599837, 8.80599837, 8.80599837,
       8.80599837, 8.80599837, 8.80599837, 9.07080825, 9.07080825,
       9.07080825, 9.07080825, 9.07080825, 9.07080825, 9.07080825,
       9.07080825, 9.07080825, 9.07080825, 9.07080825, 9.07080825,
       9.07080825, 9.07080825, 9.07080825, 9.35923809, 9.35923809,
       9.35923809, 9.35923809, 9.35923809, 9.35923809, 9.35923809]), array([1.24246674, 1.24246674, 1.24246674, 1.24246674, 1.24246674,
       1.24246674, 1.24246674, 1.32941896, 1.32941896, 1.32941896,
       1.32941896, 1.32941896, 1.32941896, 1.32941896, 1.32941896,
       1.32941896, 1.32941896, 1.32941896, 1.32941896, 1.32941896,
       1.32941896, 1.32941896, 1.32941896, 1.32941896, 1.32941896,
       1.32941896, 1.32941896, 1.32941896, 1.32941896, 1.32941896]), array([7.56042734, 7.56042734, 7.56042734, 7.56042734, 7.56042734,
       7.56042734, 7.56042734, 7.56042734, 7.56042734, 7.65488874,
       7.65488874, 7.65488874, 7.65488874, 7.65488874, 7.65488874,
       7.65488874, 7.65488874, 7.65488874, 7.65488874, 7.65488874,
       7.65488874, 7.65488874, 7.65488874, 7.65488874, 7.65488874,
       7.65488874, 7.65488874, 7.65488874, 7.65488874, 7.65488874]), array([0.8865811 , 0.8865811 , 0.8865811 , 0.8865811 , 0.8865811 ,
       0.8865811 , 0.8865811 , 0.8865811 , 0.8865811 , 0.8865811 ,
       0.8865811 , 0.8865811 , 0.8865811 , 0.8865811 , 0.8865811 ,
       0.8865811 , 1.01600184, 1.01600184, 1.01600184, 1.01600184,
       1.01600184, 1.01600184, 1.01600184, 1.01600184, 1.01600184,
       1.01600184, 1.01600184, 1.01600184, 1.01600184, 1.01600184]), array([3.83874771, 3.83874771, 3.83874771, 3.83874771, 4.22410247,
       4.22410247, 4.22410247, 4.22410247, 4.22410247, 4.22410247,
       4.22410247, 4.22410247, 4.22410247, 4.22410247, 5.49110271,
       5.49110271, 5.49110271, 5.49110271, 5.49110271, 5.49110271,
       6.4769874 , 6.4769874 , 6.4769874 , 6.4769874 , 6.4769874 ,
       6.4769874 , 6.4769874 , 6.4769874 , 6.4769874 , 6.4769874 ]), array([0.20645688, 0.20645688, 0.20645688, 0.20645688, 3.50441547,
       3.50441547, 3.50441547, 3.50441547, 3.50441547, 3.50441547,
       3.50441547, 3.50441547, 3.50441547, 3.50441547, 4.20694714,
       4.20694714, 4.20694714, 4.20694714, 4.20694714, 4.20694714,
       4.20694714, 4.20694714, 4.20694714, 4.20694714, 4.80023637,
       4.80023637, 4.80023637, 4.80023637, 4.80023637, 4.80023637]), array([3.68340331, 3.68340331, 3.68340331, 3.68340331, 3.68340331,
       3.68340331, 3.68340331, 3.68340331, 3.68340331, 3.68340331,
       4.58858755, 4.58858755, 4.58858755, 4.58858755, 4.58858755,
       4.58858755, 4.58858755, 4.58858755, 4.58858755, 4.58858755,
       4.68226587, 4.68226587, 4.68226587, 4.68226587, 4.68226587,
       4.68226587, 4.68226587, 4.68226587, 4.68226587, 4.68226587]), array([1.16686436, 1.16686436, 1.16686436, 1.16686436, 1.16686436,
       1.16686436, 1.16686436, 1.16686436, 1.16686436, 1.16686436,
       1.16686436, 1.16686436, 1.16686436, 1.16686436, 1.16686436,
       1.16686436, 1.16686436, 1.16686436, 1.16686436, 1.16686436,
       1.16686436, 1.16686436]), array([4.30247087, 4.30247087, 4.30247087, 4.30247087, 4.30247087,
       4.30247087, 4.30247087, 4.30247087, 4.54753693, 4.54753693,
       4.54753693, 4.54753693, 4.54753693, 4.54753693, 4.54753693,
       4.54753693, 4.54753693, 4.54753693, 4.54753693, 4.54753693,
       4.54753693, 4.54753693, 4.54753693, 4.54753693, 4.54753693,
       4.54753693, 4.54753693, 4.54753693, 4.54753693, 4.54753693]), array([7.56042734, 7.56042734, 7.56042734, 7.56042734, 7.56042734,
       7.56042734, 7.56042734, 7.56042734, 7.56042734, 7.56042734,
       7.61093835, 7.61093835, 7.61093835, 7.61093835, 7.61093835,
       7.61093835, 7.61093835, 7.61093835, 7.61093835, 7.61093835,
       7.61093835, 7.61093835, 7.61093835, 7.61093835, 7.61093835,
       7.61093835, 7.61093835, 7.61093835, 7.61093835, 7.61093835]), array([0.02394042, 0.02394042, 0.02394042, 0.02394042, 0.02394042,
       0.02394042, 0.02394042, 0.02394042, 0.02394042, 0.06538432,
       0.06538432, 0.06538432, 0.06538432, 0.06538432, 0.06538432,
       0.06538432, 0.06538432, 0.06538432, 0.06610623, 0.06610623,
       0.06610623, 0.06610623, 0.06610623, 0.06610623, 0.06610623,
       0.06610623, 0.06610623]), array([1.24246674, 1.24246674, 1.24246674, 1.24246674, 1.24246674,
       1.24246674, 1.24246674, 1.24246674, 1.24246674, 1.24246674,
       1.33406531, 1.33406531, 1.33406531, 1.33406531, 1.33406531,
       1.33406531, 1.33406531, 1.33406531, 1.33406531, 1.33406531,
       1.63412571, 1.63412571, 1.63412571, 1.63412571, 1.63412571,
       1.63412571, 1.63412571, 1.63412571, 1.63412571, 1.63412571]), array([3.35531771, 3.35531771, 3.35531771, 3.35531771, 3.35531771,
       3.35531771, 3.35531771, 3.3567469 , 3.3567469 , 3.3567469 ,
       3.3567469 , 3.3567469 , 3.3567469 , 3.3567469 , 3.3567469 ,
       3.3567469 , 3.40661049, 3.40661049, 3.40661049, 3.40661049,
       3.40661049, 3.47875521, 3.47875521, 3.47875521, 3.47875521,
       3.47875521, 3.47875521, 3.47875521, 3.47875521, 3.47875521]), array([2.90669141, 2.90669141, 2.90669141, 2.90669141, 2.90669141,
       2.90669141, 2.96325797, 2.96325797, 2.96325797, 2.96325797,
       2.96325797, 2.96325797, 2.96325797, 2.96325797, 2.96325797,
       2.96325797, 2.96325797, 2.96325797, 2.96325797, 2.96325797,
       2.96325797, 2.96325797, 2.96325797, 2.96325797, 3.52264766,
       3.52264766, 3.52264766, 3.52264766, 3.52264766, 3.52264766]), array([1.37676962, 1.46272821, 1.46272821, 1.46272821, 1.46272821,
       1.46272821, 1.46272821, 1.46272821, 1.46272821, 1.46272821,
       1.59460812, 1.59460812, 1.59460812, 1.59460812, 1.59460812,
       2.42772949, 2.42772949, 2.42772949, 2.42772949, 2.42772949,
       2.89289039, 2.89289039, 2.89289039, 2.89289039, 2.89289039,
       6.31078328, 6.31078328, 6.31078328, 6.31078328, 6.31078328]), array([0.29933689, 0.52932931, 0.52932931, 0.52932931, 0.52932931,
       0.52932931, 0.52932931, 0.52932931, 0.52932931, 0.52932931,
       0.52932931, 0.52932931, 0.58020279, 0.58020279, 0.58020279,
       0.58020279, 0.58020279, 0.58020279, 0.58020279, 0.72787021,
       0.72787021, 0.72787021, 0.72787021, 0.72787021, 0.72787021,
       0.72787021, 0.72787021, 0.72787021, 0.72787021, 0.72787021]), array([2.10302352, 2.10302352, 2.10302352, 2.10302352, 2.10302352,
       2.10302352, 2.10302352, 2.10302352, 2.10302352, 2.10302352,
       2.10302352, 2.10302352, 2.15697416, 2.15697416, 2.15697416,
       2.15697416, 2.15697416, 2.15697416, 2.15697416, 2.15697416,
       2.15697416, 2.26229142, 2.26229142, 2.26229142, 2.26229142,
       2.26229142, 2.26229142, 2.26229142, 2.26229142, 2.26229142]), array([4.82269995, 4.82269995, 4.82269995, 4.82269995, 4.82269995,
       4.82269995, 4.82269995, 4.82269995, 5.79786307, 5.79786307,
       5.79786307, 5.79786307, 5.79786307, 5.79786307, 5.79786307,
       5.79786307, 5.79786307, 5.79786307, 5.79786307, 5.79786307,
       5.79786307, 5.79786307, 5.79786307, 5.79786307, 5.79786307,
       5.79786307, 5.79786307, 5.79786307, 5.79786307, 5.79786307]), array([9.9048209 , 9.9048209 , 9.9048209 , 9.9048209 , 9.9048209 ,
       9.9048209 , 9.9048209 , 9.9048209 , 9.9048209 , 9.9048209 ,
       9.9048209 , 9.98404068, 9.98404068, 9.98404068, 9.98404068,
       9.98404068, 9.98404068, 9.98404068, 9.98404068, 9.98404068,
       9.98404068, 9.98404068, 9.98404068, 9.98404068, 9.98404068,
       9.98404068, 9.98404068, 9.98404068, 9.98404068, 9.98404068]), array([9.70949138, 9.70949138, 9.70949138, 9.70949138, 9.79378923,
       9.79378923, 9.79378923, 9.79378923, 9.79378923, 9.79378923,
       9.79378923, 9.79378923, 9.79378923, 9.79378923, 9.79378923,
       9.79378923, 9.79378923, 9.79378923, 9.89960362, 9.89960362,
       9.89960362, 9.89960362, 9.89960362, 9.89960362, 9.92164936,
       9.92164936, 9.92164936, 9.92164936, 9.92164936, 9.92164936]), array([4.54753693, 4.54753693, 4.54753693, 4.54753693, 4.54753693,
       4.54753693, 4.54753693, 4.54753693, 4.63863334, 4.63863334,
       4.63863334, 4.63863334, 4.63863334, 5.67427458, 5.67427458,
       5.67427458, 5.67427458, 5.67427458, 5.67427458, 5.67427458,
       5.67427458, 5.67427458, 5.67427458, 5.67427458, 5.67427458,
       5.67427458, 5.67427458, 5.67427458, 5.67427458, 5.67427458]), array([0.06610623, 0.06610623, 0.06610623, 0.06610623, 0.06610623,
       0.06610623, 0.06610623, 0.06610623, 0.91312278, 0.91312278,
       0.91312278, 0.91312278, 0.91312278, 0.91312278, 0.91312278,
       0.91312278, 0.91312278, 0.91312278, 0.91312278, 0.91312278,
       0.91312278, 1.32941896, 1.32941896, 1.32941896, 1.32941896,
       1.32941896, 1.32941896, 1.32941896, 1.32941896, 1.32941896]), array([5.29054733, 5.29054733, 5.29054733, 5.29054733, 5.29054733,
       5.29054733, 5.57157988, 5.57157988, 5.57157988, 5.57157988,
       5.57157988, 5.57157988, 5.57157988, 5.57157988, 5.57157988,
       5.57157988, 5.65722474, 5.65722474, 5.65722474, 5.65722474,
       5.65722474, 5.65722474, 5.65722474, 5.65722474, 5.65722474,
       5.65722474, 5.65722474, 5.65722474, 5.65722474, 5.65722474]), array([3.85837659, 3.85837659, 3.85837659, 3.85837659, 3.85837659,
       3.85837659, 3.85837659, 3.85837659, 3.85837659, 3.85837659,
       3.85837659, 3.85837659, 3.85837659, 3.91344831, 3.91344831,
       3.91344831, 3.91344831, 3.91344831, 3.91344831, 3.91344831,
       3.91344831, 3.91344831, 3.91344831, 3.91344831, 3.91344831,
       3.91344831, 3.91344831, 3.91344831, 3.91344831, 3.91344831]), array([4.6011012, 4.6011012, 4.6011012, 4.6011012, 4.6011012, 4.6011012,
       4.6011012, 4.6011012, 4.6011012, 4.6011012, 4.6011012, 4.6011012,
       4.6011012, 4.6011012, 4.6011012, 4.6011012, 4.6011012, 4.6011012,
       4.6011012, 4.6011012, 4.6011012, 4.6011012, 4.6011012, 4.6011012,
       4.6011012, 4.6011012, 4.6011012, 4.6011012, 4.6011012, 4.6011012]), array([0.94161557, 0.94161557, 0.94161557, 0.94161557, 0.94161557,
       0.94161557, 0.94161557, 0.94161557, 0.94161557, 0.94161557,
       0.94161557, 0.94161557, 0.94161557, 1.37676962, 1.37676962,
       1.37676962, 1.37676962, 1.37676962, 1.37676962, 1.37676962,
       1.37676962, 1.37676962, 1.37676962, 1.37676962, 1.37676962,
       1.37676962, 1.37676962, 1.37676962, 1.37676962, 1.37676962]), array([1.63412571, 1.63412571, 1.67261095, 1.67261095, 1.67261095,
       1.67261095, 1.67261095, 1.91051049, 1.91051049, 1.91051049,
       1.91051049, 1.91051049, 1.91051049, 1.91051049, 1.91051049,
       1.91051049, 2.30345364, 2.30345364, 2.30345364, 2.30345364,
       2.30345364, 2.30345364, 2.30345364, 2.30345364, 2.30345364,
       2.41564305, 2.41564305, 2.41564305, 2.41564305, 2.41564305]), array([8.29447803, 8.29447803, 8.29447803, 8.29447803, 8.29447803,
       8.29447803, 8.29447803, 8.29447803, 8.29447803, 8.29447803,
       8.45814401, 8.45814401, 8.45814401, 8.45814401, 8.45814401,
       8.45814401, 8.45814401, 8.45814401, 8.45814401, 8.45814401,
       8.45814401, 8.45814401, 8.66850291, 8.66850291, 8.66850291,
       8.66850291, 8.66850291, 8.66850291, 8.66850291, 8.66850291]), array([0.17470432, 0.17470432, 0.17470432, 1.59552048, 1.59552048,
       1.59552048, 1.59552048, 1.59552048, 1.59552048, 1.59552048,
       1.59552048, 1.59552048, 4.41861012, 4.41861012, 4.41861012,
       4.41861012, 4.41861012, 4.41861012, 4.41861012, 4.41861012,
       4.41861012, 4.42725829, 4.42725829, 4.42725829, 4.42725829,
       4.42725829, 4.42725829, 4.42725829, 4.42725829, 4.42725829]), array([], dtype=float64), array([7.09462655, 7.09462655, 7.13530042, 7.13530042, 7.13530042,
       7.13530042, 7.13530042, 7.13530042, 7.13530042, 7.13530042,
       7.13530042, 7.46637897, 7.46637897, 7.46637897, 7.46637897,
       7.46637897, 7.87289505, 7.87289505, 7.87289505, 7.87289505,
       7.87289505, 8.25927798, 8.25927798, 8.25927798, 8.25927798,
       8.25927798, 8.25927798, 8.25927798, 8.25927798, 8.25927798]), array([3.68340331, 3.68340331, 3.68340331, 3.68340331, 3.68340331,
       3.68340331, 3.71206543, 3.71206543, 3.71206543, 3.71206543,
       3.71206543, 3.71206543, 3.71206543, 3.71206543, 3.71206543,
       3.71206543, 3.71206543, 3.71206543, 3.71206543, 3.71206543,
       3.71206543, 3.71206543, 3.71206543, 3.71206543, 3.71206543,
       3.71206543, 3.71206543, 3.71206543, 3.71206543, 3.71206543]), array([5.97102601, 5.97102601, 5.97102601, 5.97102601, 5.97102601,
       5.97102601, 5.97102601, 5.97102601, 5.97102601, 5.97102601,
       8.02678771, 8.02678771, 8.02678771, 8.02678771, 8.02678771,
       8.02678771, 8.02678771, 8.02678771, 8.02678771, 8.02678771,
       8.02678771, 8.02678771, 8.02678771, 8.02678771, 9.94256395,
       9.94256395, 9.94256395, 9.94256395, 9.94256395, 9.94256395]), array([5.45579763, 5.45579763, 5.45579763, 5.45579763, 5.49110271,
       5.49110271, 5.49110271, 5.49110271, 5.49110271, 5.49110271,
       5.49110271, 5.49110271, 5.49110271, 5.49110271, 5.49110271,
       5.49110271, 5.49110271, 5.49110271, 5.49110271, 5.49110271,
       5.49110271, 5.49110271, 5.49110271, 5.49110271, 5.49110271,
       5.49110271, 5.49110271, 5.49110271, 5.49110271, 5.49110271]), array([6.67815903, 6.67815903, 6.67815903, 6.67815903, 8.2200427 ,
       8.2200427 , 8.2200427 , 8.2200427 , 8.2200427 , 8.2200427 ,
       8.2200427 , 8.2200427 , 8.2200427 , 8.2200427 , 8.2200427 ,
       8.2200427 , 8.2200427 , 8.2200427 , 8.2200427 , 8.2200427 ,
       8.2200427 , 9.03974226, 9.03974226, 9.03974226, 9.03974226,
       9.03974226, 9.03974226, 9.03974226, 9.03974226, 9.03974226]), array([5.43936121, 5.43936121, 5.43936121, 5.62186423, 5.62186423,
       5.62186423, 5.62186423, 5.62186423, 5.62186423, 5.62186423,
       5.62186423, 5.62186423, 5.62186423, 5.62186423, 5.62186423,
       5.62186423, 5.65722474, 5.65722474, 5.65722474, 5.65722474,
       5.65722474, 6.51447947, 6.51447947, 6.51447947, 6.51447947,
       6.51447947, 6.51447947, 6.51447947, 6.51447947, 6.51447947]), array([5.29054733, 5.29054733, 5.29054733, 5.29054733, 5.29054733,
       5.29054733, 5.29054733, 5.29054733, 5.29054733, 5.29054733,
       5.29054733, 5.29054733, 5.29054733, 5.29054733, 5.29054733,
       5.29054733, 5.29054733, 5.45598844, 5.45598844, 5.45598844,
       5.45598844, 5.45598844, 5.45598844, 5.45598844, 5.45598844,
       5.45598844, 5.45598844, 5.45598844, 5.45598844, 5.45598844]), array([7.91836945, 7.91836945, 7.91836945, 7.91836945, 7.91836945,
       7.91836945, 7.91836945, 7.91836945, 7.91836945, 7.91836945,
       7.91836945, 7.91836945, 7.91836945, 7.91836945, 7.91836945,
       7.99917536, 7.99917536, 7.99917536, 7.99917536, 7.99917536,
       7.99917536, 7.99917536, 7.99917536, 7.99917536, 7.99917536,
       7.99917536, 7.99917536, 7.99917536, 7.99917536, 7.99917536]), array([2.29490384, 2.29490384, 2.29490384, 2.29490384, 2.42772949,
       2.42772949, 2.42772949, 2.42772949, 2.42772949, 2.42772949,
       2.42772949, 2.42772949, 2.42772949, 2.42772949, 2.42772949,
       2.47767642, 2.47767642, 2.47767642, 2.47767642, 2.47767642,
       2.47767642, 2.47767642, 2.47767642, 2.47767642, 2.47767642,
       2.47767642, 2.47767642, 2.47767642, 2.47767642, 2.47767642]), array([4.14941289, 4.14941289, 4.14941289, 4.14941289, 4.14941289,
       4.14941289, 4.14941289, 4.14941289, 4.14941289, 4.14941289,
       4.16549402, 4.16549402, 4.16549402, 4.16549402, 4.16549402,
       4.16549402, 4.16549402, 4.16549402, 4.16549402, 4.16549402,
       4.18484117, 4.18484117, 4.18484117, 4.18484117, 4.18484117,
       4.18484117, 4.18484117, 4.18484117, 4.18484117, 4.18484117]), array([1.59552048, 1.59552048, 1.59552048, 1.59552048, 1.59552048,
       1.59552048, 1.59552048, 1.59552048, 1.59552048, 1.59552048,
       1.59552048, 1.59552048, 1.59552048, 1.73182961, 1.73182961,
       1.73182961, 1.73182961, 1.73182961, 1.73182961, 1.73182961,
       1.73182961, 1.73182961, 1.73182961, 1.73182961, 1.73182961,
       1.73182961, 1.73182961, 1.73182961, 1.73182961, 1.73182961]), array([0.58020279, 0.58020279, 0.62603081, 0.62603081, 0.62603081,
       0.62603081, 0.62603081, 0.62603081, 0.62603081, 0.62603081,
       0.62603081, 0.62603081, 0.70073678, 0.70073678, 0.70073678,
       0.70073678, 0.70073678, 0.70073678, 0.72787021, 0.72787021,
       0.72787021, 0.72787021, 0.72787021, 0.72787021, 0.91734964,
       0.91734964, 0.91734964, 0.91734964, 0.91734964, 0.91734964]), array([0.29482768, 0.29482768, 0.29482768, 0.29482768, 0.29482768,
       0.29482768, 0.29482768, 0.29482768, 0.29482768, 0.29482768,
       0.29482768, 0.29482768, 0.29482768, 0.29482768, 0.29482768,
       0.29482768, 0.29482768, 0.29482768, 0.29482768, 0.29482768,
       0.29482768, 0.29482768]), array([3.99689209, 3.99689209, 3.99689209, 3.99689209, 3.99689209,
       3.99689209, 3.99689209, 3.99689209, 3.99689209, 3.99689209,
       4.21372756, 4.21372756, 4.21372756, 4.21372756, 4.21372756,
       4.21372756, 4.21372756, 4.21372756, 4.21372756, 4.21372756,
       5.16174522, 5.16174522, 5.16174522, 5.16174522, 5.16174522,
       5.16174522, 5.16174522, 5.16174522, 5.16174522, 5.16174522]), array([3.47875521, 3.47875521, 3.47875521, 3.47875521, 3.47875521,
       3.47875521, 3.47875521, 3.47875521, 3.47875521, 3.47875521,
       4.27766879, 4.27766879, 4.27766879, 4.27766879, 4.27766879,
       4.27766879, 4.27766879, 4.27766879, 4.27766879, 4.27766879]), array([0.58020279, 0.58020279, 0.58020279, 1.02742725, 1.02742725,
       1.02742725, 1.02742725, 1.02742725, 1.02742725, 1.02742725,
       1.02742725, 1.02742725, 2.86179072, 2.86179072, 2.86179072,
       2.86179072, 2.86179072, 2.86179072, 2.86179072, 2.86179072,
       2.86179072, 4.99585668, 4.99585668, 4.99585668, 4.99585668,
       4.99585668, 4.99585668, 4.99585668, 4.99585668, 4.99585668]), array([ 9.44495418,  9.83718178,  9.83718178,  9.83718178,  9.83718178,
        9.83718178,  9.92484273,  9.92484273,  9.92484273,  9.92484273,
        9.92484273,  9.94256395,  9.94256395,  9.94256395,  9.94256395,
        9.94256395, 10.24903502, 10.24903502, 10.24903502, 10.24903502,
       10.24903502, 10.24903502, 10.24903502, 10.24903502, 10.24903502,
       10.48896125, 10.48896125, 10.48896125, 10.48896125, 10.48896125]), array([5.40472774, 5.40472774, 5.40472774, 5.79786307, 5.79786307,
       5.79786307, 5.79786307, 5.79786307, 5.79786307, 5.79786307,
       5.79786307, 5.79786307, 5.97102601, 5.97102601, 5.97102601,
       5.97102601, 5.97102601, 5.97102601, 5.97102601, 5.97102601,
       5.97102601, 6.31078328, 6.31078328, 6.31078328, 6.31078328,
       6.31078328, 6.31078328, 6.31078328, 6.31078328, 6.31078328]), array([4.02855239, 4.02855239, 4.02855239, 4.02855239, 4.02855239,
       4.02855239, 4.02855239, 4.02855239, 4.02855239, 4.02855239,
       4.41861012, 4.41861012, 4.41861012, 4.41861012, 4.41861012,
       4.41861012, 4.41861012, 4.41861012, 4.41861012, 4.41861012,
       4.41861012, 4.41861012, 4.41861012, 4.41861012, 4.41861012,
       4.41861012, 4.41861012, 4.41861012, 4.41861012, 4.41861012]), array([5.14736752, 5.14736752, 5.14736752, 5.14736752, 5.14736752,
       5.14736752, 5.14736752, 5.14736752, 5.61171962, 5.61171962,
       5.61171962, 5.61171962, 5.61171962, 5.61171962, 5.61171962,
       5.61171962, 5.61171962, 5.61171962, 5.61171962, 5.61171962,
       5.61171962, 5.61171962, 5.61171962, 5.61171962, 5.61171962,
       5.61171962, 5.61171962, 5.61171962, 5.61171962, 5.61171962]), array([1.48525186, 1.48525186, 1.48525186, 1.48525186, 1.48525186,
       1.48525186, 1.48525186, 1.48525186, 1.48525186, 1.48525186,
       1.48525186, 1.48525186, 1.48525186, 1.48525186, 1.48525186,
       1.48525186, 1.48525186, 1.48525186, 1.48525186, 1.48525186,
       1.48525186, 1.48525186, 1.48525186, 1.48525186, 1.48525186,
       1.48525186, 1.48525186, 1.48525186, 1.48525186, 1.48525186]), array([5.45598844, 5.45598844, 5.49110271, 5.49110271, 5.49110271,
       5.49110271, 5.49110271, 5.49110271, 5.49110271, 5.49110271,
       5.49110271, 5.49110271, 5.49110271, 5.49110271, 5.54832192,
       5.54832192, 5.54832192, 5.54832192, 5.54832192, 5.54832192,
       5.54832192, 5.54832192, 5.54832192, 5.54832192, 5.54832192,
       5.54832192, 5.57157988, 5.57157988, 5.57157988, 5.57157988]), array([8.79376722, 8.79376722, 8.79376722, 8.79376722, 8.79376722,
       8.79376722, 8.79376722, 8.79376722, 8.79376722, 8.79376722,
       8.79376722, 8.79376722, 8.79376722, 9.18397814, 9.18397814,
       9.18397814, 9.18397814, 9.18397814, 9.18397814, 9.18397814,
       9.18397814, 9.18397814, 9.18397814, 9.18397814, 9.18397814,
       9.18397814, 9.18397814, 9.18397814, 9.18397814, 9.18397814]), array([2.0392463 , 2.21643472, 2.21643472, 2.21643472, 2.21643472,
       2.21643472, 2.7146401 , 2.7146401 , 2.7146401 , 2.7146401 ,
       2.7146401 , 2.7238345 , 2.7238345 , 2.7238345 , 2.7238345 ,
       2.7238345 , 2.90245142, 2.90245142, 2.90245142, 2.90245142,
       2.90245142, 2.90245142, 2.90245142, 2.90245142, 2.90245142,
       3.52264766, 3.52264766, 3.52264766, 3.52264766, 3.52264766]), array([3.68340331, 3.68340331, 3.71206543, 3.71206543, 3.71206543,
       3.71206543, 3.71206543, 3.71206543, 3.71206543, 3.71206543,
       3.71206543, 3.71206543, 3.79048101, 3.79048101, 3.79048101,
       3.79048101, 3.79048101, 3.79048101, 3.79048101, 3.79048101,
       3.79048101, 3.79048101, 3.79048101, 3.79048101, 3.79048101,
       3.79048101, 3.79048101, 3.79048101, 3.79048101, 3.79048101]), array([0.36014923, 0.36014923, 0.36014923, 0.36014923, 0.36014923,
       0.36014923, 0.36014923, 0.36014923, 0.36014923, 0.36014923,
       0.36014923, 0.36014923, 0.36014923, 0.36014923]), array([4.6439625 , 4.6439625 , 4.6439625 , 4.6439625 , 4.6439625 ,
       4.6439625 , 4.6439625 , 4.6439625 , 4.6439625 , 4.6439625 ,
       4.6439625 , 4.6439625 , 4.71339753, 4.71339753, 4.71339753,
       4.71339753, 4.71339753, 4.71339753, 4.71339753, 4.71339753,
       4.71339753, 4.71339753, 4.71339753, 4.71339753, 4.71339753,
       4.80023637, 4.80023637, 4.80023637, 4.80023637, 4.80023637]), array([0.65416375, 0.65416375, 0.65416375, 0.65416375, 0.65416375,
       0.65416375, 0.65416375, 0.65416375, 0.65416375, 0.65416375,
       0.65416375, 0.65416375, 2.26586824, 2.26586824, 2.26586824,
       2.26586824, 2.26586824, 2.26586824, 2.26586824, 2.26586824,
       2.26586824, 4.07935893, 4.07935893, 4.07935893, 4.07935893,
       4.07935893, 4.07935893, 4.07935893, 4.07935893, 4.07935893]), array([4.48042913, 4.48042913, 4.48042913, 4.56741741, 4.56741741,
       4.56741741, 4.56741741, 4.56741741, 4.71339753, 4.71339753,
       4.71339753, 4.71339753, 4.71339753, 4.71339753, 4.71339753,
       4.71339753, 4.71339753, 4.71339753, 4.71339753, 4.71339753,
       4.71339753, 4.72285611, 4.72285611, 4.72285611, 4.72285611,
       4.72285611, 4.72285611, 4.72285611, 4.72285611, 4.72285611]), array([5.68970123, 5.68970123, 5.68970123, 5.68970123, 5.68970123,
       5.68970123, 5.68970123, 5.68970123, 5.98369928, 5.98369928,
       5.98369928, 5.98369928, 5.98369928, 5.98369928, 5.98369928,
       5.98369928, 5.98369928, 5.98369928, 5.98369928, 5.98369928,
       5.98369928, 5.98369928, 5.98369928, 5.98369928, 5.98369928,
       5.98369928, 5.98369928, 5.98369928, 5.98369928, 5.98369928]), array([5.12684071, 5.12684071, 5.12684071, 5.12684071, 5.12684071,
       5.12684071, 5.12684071, 5.42594361, 5.42594361, 5.42594361,
       5.42594361, 5.42594361, 6.57462532, 6.57462532, 6.57462532,
       6.57462532, 6.57462532, 6.57462532, 6.57462532, 6.57462532,
       6.57462532, 6.57462532, 6.57462532, 6.57462532, 6.57462532,
       6.67815903, 6.67815903, 6.67815903, 6.67815903, 6.67815903]), array([5.25676575, 5.25676575, 5.25676575, 5.25676575, 5.26721289,
       5.26721289, 5.26721289, 5.26721289, 5.26721289, 5.26721289,
       5.26721289, 5.26721289, 5.26721289, 5.26721289, 5.26721289,
       5.26721289, 5.26721289, 5.26721289, 5.26721289, 5.26721289,
       5.26721289, 5.26721289, 5.26721289, 5.26721289, 5.26721289,
       5.26721289, 5.26721289, 5.26721289, 5.26721289, 5.26721289]), array([4.6877099 , 4.6877099 , 4.6877099 , 4.6877099 , 4.6877099 ,
       4.6877099 , 4.73068525, 4.73068525, 4.73068525, 4.73068525,
       4.73068525, 4.73068525, 4.73068525, 4.73068525, 4.73068525,
       4.73068525, 4.73068525, 4.73068525, 4.73068525, 4.73068525,
       4.77250062, 4.77250062, 4.77250062, 4.77250062, 4.77250062,
       4.77250062, 4.77250062, 4.77250062, 4.77250062, 4.77250062]), array([0.06610623, 0.06610623, 0.06610623, 0.06610623, 0.06610623,
       0.06610623, 0.06610623, 0.06610623, 0.06610623, 0.06610623,
       0.06610623, 0.06610623, 0.06610623, 0.06610623, 0.06610623,
       0.06610623, 0.06610623, 0.06610623, 0.06610623, 0.06610623,
       0.06610623, 0.06610623, 0.06610623]), array([9.18397814, 9.18397814, 9.18397814, 9.18397814, 9.18397814,
       9.18397814, 9.18397814, 9.18397814, 9.18397814, 9.18397814,
       9.38154999, 9.38154999, 9.38154999, 9.38154999, 9.38154999,
       9.38154999, 9.38154999, 9.38154999, 9.38154999, 9.38154999,
       9.47068057, 9.47068057, 9.47068057, 9.47068057, 9.47068057,
       9.47068057, 9.47068057, 9.47068057, 9.47068057, 9.47068057]), array([2.47767642, 2.50864163, 2.50864163, 2.50864163, 2.50864163,
       2.50864163, 2.50864163, 2.50864163, 2.50864163, 2.50864163,
       2.50870044, 2.50870044, 2.50870044, 2.50870044, 2.50870044,
       2.56168132, 2.56168132, 2.56168132, 2.56168132, 2.56168132,
       2.58142459, 2.58142459, 2.58142459, 2.58142459, 2.58142459,
       2.63071495, 2.63071495, 2.63071495, 2.63071495, 2.63071495]), array([2.43469474, 2.43469474, 2.43469474, 2.43469474, 2.43469474,
       2.43469474, 2.43469474, 2.43469474, 2.43469474, 2.43469474,
       2.43469474, 2.50864163, 2.50864163, 2.50864163, 2.50864163,
       2.50864163, 2.50864163, 2.50864163, 2.50864163, 2.50864163,
       2.50864163, 2.50864163, 2.50864163, 2.50864163, 2.50864163,
       2.50864163, 2.50864163, 2.50864163, 2.50864163, 2.50864163]), array([6.93627902, 6.93627902, 6.93627902, 6.93627902, 6.93627902,
       6.93627902, 6.93627902, 6.93627902, 6.94180276, 6.94180276,
       6.94180276, 6.94180276, 6.94180276, 6.94180276, 6.94180276,
       6.94180276, 6.94180276, 6.94180276, 6.94180276, 6.94180276,
       6.94180276, 7.01798131, 7.01798131, 7.01798131, 7.01798131,
       7.01798131, 7.01798131, 7.01798131, 7.01798131, 7.01798131]), array([1.33406531, 1.33406531, 1.33406531, 1.33406531, 1.33406531,
       1.33406531, 1.33406531, 1.33406531, 1.33406531, 1.33406531,
       1.33406531, 1.33406531, 2.26586824, 2.26586824, 2.26586824,
       2.26586824, 2.26586824, 2.4932798 , 2.4932798 , 2.4932798 ,
       2.4932798 , 2.4932798 , 2.4932798 , 2.4932798 , 2.4932798 ,
       2.4932798 , 2.4932798 , 2.4932798 , 2.4932798 , 2.4932798 ]), array([4.09643084, 4.09643084, 4.09643084, 4.20694714, 4.20694714,
       4.20694714, 4.20694714, 4.20694714, 4.20694714, 4.20694714,
       4.20694714, 4.20694714, 4.26871846, 4.26871846, 4.26871846,
       4.26871846, 4.26871846, 4.41861012, 4.41861012, 4.41861012,
       4.41861012, 4.41861012, 4.41861012, 4.41861012, 4.41861012,
       4.41861012, 4.41861012, 4.41861012, 4.41861012, 4.41861012]), array([6.4769874 , 6.4769874 , 6.4769874 , 6.4769874 , 6.4769874 ,
       6.4769874 , 6.4769874 , 6.4769874 , 6.4769874 , 6.4769874 ,
       6.4769874 , 6.4769874 , 6.53373751, 6.53373751, 6.53373751,
       6.53373751, 6.53373751, 6.53373751, 6.53373751, 6.53373751,
       6.53373751, 6.54486303, 6.54486303, 6.54486303, 6.54486303,
       6.54486303, 6.54486303, 6.54486303, 6.54486303, 6.54486303]), array([4.72041977, 4.72041977, 4.72041977, 4.72041977, 4.72041977,
       4.72041977, 4.72041977, 4.72041977, 4.72041977, 4.72041977,
       4.72041977, 4.72041977, 4.72041977, 4.72041977, 4.72041977,
       4.72041977, 4.72041977, 4.72041977, 4.72041977, 4.72041977,
       4.72041977, 4.72041977, 4.72041977, 4.72041977, 4.72041977,
       4.72041977, 4.72041977, 4.72041977, 4.72041977, 4.72041977]), array([7.1908655 , 7.1908655 , 7.1908655 , 7.1908655 , 7.1908655 ,
       7.1908655 , 7.1908655 , 7.1908655 , 7.1908655 , 7.1908655 ,
       7.1908655 , 7.1908655 , 7.1908655 , 7.65488874, 7.65488874,
       7.65488874, 7.65488874, 7.65488874]), array([4.07935893, 4.07935893, 4.07935893, 4.07935893, 4.07935893,
       4.07935893, 4.07935893, 4.07935893, 4.72285611, 4.72285611,
       4.72285611, 4.72285611, 4.72285611, 4.72285611, 4.72285611,
       4.72285611, 4.72285611, 4.72285611, 4.72285611, 4.72285611,
       4.72285611, 4.72285611, 4.72285611, 4.72285611, 4.72285611,
       6.31207254, 6.31207254, 6.31207254, 6.31207254, 6.31207254]), array([], dtype=float64), array([8.57635148, 8.57635148, 8.57635148, 8.57635148, 8.57635148,
       8.57635148, 8.57635148, 8.57635148, 8.65580497, 8.65580497,
       8.65580497, 8.65580497, 8.65580497, 8.65580497, 8.65580497,
       8.65580497, 8.65580497, 8.65580497, 8.65580497, 8.65580497,
       8.65580497, 8.66850291, 8.66850291, 8.66850291, 8.66850291,
       8.66850291, 8.66850291, 8.66850291, 8.66850291, 8.66850291]), array([8.02678771, 8.02678771, 8.02678771, 8.02678771, 8.02678771,
       8.02678771, 8.02678771, 8.02678771, 8.02678771, 8.02678771,
       8.02678771, 8.02678771, 8.02678771, 8.02678771, 8.02678771,
       8.02678771, 8.02678771, 8.02678771, 8.02678771, 8.02678771,
       8.02678771, 8.02678771, 8.02678771, 8.02678771, 8.02678771,
       8.02678771, 8.02678771, 8.02678771, 8.02678771, 8.02678771]), array([7.09462655, 7.665465  , 7.665465  , 7.665465  , 7.665465  ,
       7.665465  , 7.665465  , 7.665465  , 7.665465  , 7.665465  ,
       7.665465  , 7.665465  , 7.665465  , 7.665465  , 7.665465  ,
       7.665465  , 7.665465  , 7.665465  , 7.665465  , 7.665465  ,
       7.665465  , 7.665465  , 7.665465  , 7.665465  , 7.665465  ,
       7.665465  , 7.665465  , 7.665465  , 7.665465  , 7.665465  ]), array([5.82220092, 5.82220092, 5.82220092, 5.82220092, 5.82220092,
       5.82220092, 5.82220092, 5.88979665, 5.88979665, 5.88979665,
       5.88979665, 5.88979665, 5.88979665, 5.88979665, 5.88979665,
       5.88979665, 5.97102601, 5.97102601, 5.97102601, 5.97102601,
       5.97102601, 5.97102601, 5.97102601, 5.97102601, 5.97102601,
       5.98369928, 5.98369928, 5.98369928, 5.98369928, 5.98369928]), array([6.67815903, 6.67815903, 6.67815903, 6.80512424, 6.80512424,
       6.80512424, 6.80512424, 6.80512424, 6.80512424, 6.80512424,
       6.80512424, 6.80512424, 6.80512424, 6.80512424, 6.80512424,
       6.80512424, 6.93616182, 6.93616182, 6.93616182, 6.93616182,
       6.93616182, 6.93616182, 6.93616182, 6.93616182, 6.93616182,
       6.96249811, 6.96249811, 6.96249811, 6.96249811, 6.96249811]), array([3.04170983, 3.04170983, 3.04170983, 3.04170983, 3.04170983,
       3.04170983, 3.04170983, 3.04170983, 3.04170983, 3.04170983,
       3.04170983, 3.04170983, 3.04170983, 3.04170983, 3.04170983,
       3.04170983, 3.04170983, 3.04170983, 3.04170983, 3.04170983,
       3.04170983, 3.04170983, 3.04170983, 3.04170983, 3.43170959,
       3.43170959, 3.43170959, 3.43170959, 3.43170959, 3.43170959]), array([4.09643084, 4.09643084, 4.09643084, 4.30247087, 4.30247087,
       4.30247087, 4.30247087, 4.30247087, 4.30247087, 4.30247087,
       4.30247087, 4.30247087, 4.30247087, 4.30247087, 4.30247087,
       4.30247087, 4.30247087, 4.30247087, 4.30247087, 4.30247087,
       4.30247087, 4.30247087, 4.30247087, 4.30247087, 4.30247087,
       4.30247087, 4.30247087, 4.30247087, 4.30247087, 4.30247087]), array([7.68815982, 7.68815982, 7.68815982, 7.68815982, 7.68815982,
       7.68815982, 7.68815982, 7.68815982, 7.68815982, 7.68815982,
       7.68815982, 7.68815982, 7.68815982, 7.68815982, 7.68815982,
       7.68815982, 7.68815982, 7.68815982, 7.68815982, 7.68815982,
       7.99917536, 7.99917536, 7.99917536, 7.99917536, 7.99917536,
       7.99917536, 7.99917536, 7.99917536, 7.99917536, 7.99917536]), array([1.95701523, 1.95701523, 1.95701523, 1.95701523, 1.95701523,
       1.95701523, 1.95701523, 1.95701523, 1.95701523, 1.95701523,
       1.95701523, 1.95701523, 1.95701523, 1.95701523, 1.95701523,
       1.95701523, 2.15697416, 2.15697416, 2.15697416, 2.15697416,
       2.15697416, 2.15697416, 2.15697416, 2.15697416, 2.15697416,
       2.15697416, 2.15697416, 2.15697416, 2.15697416, 2.15697416]), array([3.79048101, 3.79048101, 3.79048101, 3.79048101, 3.79048101,
       3.79048101, 3.79048101, 3.79048101, 3.79048101, 3.79048101,
       3.79048101, 3.79048101, 3.79048101, 3.79048101, 3.79048101,
       3.79048101, 3.79048101, 3.79048101, 3.79048101, 3.79048101,
       3.79048101, 3.79048101, 3.79048101, 3.79048101, 3.79048101,
       3.79048101, 3.79048101, 3.79048101, 3.79048101, 3.79048101]), array([1.64042299, 1.64042299, 1.64042299, 1.64042299, 1.64042299,
       1.64042299, 1.64042299, 1.64042299, 1.64042299, 1.64042299,
       1.64042299, 1.64042299, 1.64042299, 1.73182961, 1.73182961,
       1.73182961, 1.73182961, 1.73182961, 1.73182961, 1.73182961,
       1.73182961, 1.73182961, 1.73182961, 1.73182961, 1.73182961,
       1.73182961, 1.73182961, 1.73182961, 1.73182961, 1.73182961]), array([7.81701961, 7.81701961, 7.81701961, 7.81701961, 8.02628041,
       8.02628041, 8.02628041, 8.02628041, 8.02628041, 8.02628041,
       8.02628041, 8.02628041, 8.02628041, 8.278392  , 8.278392  ,
       8.278392  , 8.278392  , 8.278392  , 8.278392  , 8.278392  ,
       8.278392  , 8.278392  , 8.278392  , 8.278392  , 8.278392  ,
       8.278392  , 8.278392  , 8.278392  , 8.278392  , 8.278392  ]), array([8.45814401, 8.45814401, 8.45814401, 8.45814401, 8.45814401,
       8.45814401, 8.45814401, 8.45814401, 8.45814401, 8.45814401,
       8.57635148, 8.57635148, 8.57635148, 8.57635148, 8.57635148,
       8.57635148, 8.57635148, 8.57635148, 8.57635148, 8.57635148,
       8.57635148, 8.57635148, 8.57635148, 8.57635148, 8.57635148,
       8.57635148, 8.57635148, 8.57635148, 8.57635148, 8.57635148]), array([8.2200427 , 8.2200427 , 8.2200427 , 8.2200427 , 8.2200427 ,
       8.2200427 , 8.2200427 , 8.2200427 , 8.2200427 , 8.2200427 ,
       8.2200427 , 8.2200427 , 8.2200427 , 8.2200427 , 8.2200427 ,
       8.2200427 , 8.2200427 , 8.2200427 , 8.25927798, 8.25927798,
       8.25927798, 8.25927798, 8.25927798, 8.25927798, 8.29447803,
       8.29447803, 8.29447803, 8.29447803, 8.29447803, 8.29447803]), array([1.46272821, 1.46272821, 1.46272821, 1.46272821, 1.46272821,
       1.63741899, 1.63741899, 1.63741899, 1.63741899, 1.63741899,
       4.77250062, 4.77250062, 4.77250062, 4.77250062, 4.77250062]), array([0.65416375, 0.65416375, 0.65416375, 0.65416375, 0.71988673,
       0.71988673, 0.71988673, 0.71988673, 0.71988673, 0.71988673,
       0.71988673, 0.71988673, 0.71988673, 0.71988673, 0.71988673,
       0.71988673, 0.71988673, 0.71988673, 0.71988673, 0.71988673,
       0.71988673, 0.71988673, 0.71988673, 0.72787021, 0.72787021,
       0.72787021, 0.72787021, 0.72787021, 0.72787021, 0.72787021]), array([5.45579763, 5.45579763, 5.45579763, 5.45579763, 5.45579763,
       5.45579763, 5.45579763, 5.45579763, 5.45579763, 5.45579763,
       5.45579763, 6.80512424, 6.80512424, 6.80512424, 6.80512424,
       6.80512424, 6.80512424, 6.80512424, 6.80512424, 6.80512424,
       6.80512424, 6.80512424, 6.80512424, 6.80512424, 6.80512424,
       6.80512424, 6.80512424, 6.80512424, 6.80512424, 6.80512424]), array([0.72787021, 0.72787021, 0.72787021, 0.72787021, 0.72787021,
       0.72787021, 0.72787021, 0.72787021, 0.72787021]), array([5.40472774, 5.40472774, 5.45598844, 5.45598844, 5.45598844,
       5.45598844, 5.45598844, 5.45598844, 5.45598844, 5.45598844,
       5.45598844, 5.45598844, 5.61171962, 5.61171962, 5.61171962,
       5.61171962, 5.61171962, 5.61171962, 5.61171962, 5.61171962,
       5.61171962, 5.61171962, 5.61171962, 5.61171962, 5.61171962,
       5.61171962, 5.61171962, 5.61171962, 5.61171962, 5.61171962]), array([0.06610623, 0.17470432, 0.17470432, 0.17470432, 0.17470432,
       0.17470432, 0.17470432, 0.17470432, 0.17470432, 0.17470432,
       0.17470432, 0.17470432, 0.17470432, 0.17470432, 0.17470432,
       0.17470432, 0.17470432, 0.17470432, 0.17470432, 0.17470432,
       0.17470432, 0.17470432, 0.17470432, 0.17470432, 0.17470432,
       0.17470432, 0.17470432, 0.17470432, 0.17470432, 0.17470432]), array([4.98417069, 4.98417069, 4.98417069, 4.98417069, 4.98417069,
       4.98417069, 4.98417069, 4.98417069, 4.98417069, 4.98417069,
       4.98417069, 4.98417069, 4.98417069, 4.98417069, 4.98417069,
       4.98417069, 4.98417069, 5.68970123, 5.68970123, 5.68970123,
       5.68970123, 5.68970123, 5.68970123, 5.68970123, 5.68970123,
       5.68970123, 5.68970123, 5.68970123, 5.68970123, 5.68970123]), array([4.02855239, 4.02855239, 4.02855239, 4.02855239, 4.30247087,
       4.30247087, 4.30247087, 4.30247087, 4.30247087, 4.30247087,
       4.30247087, 4.30247087, 4.30247087, 4.30247087, 4.30247087,
       4.30247087, 4.30247087, 4.32988877, 4.32988877, 4.32988877,
       4.32988877, 4.32988877, 4.32988877, 4.32988877, 4.32988877,
       4.32988877, 4.32988877, 4.32988877, 4.32988877, 4.32988877]), array([6.31207254, 6.31207254, 6.31207254, 6.31207254, 6.31207254,
       6.31207254, 6.31207254, 6.31207254, 6.31207254, 6.31207254,
       6.31207254, 6.31207254, 6.31207254, 6.31207254, 6.31207254,
       6.31207254, 6.31207254, 6.31207254, 6.31207254, 6.31207254,
       6.31207254, 6.31207254, 6.31207254, 6.31207254, 6.31207254,
       6.31207254, 6.31207254, 6.31207254, 6.31207254, 6.31207254]), array([6.51447947, 6.51447947, 6.51447947, 6.51447947, 6.51447947,
       6.51447947, 6.51447947, 6.51447947, 6.51447947, 6.51447947,
       6.51447947, 6.51447947, 6.51447947, 6.51447947, 6.51447947,
       6.51447947, 6.51447947, 6.51447947, 6.51447947, 6.51447947,
       6.51447947, 6.51447947, 6.51447947, 6.51447947, 6.51447947,
       6.51447947, 6.51447947, 6.51447947, 6.51447947, 6.51447947]), array([], dtype=float64), array([0.02394042, 0.02394042, 0.02394042, 0.02394042, 0.02394042,
       0.02394042, 0.02394042, 0.02394042, 0.02394042]), array([1.97383496, 1.97383496, 1.97383496, 1.97383496, 1.97383496,
       1.97383496, 1.97383496, 1.97383496, 1.97383496, 1.97383496,
       1.97864085, 1.97864085, 1.97864085, 1.97864085, 1.97864085,
       1.97864085, 1.97864085, 1.97864085, 1.97864085, 1.97864085,
       1.97864085, 1.97864085, 1.97864085, 1.97864085, 1.97864085,
       1.97864085, 1.97864085, 1.97864085, 1.97864085, 1.97864085]), array([0.02394042, 0.02394042, 0.02394042, 0.02394042, 0.02394042,
       0.02394042, 0.02394042, 0.06610623, 0.06610623, 0.06610623,
       0.06610623, 0.06610623, 0.20645688, 0.20645688, 0.20645688,
       0.20645688, 0.20645688, 0.20645688, 0.20645688, 0.20645688,
       0.20645688, 0.29482768, 0.29482768, 0.29482768, 0.29482768,
       0.29482768, 0.29482768, 0.29482768, 0.29482768, 0.29482768]), array([4.87032748, 4.87032748, 5.04144507, 5.04144507, 5.04144507,
       5.04144507, 5.04144507, 5.17902913, 5.17902913, 5.17902913,
       5.17902913, 5.17902913, 5.17902913, 5.17902913, 5.17902913,
       5.17902913, 5.22270084, 5.22270084, 5.22270084, 5.22270084,
       5.22270084, 5.22270084, 5.22270084, 5.22270084, 5.22270084,
       5.25676575, 5.25676575, 5.25676575, 5.25676575, 5.25676575]), array([1.81865049, 1.81865049, 1.81865049, 1.81865049, 1.81865049,
       1.81865049, 1.81865049, 1.81865049, 1.81865049, 1.81865049,
       1.81865049, 1.81865049, 1.81865049, 1.81865049, 1.85431065,
       1.85431065, 1.85431065, 1.85431065, 1.85431065, 1.85431065,
       1.85431065, 1.85431065, 1.85431065, 1.85431065, 1.97864085,
       1.97864085, 1.97864085, 1.97864085, 1.97864085, 1.97864085]), array([2.26229142, 2.26229142, 2.26229142, 2.26229142, 2.26229142,
       2.26229142, 2.26229142, 2.26229142, 2.26229142, 2.26229142,
       2.26229142, 2.26229142, 2.26229142, 3.52143957, 3.52143957,
       3.52143957, 3.52143957, 3.52143957, 3.52143957, 3.52143957,
       3.52143957, 3.52143957, 5.22270084, 5.22270084, 5.22270084,
       5.22270084, 5.22270084]), array([8.65580497, 8.65580497, 8.65580497, 8.65580497, 8.65580497,
       8.65580497, 8.65580497, 8.65580497, 8.69422825, 8.69422825,
       8.69422825, 8.69422825, 8.69422825, 8.69422825, 8.69422825,
       8.69422825, 8.69422825, 8.69422825, 8.69422825, 8.69422825,
       8.69422825, 8.77983107, 8.77983107, 8.77983107, 8.77983107,
       8.77983107, 8.77983107, 8.77983107, 8.77983107, 8.77983107]), array([2.74002618, 2.74002618, 2.74002618, 3.04170983, 3.04170983,
       3.04170983, 3.04170983, 3.04170983, 3.25865901, 3.25865901,
       3.25865901, 3.25865901, 3.25865901, 3.25865901, 3.25865901,
       3.25865901, 3.25865901, 3.25865901, 3.25865901, 3.25865901,
       3.25865901, 3.85837659, 3.85837659, 3.85837659, 3.85837659,
       3.85837659, 3.85837659, 3.85837659, 3.85837659, 3.85837659]), array([0.72787021, 0.72787021, 0.72787021, 0.72787021, 0.72787021,
       0.72787021, 0.72787021, 0.81192032, 0.81192032, 0.81192032,
       0.81192032, 0.81192032, 0.82117869, 0.82117869, 0.82117869,
       0.82117869, 0.82117869, 0.82117869, 0.82117869, 0.82117869,
       0.82117869, 0.8865811 , 0.8865811 , 0.8865811 , 0.8865811 ,
       0.8865811 , 0.8865811 , 0.8865811 , 0.8865811 , 0.8865811 ]), array([2.60234658, 2.60234658, 2.60234658, 2.60234658, 2.60234658,
       2.96325797, 2.96325797, 2.96325797, 2.96325797, 2.96325797,
       2.96325797, 2.96325797, 2.96325797, 2.96325797, 2.96325797,
       2.96325797, 2.96325797, 2.96325797, 2.96325797, 2.96325797,
       2.96325797, 2.96325797, 2.96325797, 2.96325797, 2.96325797,
       2.96325797, 2.96325797, 2.96325797, 2.96325797, 2.96325797]), array([4.78892114, 4.78892114, 4.87522389, 4.87522389, 4.87522389,
       4.87522389, 4.87522389, 4.87522389, 4.87522389, 4.87522389,
       4.87522389, 4.87522389, 4.87522389, 4.87522389, 4.87522389,
       4.87522389, 4.87522389, 4.87522389, 4.87522389, 4.87522389,
       4.87522389, 4.87522389, 4.87522389, 4.87522389, 4.87522389,
       4.87522389, 4.87522389, 4.87522389, 4.87522389, 4.87522389]), array([4.55198119, 4.55198119, 4.55198119, 4.55198119, 4.55198119,
       4.55198119, 4.55198119, 4.55198119, 4.87522389, 4.87522389,
       4.87522389, 4.87522389, 4.87522389, 4.87522389, 4.87522389,
       4.87522389, 4.87522389, 4.89757497, 4.89757497, 4.89757497,
       4.89757497, 4.89757497, 4.89757497, 4.89757497, 4.89757497,
       4.89757497, 4.89757497, 4.89757497, 4.89757497, 4.89757497]), array([1.23023675, 1.23023675, 1.23023675, 1.23023675, 1.23023675,
       1.23023675, 1.23023675, 1.23023675, 1.23023675, 1.23023675,
       2.2137543 , 2.2137543 , 2.2137543 , 2.2137543 , 2.2137543 ,
       2.2137543 , 2.2137543 , 2.2137543 , 3.52450876, 3.52450876,
       3.52450876, 3.52450876, 3.52450876, 3.52450876, 3.52450876,
       3.52450876, 3.52450876, 3.52450876, 3.52450876, 3.52450876]), array([4.35588879, 4.35588879, 4.35588879, 4.35588879, 4.35588879,
       4.35588879, 4.35588879, 4.35588879, 4.35588879, 4.35588879,
       4.35588879, 4.35588879, 4.35588879, 4.38102352, 4.38102352,
       4.38102352, 4.38102352, 4.38102352, 4.38102352, 4.38102352,
       4.38102352, 4.38102352, 4.38102352, 4.38102352, 4.38102352,
       4.38102352, 4.38102352, 4.38102352, 4.38102352, 4.38102352]), array([2.90245142, 2.90245142, 2.90245142, 2.90245142, 3.25865901,
       3.25865901, 3.25865901, 3.25865901, 3.25865901, 3.25865901,
       3.25865901, 3.25865901, 3.25865901, 3.25865901, 3.25865901,
       3.25865901, 3.25865901, 3.3567469 , 3.3567469 , 3.3567469 ,
       3.3567469 , 3.3567469 , 3.3567469 , 3.3567469 , 3.3567469 ,
       3.3567469 , 3.3567469 , 3.3567469 , 3.3567469 , 3.3567469 ]), array([7.98157226, 7.98157226, 7.98157226, 7.98157226, 8.07240882,
       8.07240882, 8.07240882, 8.07240882, 8.07240882, 8.07240882,
       8.07240882, 8.07240882, 8.07240882, 8.07240882, 8.07240882,
       8.07240882, 8.07240882, 8.07240882, 8.07240882, 8.07240882,
       8.07240882, 8.07240882, 8.07240882, 8.07240882, 8.07240882,
       8.07240882, 8.07240882, 8.07240882, 8.07240882, 8.07240882]), array([4.99585668, 4.99585668, 4.99585668, 4.99585668, 4.99585668,
       4.99585668, 4.99585668, 4.99585668, 4.99585668, 4.99585668,
       5.17733049, 5.17733049, 5.17733049, 5.17733049, 5.17733049,
       5.17733049, 5.17733049, 5.17733049, 5.17733049, 5.17733049,
       5.17733049, 5.17733049, 5.17733049, 5.17733049, 5.17733049,
       5.17733049, 5.17733049, 5.17733049, 5.17733049, 5.17733049]), array([7.46637897, 7.46637897, 7.76425378, 7.76425378, 7.76425378,
       7.76425378, 7.76425378, 7.76425378, 7.76425378, 7.76425378,
       7.76425378, 7.81701961, 7.81701961, 7.81701961, 7.81701961,
       7.81701961, 8.65580497, 8.65580497, 8.65580497, 8.65580497,
       8.65580497, 8.65580497, 8.65580497, 8.65580497, 8.65580497,
       9.38154999, 9.38154999, 9.38154999, 9.38154999, 9.38154999]), array([2.20374681, 2.20374681, 2.20374681, 2.20374681, 2.20374681,
       2.20374681, 2.2137543 , 2.2137543 , 2.2137543 , 2.2137543 ,
       2.2137543 , 2.2137543 , 2.2137543 , 2.2137543 , 2.2137543 ,
       2.2137543 , 2.2137543 , 2.2137543 , 2.2137543 , 2.2137543 ,
       2.2137543 , 2.2137543 , 2.23431764, 2.23431764, 2.23431764,
       2.23431764, 2.23431764, 2.23431764, 2.23431764, 2.23431764]), array([1.7904992 , 1.86624849, 1.86624849, 1.86624849, 1.86624849,
       1.86624849, 1.86624849, 1.86624849, 1.86624849, 1.86624849,
       1.86624849, 1.86624849, 1.86624849, 1.86624849, 1.86624849,
       1.86624849, 1.86624849, 1.86624849, 1.86624849, 1.86624849,
       1.86624849, 1.86624849, 1.86624849, 1.86624849, 1.86624849,
       1.86624849, 1.86624849, 1.86624849, 1.86624849, 1.86624849]), array([4.86714686, 4.86714686, 4.86714686, 4.86714686, 4.86714686,
       4.86714686, 4.86714686, 5.17733049, 5.17733049, 5.17733049,
       5.17733049, 5.17733049, 5.17733049, 5.17733049, 5.17733049,
       5.17733049, 5.17733049, 5.17733049, 5.17733049, 5.17733049,
       5.17733049, 5.17733049, 5.17733049, 5.17733049, 5.17733049,
       5.17733049, 5.17733049, 5.17733049, 5.17733049, 5.17733049]), array([], dtype=float64), array([4.78892114, 4.78892114, 4.78892114, 4.78892114, 4.78892114,
       4.78892114, 4.78892114, 4.78892114, 4.78892114, 4.78892114,
       4.78892114, 4.78892114, 4.78892114, 4.78892114, 4.78892114,
       4.78892114, 4.78892114, 4.98565596, 4.98565596, 4.98565596,
       4.98565596, 4.98565596, 4.98565596, 4.98565596, 4.98565596,
       4.98565596, 4.98565596, 4.98565596, 4.98565596, 4.98565596]), array([2.42772949, 2.42772949, 2.42772949, 2.42772949, 2.42772949,
       2.42772949, 2.42772949, 2.43469474, 2.43469474, 2.43469474,
       2.43469474, 2.43469474, 2.47767642, 2.47767642, 2.47767642,
       2.47767642, 2.47767642, 2.47767642, 2.47767642, 2.47767642,
       2.47767642, 2.59562326, 2.59562326, 2.59562326, 2.59562326,
       2.59562326, 2.59562326, 2.59562326, 2.59562326, 2.59562326]), array([0.        , 0.        , 0.        , 0.        , 0.        ,
       0.        , 0.        , 0.        , 0.        , 0.        ,
       0.        , 0.        , 0.        , 0.        , 0.        ,
       0.        , 0.52932931, 0.52932931, 0.52932931, 0.52932931,
       0.52932931, 0.52932931, 0.52932931, 0.52932931, 0.52932931,
       0.52932931, 0.52932931, 0.52932931, 0.52932931, 0.52932931]), array([6.51447947, 6.51447947, 6.51447947, 6.51447947, 6.51447947,
       6.51447947, 6.51447947, 6.51447947, 6.69613614, 6.69613614,
       6.69613614, 6.69613614, 6.69613614, 6.69613614, 6.69613614,
       6.69613614, 6.69613614, 6.69613614, 6.69613614, 6.69613614,
       6.69613614, 6.69613614, 6.69613614, 6.69613614, 6.69613614,
       6.69613614, 6.69613614, 6.69613614, 6.69613614, 6.69613614]), array([5.14736752, 5.14736752, 5.14736752, 5.17733049, 5.17733049,
       5.17733049, 5.17733049, 5.17733049, 5.17733049, 5.17733049,
       5.17733049, 5.17733049, 5.22270084, 5.22270084, 5.22270084,
       5.22270084, 5.22270084, 5.22270084, 5.22270084, 5.22270084,
       5.22270084, 5.29054733, 5.29054733, 5.29054733, 5.29054733,
       5.29054733, 5.29054733, 5.29054733, 5.29054733, 5.29054733]), array([7.56042734, 7.56042734, 7.56042734, 7.56042734, 7.56042734,
       7.56042734, 7.56042734, 7.82061259, 7.82061259, 7.82061259,
       7.82061259, 7.82061259, 8.25927798, 8.25927798, 8.25927798,
       8.25927798, 8.25927798, 8.25927798, 8.25927798, 8.25927798,
       8.25927798, 8.43697418, 8.43697418, 8.43697418, 8.43697418,
       8.43697418, 8.43697418, 8.43697418, 8.43697418, 8.43697418]), array([7.69677779, 7.69677779, 7.69677779, 7.69677779, 7.93866823,
       7.93866823, 7.93866823, 7.93866823, 7.93866823, 7.93866823,
       7.93866823, 7.93866823, 7.93866823, 7.93866823, 7.93866823,
       7.93866823, 7.93866823, 8.33683284, 8.33683284, 8.33683284,
       8.33683284, 8.33683284, 8.33683284, 8.33683284, 8.33683284,
       8.33683284, 8.33683284, 8.33683284, 8.33683284, 8.33683284]), array([3.52143957, 3.52143957, 3.52143957, 3.52143957, 3.52143957,
       3.60274912, 3.60274912, 3.60274912, 3.60274912, 3.60274912,
       3.60274912, 3.60274912, 3.60274912, 3.60274912, 3.60274912,
       3.60274912, 3.60274912, 3.60274912, 3.60274912, 3.60274912,
       3.60274912, 3.60274912, 3.60274912, 3.60274912, 3.60274912,
       3.60274912, 3.60274912, 3.60274912, 3.60274912, 3.60274912]), array([3.8119534 , 3.8119534 , 3.8119534 , 3.8119534 , 3.8119534 ,
       3.8119534 , 3.8119534 , 3.8119534 , 3.85837659, 3.85837659,
       3.85837659, 3.85837659, 3.85837659, 3.85837659, 3.85837659,
       3.85837659, 3.85837659, 3.85837659, 3.85837659, 3.85837659,
       3.85837659, 4.09643084, 4.09643084, 4.09643084, 4.09643084,
       4.09643084, 4.09643084, 4.09643084, 4.09643084, 4.09643084]), array([2.90245142, 2.90245142, 2.90245142, 2.90245142, 2.90245142,
       2.90245142, 2.90245142, 2.90245142, 2.90245142, 2.90669141,
       2.90669141, 2.90669141, 2.90669141, 2.90669141, 2.90669141,
       2.90669141, 2.90669141, 2.90669141, 2.90669141, 2.90669141,
       2.90669141, 2.90669141, 2.90669141, 2.90669141, 2.90669141,
       2.90669141, 2.90669141, 2.90669141, 2.90669141, 2.90669141]), array([1.55480737, 1.55480737, 1.73182961, 1.73182961, 1.73182961,
       1.73182961, 1.73182961, 1.95701523, 1.95701523, 1.95701523,
       1.95701523, 1.95701523, 1.95701523, 1.95701523, 1.95701523,
       1.95701523, 1.97864085, 1.97864085, 1.97864085, 1.97864085,
       1.97864085, 1.97864085, 1.97864085, 1.97864085, 1.97864085,
       1.99473851, 1.99473851, 1.99473851, 1.99473851, 1.99473851]), array([1.86624849, 1.86624849, 1.88958745, 1.88958745, 1.88958745,
       1.88958745, 1.88958745, 1.88958745, 1.88958745, 1.88958745,
       1.88958745, 1.88958745, 1.88958745, 1.88958745, 1.88958745,
       1.88958745, 1.88958745, 1.88958745, 1.88958745, 1.88958745,
       1.88958745, 1.88958745, 1.88958745, 1.88958745, 1.88958745,
       1.88958745, 1.88958745, 1.88958745, 1.88958745, 1.88958745]), array([6.4769874, 6.4769874, 6.4769874, 6.4769874, 6.4769874, 6.4769874,
       6.4769874, 6.4769874, 6.4769874, 6.4769874, 6.4769874, 6.4769874,
       6.4769874, 6.4769874, 6.4769874, 6.4769874, 6.4769874, 6.4769874,
       6.4769874, 6.4769874, 6.4769874, 6.4769874, 6.4769874, 6.4769874,
       6.4769874, 6.4769874, 6.4769874, 6.4769874, 6.4769874, 6.4769874]), array([9.38154999, 9.38154999, 9.38154999, 9.38154999, 9.38154999,
       9.38154999, 9.38154999, 9.41112832, 9.41112832, 9.41112832,
       9.41112832, 9.41112832, 9.41112832, 9.41112832, 9.41112832,
       9.41112832, 9.79378923, 9.79378923, 9.79378923, 9.79378923,
       9.79378923, 9.98404068, 9.98404068, 9.98404068, 9.98404068,
       9.98404068, 9.98404068, 9.98404068, 9.98404068, 9.98404068]), array([9.44495418, 9.44495418, 9.44495418, 9.44495418, 9.44495418,
       9.44495418, 9.44495418, 9.44495418, 9.56861883, 9.56861883,
       9.56861883, 9.56861883, 9.56861883, 9.56861883, 9.56861883,
       9.56861883, 9.56861883, 9.56861883, 9.56861883, 9.56861883,
       9.56861883, 9.56861883, 9.56861883, 9.56861883, 9.56861883,
       9.56861883, 9.56861883, 9.56861883, 9.56861883, 9.56861883]), array([0.06538432, 0.06538432, 0.06538432, 0.06538432, 0.06538432]), array([6.46233364, 6.46233364, 6.46233364, 6.46233364, 6.49703095,
       6.49703095, 6.49703095, 6.49703095, 6.49703095, 6.49703095,
       6.49703095, 6.49703095, 6.49703095, 6.49703095, 6.68030354,
       6.68030354, 6.68030354, 6.68030354, 6.68030354, 6.68030354,
       6.68030354, 6.68030354, 6.68030354, 6.68030354, 6.91424296,
       6.91424296, 6.91424296, 6.91424296, 6.91424296, 6.91424296]), array([0.20956177, 0.20956177, 0.20956177, 0.20956177, 0.20956177,
       0.20956177, 0.20956177, 0.20956177, 0.20956177, 0.20956177,
       0.20956177, 0.20956177, 0.20956177]), array([6.94180276, 6.94180276, 6.94180276, 6.94180276, 6.94180276,
       6.94180276, 6.94180276, 6.94180276, 6.94180276, 6.94180276,
       6.94180276, 6.94180276, 6.94180276, 6.94180276, 6.94180276,
       7.01798131, 7.01798131, 7.01798131, 7.01798131, 7.01798131,
       7.01798131, 7.01798131, 7.01798131, 7.01798131, 7.01798131,
       7.01798131, 7.01798131, 7.01798131, 7.01798131, 7.01798131]), array([0.0043133 , 0.0043133 , 0.0043133 , 0.0043133 , 0.0043133 ,
       0.0043133 , 0.0043133 , 0.0043133 , 0.0043133 , 0.0043133 ,
       0.0043133 , 0.0043133 , 0.0043133 , 0.0043133 , 0.0043133 ,
       0.0043133 , 0.0043133 , 0.0043133 , 0.0043133 , 0.0043133 ,
       0.0043133 , 0.22962147, 0.22962147, 0.22962147, 0.22962147,
       0.22962147, 0.22962147, 0.22962147, 0.22962147, 0.22962147]), array([1.01600184, 1.01600184, 1.01600184, 1.01600184, 1.46272821,
       1.46272821, 1.46272821, 1.46272821, 1.46272821, 1.46272821,
       1.46272821, 1.46272821, 1.46272821, 1.46272821, 1.46272821,
       1.46272821, 1.46272821, 1.46272821, 1.46272821, 1.46272821,
       1.46272821, 1.46272821, 1.46272821, 1.46272821, 1.46272821,
       1.46272821, 1.46272821, 1.46272821, 1.46272821, 1.46272821]), array([10.16751475, 10.16751475, 10.16751475, 10.16751475, 10.16751475,
       10.16751475, 10.21122563, 10.21122563, 10.21122563, 10.21122563,
       10.21122563, 10.21122563, 10.21122563, 10.21122563, 10.21122563,
       10.21122563, 10.21122563, 10.21122563, 10.21122563, 10.21122563,
       10.21122563, 10.21122563, 10.21122563, 10.21122563, 10.21122563,
       10.21122563, 10.21122563, 10.21122563, 10.21122563, 10.21122563]), array([4.26871846, 4.26871846, 4.42725829, 4.42725829, 4.42725829,
       4.42725829, 4.42725829, 4.54753693, 4.54753693, 4.54753693,
       4.54753693, 4.54753693, 4.68799734, 4.68799734, 4.68799734,
       4.68799734, 4.68799734, 4.68799734, 4.68799734, 4.68799734,
       4.68799734, 4.71339753, 4.71339753, 4.71339753, 4.71339753,
       4.71339753, 4.71339753, 4.71339753, 4.71339753, 4.71339753]), array([3.12243268, 3.12243268, 3.35399861, 3.35399861, 3.35399861,
       3.35399861, 3.35399861, 3.35399861, 3.35399861, 3.35399861,
       3.35399861, 3.35399861, 3.79048101, 3.79048101, 3.79048101,
       3.79048101, 3.79048101, 3.79048101, 3.79048101, 3.79048101,
       3.79048101, 3.79048101, 3.79048101, 3.79048101, 3.79048101,
       3.79048101, 3.79048101, 3.79048101, 3.79048101, 3.79048101]), array([1.46272821, 1.46272821, 1.46272821, 1.59552048, 1.59552048,
       1.59552048, 1.59552048, 1.59552048, 1.59552048, 1.59552048,
       1.59552048, 1.59552048, 1.78908442, 1.78908442, 1.78908442,
       1.78908442, 1.78908442, 1.78908442, 1.78908442, 1.78908442,
       1.78908442, 1.78908442, 1.78908442, 1.78908442, 1.78908442,
       1.8099027 , 1.8099027 , 1.8099027 , 1.8099027 , 1.8099027 ]), array([7.13530042, 7.13530042, 7.13530042, 7.13530042, 7.13530042,
       7.13530042, 7.13530042, 7.13530042, 7.13530042, 7.13530042,
       7.13530042, 7.13530042, 7.13530042, 7.13530042, 7.13530042,
       7.13530042, 7.13530042, 7.13530042, 7.13530042, 7.13530042,
       7.13530042, 7.13530042, 7.13530042, 7.13530042, 7.13530042,
       7.15203049, 7.15203049, 7.15203049, 7.15203049, 7.15203049]), array([0.        , 0.        , 0.        , 0.        , 0.        ,
       0.        , 0.        , 0.        , 0.        , 0.06538432,
       0.06538432, 0.06538432, 0.06538432, 0.06538432, 0.20956177,
       0.20956177, 0.20956177, 0.20956177, 0.20956177, 0.20956177,
       0.20956177, 0.20956177, 0.20956177, 0.20956177, 0.20956177,
       0.20956177, 0.20956177]), array([9.38154999, 9.38154999, 9.38154999, 9.38154999, 9.38154999,
       9.38154999, 9.38154999, 9.38154999, 9.44270316, 9.44270316,
       9.44270316, 9.44270316, 9.44270316, 9.44270316, 9.44270316,
       9.44270316, 9.44270316, 9.44270316, 9.44270316, 9.44270316,
       9.44270316, 9.83718178, 9.83718178, 9.83718178, 9.83718178,
       9.83718178, 9.83718178, 9.83718178, 9.83718178, 9.83718178]), array([1.24246674, 1.24246674, 1.24246674, 1.42665124, 1.42665124,
       1.42665124, 1.42665124, 1.42665124, 1.63741899, 1.63741899,
       1.63741899, 1.63741899, 1.63741899, 1.63741899, 1.63741899,
       1.63741899, 1.63741899, 1.63741899, 1.63741899, 1.63741899,
       1.63741899, 1.63741899, 1.63741899, 1.63741899, 1.63741899,
       1.66439749, 1.66439749, 1.66439749, 1.66439749, 1.66439749]), array([8.27959536, 8.27959536, 8.27959536, 8.27959536, 8.27959536,
       8.27959536, 8.27959536, 8.27959536, 8.27959536, 8.27959536,
       8.27959536, 8.27959536, 8.27959536, 8.27959536, 8.27959536,
       8.27959536, 8.33683284, 8.33683284, 8.33683284, 8.33683284,
       8.33683284, 8.33683284, 8.33683284, 8.33683284, 8.33683284,
       8.45814401, 8.45814401, 8.45814401, 8.45814401, 8.45814401]), array([8.08632569, 8.08632569, 8.08632569, 8.08632569, 8.08632569,
       8.08632569, 8.08632569, 8.08632569, 8.08632569, 8.08632569,
       8.08632569, 8.08632569, 8.08632569, 8.464721  , 8.464721  ,
       8.464721  , 8.464721  , 8.464721  , 8.464721  , 8.464721  ,
       8.464721  , 8.464721  , 8.464721  , 8.464721  , 8.464721  ,
       8.464721  , 8.464721  , 8.464721  , 8.464721  , 8.464721  ]), array([9.56861883, 9.56861883, 9.56861883, 9.56861883, 9.56861883,
       9.56861883, 9.56861883, 9.56861883, 9.59358958, 9.59358958,
       9.59358958, 9.59358958, 9.59358958, 9.59358958, 9.59358958,
       9.89960362, 9.89960362, 9.89960362, 9.89960362, 9.89960362,
       9.89960362, 9.89960362, 9.89960362, 9.89960362, 9.89960362,
       9.89960362, 9.89960362, 9.89960362, 9.89960362, 9.89960362]), array([2.74002618, 2.74002618, 2.74002618, 2.74002618, 2.74002618,
       2.74002618, 2.74002618, 4.84842487, 4.84842487, 4.84842487,
       4.84842487, 4.84842487, 4.84842487, 4.84842487, 4.84842487,
       4.84842487, 4.89494479, 4.89494479, 4.89494479, 4.89494479,
       4.89494479, 5.22270084, 5.22270084, 5.22270084, 5.22270084,
       5.22270084, 5.22270084, 5.22270084, 5.22270084, 5.22270084]), array([], dtype=float64), array([1.59552048, 1.59552048, 1.59552048, 1.59552048, 1.59552048,
       1.59552048, 1.59552048, 1.59552048, 1.59552048, 1.59552048,
       1.59552048, 1.59552048, 1.59552048, 1.59552048, 1.59552048,
       1.59552048, 1.59552048, 1.67261095, 1.67261095, 1.67261095,
       1.67261095, 1.67261095, 1.67261095, 1.67261095, 1.67261095,
       1.67261095, 1.67261095, 1.67261095, 1.67261095, 1.67261095]), array([2.41564305, 2.41564305, 2.41564305, 2.41564305, 2.41564305,
       2.41564305, 2.41564305, 2.41564305, 2.41564305, 2.41564305,
       2.41564305, 2.41564305, 2.41564305, 2.41564305, 2.41564305,
       2.41564305, 2.41564305, 2.41564305, 2.41564305, 2.41564305,
       2.50870044, 2.50870044, 2.50870044, 2.50870044, 2.50870044,
       2.58142459, 2.58142459, 2.58142459, 2.58142459, 2.58142459]), array([8.71169004, 8.71169004, 8.71169004, 8.76756102, 8.76756102,
       8.76756102, 8.76756102, 8.76756102, 8.76756102, 8.76756102,
       8.76756102, 8.76756102, 8.76756102, 8.76756102, 8.76756102,
       8.76756102, 8.76756102, 8.76756102, 8.76756102, 8.76756102,
       8.76756102, 8.76756102, 8.76756102, 8.76756102, 8.76756102,
       8.76756102, 8.76756102, 8.76756102, 8.76756102, 8.76756102]), array([4.54753693, 4.54753693, 4.54753693, 4.54753693, 4.54753693,
       4.54753693, 4.56741741, 4.56741741, 4.56741741, 4.56741741,
       4.56741741, 4.6011012 , 4.6011012 , 4.6011012 , 4.6011012 ,
       4.6011012 , 4.72285611, 4.72285611, 4.72285611, 4.72285611,
       4.72285611, 4.78892114, 4.78892114, 4.78892114, 4.78892114,
       4.78892114, 4.78892114, 4.78892114, 4.78892114, 4.78892114]), array([3.35399861, 3.35399861, 3.35399861, 3.35399861, 3.35399861,
       3.35399861, 3.35399861, 3.35399861, 3.35399861, 3.35399861,
       3.35399861, 3.35399861, 3.35399861, 3.35399861, 3.35399861,
       3.35399861, 3.35399861, 3.7838715 , 3.7838715 , 3.7838715 ,
       3.7838715 , 3.7838715 , 3.7838715 , 3.7838715 , 3.7838715 ,
       3.7838715 , 3.7838715 , 3.7838715 , 3.7838715 , 3.7838715 ]), array([4.42725829, 4.42725829, 4.42725829, 4.42725829, 4.42725829,
       4.42725829, 4.42725829, 4.42725829, 4.54753693, 4.54753693,
       4.54753693, 4.54753693, 4.54753693, 4.54753693, 4.54753693,
       4.54753693, 4.54753693, 4.54753693, 4.54753693, 4.54753693,
       4.54753693, 4.54753693, 4.54753693, 4.54753693, 4.54753693,
       4.67400415, 4.67400415, 4.67400415, 4.67400415, 4.67400415]), array([2.50870044, 2.50870044, 2.50870044, 2.50870044, 2.50870044,
       2.50870044, 2.50870044, 2.86179072, 2.86179072, 2.86179072,
       2.86179072, 2.86179072, 3.25865901, 3.25865901, 3.25865901,
       3.25865901, 3.25865901, 3.25865901, 3.25865901, 3.25865901,
       3.25865901, 3.83874771, 3.83874771, 3.83874771, 3.83874771,
       3.83874771, 3.83874771, 3.83874771, 3.83874771, 3.83874771]), array([5.22511283, 5.22511283, 5.22511283, 5.22511283, 5.22511283,
       5.22511283, 5.22511283, 5.22511283, 5.22511283, 5.26721289,
       5.26721289, 5.26721289, 5.26721289, 5.26721289, 5.26721289,
       5.26721289, 5.26721289, 5.26721289, 5.26721289, 5.26721289,
       5.26721289, 5.26721289, 5.26721289, 5.26721289, 5.26721289,
       5.26721289, 5.26721289, 5.26721289, 5.26721289, 5.26721289]), array([3.55602886, 3.55602886, 3.55602886, 3.55602886, 3.55602886,
       3.55602886, 3.60274912, 3.60274912, 3.60274912, 3.60274912,
       3.60274912, 3.60274912, 3.60274912, 3.60274912, 3.60274912,
       3.60274912, 3.60274912, 3.60274912, 3.60274912, 3.60274912,
       3.64520502, 3.64520502, 3.64520502, 3.64520502, 3.64520502,
       3.64520502, 3.64520502, 3.64520502, 3.64520502, 3.64520502]), array([9.79378923, 9.79378923, 9.79378923, 9.79378923, 9.79378923,
       9.79378923, 9.79378923, 9.79378923, 9.79378923, 9.79378923,
       9.79378923, 9.79378923, 9.79378923, 9.79378923, 9.79378923,
       9.79378923, 9.79378923, 9.79378923, 9.79378923, 9.79378923,
       9.83718178, 9.83718178, 9.83718178, 9.83718178, 9.83718178,
       9.83718178, 9.83718178, 9.83718178, 9.83718178, 9.83718178]), array([7.91836945, 7.91836945, 7.91836945, 7.91836945, 7.91836945,
       7.91836945, 7.91836945, 7.91836945, 7.91836945, 7.91836945,
       7.91836945, 7.91836945, 7.91836945, 7.91836945, 7.91836945,
       7.91836945, 7.91836945, 8.2200427 , 8.2200427 , 8.2200427 ,
       8.2200427 , 8.2200427 , 8.2200427 , 8.2200427 , 8.2200427 ,
       8.2200427 , 8.2200427 , 8.2200427 , 8.2200427 , 8.2200427 ]), array([3.24659137, 3.24659137, 3.24659137, 3.24659137, 3.52143957,
       3.52143957, 3.52143957, 3.52143957, 3.52143957, 3.52143957,
       3.52143957, 3.52143957, 3.52143957, 3.52143957, 3.52143957,
       3.52143957, 3.52143957, 3.52143957, 3.52143957, 3.52143957,
       3.52143957, 3.52143957, 3.52143957, 3.52143957, 3.52143957,
       3.54821237, 3.54821237, 3.54821237, 3.54821237, 3.54821237]), array([3.71206543, 3.71206543, 3.71206543, 3.71206543, 3.71206543,
       3.71206543, 3.71206543, 3.71206543, 3.8119534 , 3.8119534 ,
       3.8119534 , 3.8119534 , 3.8119534 , 3.8119534 , 3.8119534 ,
       3.8119534 , 3.8119534 , 3.8119534 , 3.8119534 , 3.8119534 ,
       3.8119534 , 3.8119534 , 3.8119534 , 3.8119534 , 3.8119534 ,
       3.8119534 , 3.8119534 , 3.8119534 , 3.8119534 , 3.8119534 ]), array([4.29574368, 4.29574368, 4.29574368, 4.29574368, 4.38102352,
       4.38102352, 4.38102352, 4.38102352, 4.38102352, 4.38102352,
       4.38102352, 4.38102352, 4.38102352, 4.38102352, 4.38102352,
       4.38102352, 4.38102352, 4.38102352, 4.38102352, 4.38102352,
       4.38102352, 4.48042913, 4.48042913, 4.48042913, 4.48042913,
       4.48042913, 4.48042913, 4.48042913, 4.48042913, 4.48042913]), array([7.65475375, 7.65475375, 7.65475375, 7.65475375, 7.65475375,
       7.65475375, 7.65475375, 7.65475375, 7.65475375, 7.65475375,
       7.65475375, 7.65475375, 7.65475375, 7.65488874, 7.65488874,
       7.65488874, 7.65488874, 7.65488874, 7.65488874, 7.65488874,
       7.65488874, 7.65488874, 7.65488874, 7.65488874, 7.65488874,
       7.65488874, 7.65488874, 7.65488874, 7.65488874, 7.65488874]), array([4.26871846, 4.26871846, 4.27766879, 4.27766879, 4.27766879,
       4.27766879, 4.27766879, 4.27766879, 4.27766879, 4.27766879,
       4.27766879, 4.27766879, 4.27766879, 4.27766879, 4.27766879,
       4.27766879, 4.32988877, 4.32988877, 4.32988877, 4.32988877,
       4.32988877, 4.32988877, 4.32988877, 4.32988877, 4.32988877,
       4.32988877, 4.32988877, 4.32988877, 4.32988877, 4.32988877]), array([], dtype=float64), array([1.8099027 , 1.8099027 , 1.8099027 , 1.8099027 , 1.8099027 ,
       1.94854037, 1.94854037, 1.94854037, 1.94854037, 1.94854037,
       1.94854037, 1.94854037, 1.94854037, 1.94854037, 1.94854037,
       1.94854037, 1.94854037, 1.94854037, 1.94854037, 1.94854037,
       1.94854037, 1.94854037, 1.94854037, 1.94854037, 1.94854037,
       1.94854037, 1.94854037, 1.94854037, 1.94854037, 1.94854037]), array([3.52761289, 3.52761289, 3.52761289, 3.52761289, 3.52761289,
       3.52761289, 3.52761289, 3.52761289, 3.52761289, 3.52761289]), array([9.23533987, 9.23533987, 9.23533987, 9.23533987, 9.54820774,
       9.54820774, 9.54820774, 9.54820774, 9.54820774, 9.54820774,
       9.54820774, 9.54820774, 9.54820774, 9.54820774, 9.54820774,
       9.54820774, 9.54820774, 9.54820774, 9.54820774, 9.54820774,
       9.54820774, 9.54820774, 9.54820774, 9.54820774, 9.54820774,
       9.70949138, 9.70949138, 9.70949138, 9.70949138, 9.70949138]), array([2.10302352, 2.10302352, 2.10302352, 2.10302352, 2.10302352,
       2.10302352, 2.10302352, 2.10302352, 2.10302352, 2.10302352,
       2.10302352, 2.10302352, 2.10302352, 2.10302352, 2.10302352,
       2.10302352, 2.10302352, 2.10302352, 2.10302352, 2.10302352,
       2.10302352, 2.10302352, 2.10302352, 2.63071495, 2.63071495,
       2.63071495, 2.63071495, 2.63071495, 2.63071495, 2.63071495]), array([5.96313364, 5.96313364, 5.96313364, 5.96313364, 5.96313364,
       5.96313364, 5.96313364, 5.96313364, 5.96313364, 5.96313364,
       5.96313364, 6.16911287, 6.16911287, 6.16911287, 6.16911287,
       6.16911287, 6.16911287, 6.16911287, 6.16911287, 6.16911287,
       6.16911287, 6.16911287, 6.16911287, 6.16911287, 6.16911287,
       6.16911287, 6.16911287, 6.16911287, 6.16911287, 6.16911287]), array([0.20956177, 0.20956177, 0.22962147, 0.22962147, 0.22962147,
       0.22962147, 0.22962147, 0.22962147, 0.22962147, 0.22962147,
       0.22962147, 0.22962147, 0.22962147, 0.22962147, 0.22962147,
       0.22962147, 0.22962147, 0.22962147, 0.22962147, 0.22962147,
       0.22962147, 0.22962147, 0.22962147, 0.22962147, 0.22962147,
       0.22962147, 0.22962147, 0.22962147, 0.22962147, 0.22962147]), array([9.44270316, 9.44270316, 9.44270316, 9.44270316, 9.44270316,
       9.44270316, 9.44270316, 9.44270316, 9.44270316, 9.44270316,
       9.59358958, 9.59358958, 9.59358958, 9.59358958, 9.59358958,
       9.59358958, 9.65479969, 9.65479969, 9.65479969, 9.65479969,
       9.65479969, 9.65479969, 9.65479969, 9.65479969, 9.65479969,
       9.65479969, 9.65479969, 9.65479969, 9.65479969, 9.65479969]), array([1.16686436, 1.16686436, 1.16686436, 1.16686436, 1.16686436,
       1.16686436, 1.16686436, 1.16686436, 1.16686436, 1.16686436,
       1.16686436]), array([4.68799734, 4.68799734, 4.68799734, 4.68799734, 4.71339753,
       4.71339753, 4.71339753, 4.71339753, 4.71339753, 4.71339753,
       4.71339753, 4.71339753, 4.71339753, 4.71339753, 4.71339753,
       4.71339753, 4.71339753, 4.72041977, 4.72041977, 4.72041977,
       4.72041977, 4.72041977, 4.72041977, 4.72041977, 4.72041977,
       4.72041977, 4.72041977, 4.72041977, 4.72041977, 4.72041977]), array([8.30918864, 8.30918864, 8.30918864, 8.30918864, 8.30918864,
       8.30918864, 8.30918864, 8.30918864, 8.30918864, 8.30918864,
       8.30918864, 8.30918864, 8.30918864, 8.30918864, 8.30918864,
       8.30918864, 8.30918864, 8.30918864, 8.30918864, 8.30918864,
       8.30918864, 8.30918864, 8.30918864, 8.30918864, 8.30918864,
       8.30918864, 8.30918864, 8.30918864, 8.30918864, 8.30918864]), array([8.68370362, 8.68370362, 8.68370362, 8.81711396, 8.81711396,
       8.81711396, 8.81711396, 8.81711396, 8.81711396, 8.81711396,
       8.81711396, 8.81711396, 8.89531924, 8.89531924, 8.89531924,
       8.89531924, 8.89531924, 8.89531924, 8.89531924, 8.89531924,
       8.89531924, 8.94336001, 8.94336001, 8.94336001, 8.94336001,
       8.94336001, 8.94336001, 8.94336001, 8.94336001, 8.94336001]), array([0.52932931, 0.52932931, 0.52932931, 0.52932931, 0.52932931,
       0.52932931, 0.52932931, 0.52932931, 0.52932931]), array([5.72135399, 5.72135399, 5.72135399, 5.72135399, 5.72135399,
       5.79919567, 5.79919567, 5.79919567, 5.79919567, 5.79919567,
       5.88979665, 5.88979665, 5.88979665, 5.88979665, 5.88979665,
       5.95088683, 5.95088683, 5.95088683, 5.95088683, 5.95088683,
       5.96313364, 5.96313364, 5.96313364, 5.96313364, 5.96313364,
       6.29936397, 6.29936397, 6.29936397, 6.29936397, 6.29936397]), array([0.91734964, 0.91734964, 0.91734964, 0.91734964, 0.91734964,
       0.91734964, 0.91734964, 0.91734964, 0.91734964, 0.91734964,
       0.91734964, 0.91734964, 0.91734964]), array([3.60274912, 3.60274912, 3.60274912, 3.60274912, 3.60274912,
       3.60274912, 3.60274912, 3.60274912, 3.60274912, 3.60274912,
       3.60274912, 3.60274912, 3.60274912, 3.60274912, 3.60274912,
       3.60274912, 3.60274912, 3.86563918, 3.86563918, 3.86563918,
       3.86563918, 3.86563918, 3.86563918, 3.86563918, 3.86563918,
       3.86563918, 3.86563918, 3.86563918, 3.86563918, 3.86563918]), array([1.7904992 , 1.7904992 , 1.7904992 , 1.7904992 , 1.7904992 ,
       1.7904992 , 1.86624849, 1.86624849, 1.86624849, 1.86624849,
       1.86624849, 1.86624849, 1.86624849, 1.86624849, 1.86624849,
       1.86624849, 1.91051049, 1.91051049, 1.91051049, 1.91051049,
       1.91051049, 1.91051049, 1.91051049, 1.91051049, 1.91051049,
       1.91051049, 1.91051049, 1.91051049, 1.91051049, 1.91051049]), array([7.91836945, 7.91836945, 7.91836945, 7.91836945, 7.91836945,
       7.91836945, 8.02628041, 8.02628041, 8.02628041, 8.02628041,
       8.02628041, 8.02628041, 8.02628041, 8.02628041, 8.02628041,
       8.02628041, 8.02628041, 8.02628041, 8.12097203, 8.12097203,
       8.12097203, 8.12097203, 8.12097203, 8.12097203, 8.12097203,
       8.12097203, 8.12097203, 8.12097203, 8.12097203, 8.12097203]), array([5.17902913, 5.17902913, 5.17902913, 5.17902913, 5.17902913,
       5.17902913, 5.17902913, 5.17902913, 5.17902913, 5.17902913,
       5.17902913, 5.17902913, 5.17902913, 5.22511283, 5.22511283,
       5.22511283, 5.22511283, 5.22511283, 5.22511283, 5.22511283,
       5.22511283, 5.22511283, 5.22511283, 5.22511283, 5.22511283,
       5.22511283, 5.22511283, 5.22511283, 5.22511283, 5.22511283]), array([2.39308057, 2.39308057, 2.39308057, 2.39308057, 2.39308057,
       2.39308057, 2.39308057, 2.39308057, 3.25865901, 3.25865901,
       3.25865901, 3.25865901, 3.25865901, 3.25865901, 4.84842487,
       4.84842487, 4.84842487, 4.84842487, 4.84842487, 4.84842487,
       8.25927798, 8.25927798, 8.25927798, 8.25927798, 8.25927798,
       8.25927798, 8.25927798, 8.25927798, 8.25927798, 8.25927798]), array([5.89565821, 5.89565821, 5.89565821, 5.89565821, 5.89565821,
       5.89565821, 5.89565821, 5.89565821, 5.89565821, 5.89565821,
       5.89565821, 5.89565821, 5.89565821, 5.89565821, 5.89565821,
       5.89565821, 5.89565821, 5.89565821, 5.89565821, 5.89565821,
       5.89565821, 5.89565821, 5.89565821, 5.89565821, 5.89565821,
       5.89565821, 5.89565821, 5.89565821, 5.89565821, 5.89565821]), array([4.29574368, 4.29574368, 4.29574368, 4.29574368, 4.29574368,
       4.29574368, 4.29574368, 4.29574368, 4.82269995, 4.82269995,
       4.82269995, 4.82269995, 4.82269995, 4.82269995, 4.82269995,
       4.82269995, 4.82269995, 4.82269995, 4.82269995, 5.17733049,
       5.17733049, 5.17733049, 5.17733049, 5.17733049, 5.17733049,
       5.17733049, 5.17733049, 5.17733049, 5.17733049, 5.17733049]), array([3.25865901, 3.25865901, 3.25865901, 3.25865901, 3.40661049,
       3.40661049, 3.40661049, 3.40661049, 3.40661049, 3.40661049,
       3.40661049, 3.40661049, 3.40661049, 3.40661049, 3.40661049,
       3.40661049, 3.40661049, 3.40661049, 3.40661049, 3.40661049,
       3.40661049, 3.40661049, 3.40661049, 3.40661049, 3.40661049,
       3.40661049, 3.40661049, 3.40661049, 3.40661049, 3.40661049]), array([5.67427458, 5.67427458, 5.67427458, 5.68289665, 5.68289665,
       5.68289665, 5.68289665, 5.68289665, 5.68289665, 5.68289665,
       5.68289665, 5.68289665, 5.75900464, 5.75900464, 5.75900464,
       5.75900464, 5.75900464, 5.75900464, 5.75900464, 5.75900464,
       5.75900464, 5.88979665, 5.88979665, 5.88979665, 5.88979665,
       5.88979665, 5.88979665, 5.88979665, 5.88979665, 5.88979665]), array([7.65488874, 7.65488874, 7.65488874, 7.65488874, 7.65488874,
       7.65488874, 7.65488874, 7.65488874, 7.65488874, 7.65488874,
       7.665465  , 7.665465  , 7.665465  , 7.665465  , 7.665465  ,
       7.665465  , 7.665465  , 7.665465  , 7.665465  , 7.665465  ,
       7.665465  , 7.665465  , 7.665465  , 7.665465  , 7.665465  ,
       7.665465  , 7.665465  , 7.665465  , 7.665465  , 7.665465  ]), array([9.38154999, 9.38154999, 9.38154999, 9.38154999, 9.38154999,
       9.38154999, 9.38154999, 9.38154999, 9.61308538, 9.61308538,
       9.61308538, 9.61308538, 9.61308538, 9.61308538, 9.61308538,
       9.6766964 , 9.6766964 , 9.6766964 , 9.6766964 , 9.6766964 ,
       9.6766964 , 9.6766964 , 9.6766964 , 9.6766964 , 9.6766964 ,
       9.6766964 , 9.6766964 , 9.6766964 , 9.6766964 , 9.6766964 ]), array([9.85068044, 9.85068044, 9.85068044, 9.85068044, 9.85068044,
       9.85068044, 9.85068044, 9.85068044, 9.85068044, 9.89960362,
       9.89960362, 9.89960362, 9.89960362, 9.89960362, 9.89960362,
       9.89960362, 9.89960362, 9.89960362, 9.89960362, 9.89960362,
       9.89960362, 9.89960362, 9.89960362, 9.89960362, 9.89960362,
       9.89960362, 9.89960362, 9.89960362, 9.89960362, 9.89960362]), array([3.83874771, 3.83874771, 3.83874771, 3.83874771, 3.83874771,
       3.83874771, 3.83874771, 3.83874771, 3.83874771, 3.83874771,
       3.83874771, 3.83874771, 3.85837659, 3.85837659, 3.85837659,
       3.85837659, 3.85837659, 3.85837659, 3.85837659, 3.85837659,
       3.85837659, 3.85837659, 3.85837659, 3.85837659, 3.85837659,
       3.85837659, 3.85837659, 3.85837659, 3.85837659, 3.85837659]), array([3.35531771, 3.35531771, 3.35531771, 3.35531771, 3.35531771,
       3.35531771, 3.35531771, 3.35531771, 5.14736752, 5.14736752,
       5.14736752, 5.14736752, 5.14736752, 5.14736752, 5.14736752,
       5.14736752, 5.14736752, 7.68815982, 7.68815982, 7.68815982,
       7.68815982, 7.68815982, 7.68815982, 7.68815982, 7.68815982,
       7.68815982, 7.68815982, 7.68815982, 7.68815982, 7.68815982]), array([9.10407478, 9.10407478, 9.10407478, 9.10407478, 9.10407478,
       9.10407478, 9.13239235, 9.13239235, 9.13239235, 9.13239235,
       9.13239235, 9.13239235, 9.13239235, 9.13239235, 9.13239235,
       9.13239235, 9.13239235, 9.13239235, 9.13239235, 9.13239235,
       9.13239235, 9.13239235, 9.13239235, 9.13239235, 9.23533987,
       9.23533987, 9.23533987, 9.23533987, 9.23533987, 9.23533987]), array([2.89289039, 2.89289039, 2.89289039, 2.89289039, 2.89289039,
       2.90245142, 2.90245142, 2.90245142, 2.90245142, 2.90245142,
       2.90245142, 2.90245142, 3.15539536, 3.15539536, 3.15539536,
       3.15539536, 3.15539536, 3.15539536, 3.15539536, 3.15539536,
       3.15539536, 3.15539536, 3.15539536, 3.35399861, 3.35399861,
       3.35399861, 3.35399861, 3.35399861, 3.35399861, 3.35399861]), array([4.82269995, 4.82269995, 5.00399646, 5.00399646, 5.00399646,
       5.00399646, 5.00399646, 5.00399646, 5.00399646, 5.00399646,
       5.00399646, 5.17733049, 5.17733049, 5.17733049, 5.17733049,
       5.17733049, 8.08632569, 8.08632569, 8.08632569, 8.08632569,
       8.08632569, 8.45814401, 8.45814401, 8.45814401, 8.45814401,
       8.45814401, 8.45814401, 8.45814401, 8.45814401, 8.45814401]), array([9.99953338, 9.99953338, 9.99953338, 9.99953338, 9.99953338,
       9.99953338, 9.99953338, 9.99953338, 9.99953338, 9.99953338,
       9.99953338, 9.99953338, 9.99953338, 9.99953338, 9.99953338,
       9.99953338, 9.99953338, 9.99953338, 9.99953338, 9.99953338,
       9.99953338, 9.99953338, 9.99953338, 9.99953338, 9.99953338,
       9.99953338, 9.99953338, 9.99953338, 9.99953338, 9.99953338]), array([1.73182961, 1.73182961, 1.73182961, 1.73182961, 1.7904992 ,
       1.7904992 , 1.7904992 , 1.7904992 , 1.7904992 , 1.7904992 ,
       1.7904992 , 1.7904992 , 1.7904992 , 1.7904992 , 1.7904992 ,
       2.59562326, 2.59562326, 2.59562326, 2.59562326, 2.59562326,
       2.59562326, 2.59562326, 2.59562326, 2.59562326, 2.59562326,
       2.59562326, 2.59562326, 2.59562326, 2.59562326, 2.59562326]), array([5.17733049, 5.17733049, 5.17733049, 5.17733049, 5.17733049,
       5.17733049, 5.17733049, 5.17733049, 5.17733049, 5.17733049,
       5.17733049, 5.17733049, 5.17733049, 5.17733049, 5.17733049,
       5.17733049, 5.17733049, 5.17733049, 5.17733049, 5.17733049,
       5.17902913, 5.17902913, 5.17902913, 5.17902913, 5.17902913,
       5.17902913, 5.17902913, 5.17902913, 5.17902913, 5.17902913]), array([9.03974226, 9.03974226, 9.03974226, 9.03974226, 9.03974226,
       9.03974226, 9.03974226, 9.03974226, 9.03974226, 9.03974226,
       9.03974226, 9.03974226, 9.03974226, 9.03974226, 9.03974226,
       9.03974226, 9.03974226, 9.03974226, 9.03974226, 9.03974226,
       9.03974226, 9.03974226, 9.03974226, 9.03974226, 9.03974226,
       9.03974226, 9.03974226, 9.03974226, 9.03974226, 9.03974226]), array([2.39308057, 2.39308057, 2.39308057, 2.39308057, 2.39308057,
       2.39308057, 2.39308057, 2.39308057, 2.4932798 , 2.4932798 ,
       2.4932798 , 2.4932798 , 2.4932798 , 2.4932798 , 2.4932798 ,
       2.4932798 , 2.4932798 , 2.4932798 , 2.4932798 , 2.4932798 ,
       2.4932798 , 2.4932798 , 2.4932798 , 2.4932798 , 2.4932798 ,
       2.4932798 , 2.4932798 , 2.4932798 , 2.4932798 , 2.4932798 ]), array([1.7942525 , 1.7942525 , 1.7942525 , 1.7942525 , 2.90669141,
       2.90669141, 2.90669141, 2.90669141, 2.90669141, 2.90669141,
       2.90669141, 2.90669141, 2.90669141, 2.90669141, 4.82316518,
       4.82316518, 4.82316518, 4.82316518, 4.82316518, 4.82316518,
       4.82316518, 4.82316518, 4.82316518, 4.82316518, 5.14736752,
       5.14736752, 5.14736752, 5.14736752, 5.14736752, 5.14736752]), array([7.2995032 , 7.2995032 , 7.50293717, 7.50293717, 7.50293717,
       7.50293717, 7.50293717, 8.02678771, 8.02678771, 8.02678771,
       8.02678771, 8.02678771, 8.02678771, 8.02678771, 8.02678771,
       8.02678771, 8.02678771, 8.02678771, 8.02678771, 8.02678771,
       8.30918864, 8.30918864, 8.30918864, 8.30918864, 8.30918864,
       8.43697418, 8.43697418, 8.43697418, 8.43697418, 8.43697418]), array([5.97102601, 5.97102601, 5.97102601, 5.97102601, 5.97102601,
       5.97102601, 5.97102601, 5.97102601, 5.97102601, 5.97102601,
       5.97102601, 5.97102601, 6.22878914, 6.22878914, 6.22878914,
       6.22878914, 6.22878914, 6.22878914, 6.22878914, 6.22878914,
       6.22878914, 6.22878914, 6.22878914, 6.22878914, 6.22878914,
       6.22878914, 6.22878914, 6.22878914, 6.22878914, 6.22878914]), array([6.51447947, 6.51447947, 6.51447947, 6.51447947, 6.51447947,
       6.51447947, 6.51447947, 6.51447947, 6.57462532, 6.57462532,
       6.57462532, 6.57462532, 6.57462532, 6.57462532, 6.57462532,
       6.57462532, 6.57462532, 6.57462532, 6.57462532, 6.57462532,
       6.57462532, 6.57462532, 6.57462532, 6.57462532, 6.57462532,
       6.57462532, 6.57462532, 6.57462532, 6.57462532, 6.57462532]), array([7.43060079, 7.43060079, 7.43060079, 7.43060079, 7.43060079,
       7.43060079, 7.43060079, 7.43060079, 7.43060079, 7.43060079,
       7.43060079, 7.43060079, 7.43060079, 7.43060079, 7.43060079,
       7.43060079, 7.43060079, 7.43060079, 7.43060079, 7.43060079,
       7.43060079, 7.43060079, 7.43060079, 7.43060079, 7.43060079,
       7.43060079, 7.43060079, 7.43060079, 7.43060079, 7.43060079]), array([1.46272821, 1.46272821, 1.46272821, 1.46272821, 1.46272821,
       1.46272821, 1.46272821, 1.46272821, 1.46272821, 1.46272821,
       1.46272821, 1.46272821, 1.46272821, 1.46272821, 1.46272821,
       1.46272821, 1.46272821, 1.46272821, 1.46272821, 1.46272821,
       1.46272821, 1.46272821, 1.46272821, 1.46272821, 1.46272821,
       1.46272821, 1.46272821, 1.46272821, 1.46272821, 1.46272821]), array([3.79029471, 3.79029471, 3.79029471, 3.79029471, 3.79029471,
       3.79029471, 4.22410247, 4.22410247, 4.22410247, 4.22410247,
       4.22410247, 4.22410247, 4.22410247, 4.22410247, 4.22410247,
       4.22410247, 4.22410247, 4.22410247, 4.22410247, 4.22410247,
       4.41861012, 4.41861012, 4.41861012, 4.41861012, 4.41861012,
       4.41861012, 4.41861012, 4.41861012, 4.41861012, 4.41861012]), array([2.50864163, 2.50864163, 2.50864163, 2.50864163, 2.50864163,
       2.50870044, 2.50870044, 2.50870044, 2.50870044, 2.50870044,
       2.50870044, 2.50870044, 2.50870044, 2.50870044, 2.50870044,
       2.50870044, 2.50870044, 2.50870044, 2.50870044, 2.50870044,
       2.50870044, 2.50870044, 2.50870044, 2.50870044, 2.50870044,
       2.50870044, 2.50870044, 2.50870044, 2.50870044, 2.50870044]), array([9.10407478, 9.10407478, 9.10407478, 9.10407478, 9.10407478,
       9.92164936, 9.92164936, 9.92164936, 9.92164936, 9.92164936,
       9.92164936, 9.92164936, 9.92164936, 9.92164936, 9.92164936,
       9.92164936, 9.92164936, 9.92164936, 9.92164936, 9.92164936,
       9.92164936, 9.92164936, 9.92164936, 9.92164936, 9.92164936,
       9.92164936, 9.92164936, 9.92164936, 9.92164936, 9.92164936]), array([5.40793899, 5.40793899, 5.45579763, 5.45579763, 5.45579763,
       5.45579763, 5.45579763, 5.45579763, 5.45579763, 5.45579763,
       5.45579763, 5.45579763, 5.45579763, 5.45579763, 5.45579763,
       5.45579763, 5.95059361, 5.95059361, 5.95059361, 5.95059361,
       5.95059361, 5.95059361, 5.95059361, 5.95059361, 5.95059361,
       5.95059361, 5.95059361, 5.95059361, 5.95059361, 5.95059361]), array([8.25927798, 8.25927798, 8.25927798, 8.25927798, 8.27959536,
       8.27959536, 8.27959536, 8.27959536, 8.27959536, 8.27959536,
       8.27959536, 8.27959536, 8.27959536, 8.27959536, 8.27959536,
       8.27959536, 8.27959536, 8.27959536, 8.27959536, 8.27959536,
       8.27959536, 8.27959536, 8.27959536, 8.27959536, 8.27959536,
       8.27959536, 8.27959536, 8.27959536, 8.27959536, 8.27959536]), array([7.09462655, 7.09462655, 7.09462655, 7.09462655, 7.09462655,
       7.23604187, 7.23604187, 7.23604187, 7.23604187, 7.23604187,
       7.23604187, 7.23604187, 7.23604187, 7.23604187, 7.23604187,
       7.23604187, 7.23604187, 7.23604187, 7.23604187, 7.23604187,
       7.23604187, 7.23604187, 7.23604187, 7.23604187, 7.23604187,
       7.23604187, 7.23604187, 7.23604187, 7.23604187, 7.23604187]), array([4.68226587, 4.68226587, 4.68226587, 4.68226587, 4.68226587,
       4.68226587, 4.68226587, 4.68799734, 4.68799734, 4.68799734,
       4.68799734, 4.68799734, 4.68799734, 4.68799734, 4.68799734,
       4.68799734, 4.68799734, 4.68799734, 4.68799734, 4.68799734,
       4.68799734, 4.68799734, 4.68799734, 4.68799734, 4.68799734,
       4.68799734, 4.68799734, 4.68799734, 4.68799734, 4.68799734]), array([3.88966424, 3.88966424, 3.88966424, 3.88966424, 3.88966424,
       3.88966424, 3.88966424, 3.88966424, 3.88966424, 3.88966424,
       3.88966424, 3.88966424, 3.88966424, 3.88966424, 3.88966424,
       3.88966424, 3.88966424, 3.88966424, 3.88966424, 3.88966424,
       3.88966424, 3.88966424, 3.88966424, 3.88966424, 3.88966424,
       3.88966424, 3.88966424, 3.88966424, 3.88966424, 3.88966424]), array([2.26586824, 2.26586824, 2.26586824, 2.26586824, 2.4932798 ,
       2.4932798 , 2.4932798 , 2.4932798 , 2.4932798 , 2.4932798 ,
       2.4932798 , 2.4932798 , 2.4932798 , 2.4932798 , 2.4932798 ,
       2.4932798 , 2.4932798 , 2.4932798 , 2.4932798 , 2.4932798 ,
       2.4932798 , 2.50870044, 2.50870044, 2.50870044, 2.50870044,
       2.50870044, 2.50870044, 2.50870044, 2.50870044, 2.50870044]), array([2.77371235, 2.77371235, 2.77371235, 2.77371235, 4.82269995,
       4.82269995, 4.82269995, 4.82269995, 4.82269995, 4.82269995,
       4.82269995, 4.82269995, 4.82269995, 4.82269995, 4.82269995,
       4.82269995, 4.82269995, 4.82269995, 4.82269995, 5.26721289,
       5.26721289, 5.26721289, 5.26721289, 5.26721289, 5.26721289,
       5.26721289, 5.26721289, 5.26721289, 5.26721289, 5.26721289]), array([1.33406531, 1.33406531, 1.33406531, 1.33406531, 1.33406531,
       1.33406531, 1.33406531, 1.33406531, 1.33406531]), array([4.86714686, 4.86714686, 4.86714686, 4.86714686, 4.86714686,
       4.86714686, 4.89494479, 4.89494479, 4.89494479, 4.89494479,
       4.89494479, 4.89494479, 4.89494479, 4.89494479, 5.22511283,
       5.22511283, 5.22511283, 5.22511283, 5.22511283, 5.22511283,
       5.22511283, 5.22511283, 5.22511283, 5.22511283, 5.22511283,
       5.22511283, 5.6749742 , 5.6749742 , 5.6749742 , 5.6749742 ]), array([2.0392463 , 2.0392463 , 2.0392463 , 2.0392463 , 2.0392463 ,
       2.0392463 , 2.0392463 , 2.0392463 , 2.0392463 , 2.10302352,
       2.10302352, 2.10302352, 2.10302352, 2.10302352, 2.10302352,
       2.10302352, 2.10302352, 2.10302352, 2.10302352, 2.10302352,
       2.10302352, 2.10302352, 2.10302352, 2.10302352, 2.10302352,
       2.10302352, 2.10302352, 2.10302352, 2.10302352, 2.10302352]), array([3.12243268, 3.12243268, 3.12243268, 3.12243268, 3.12243268,
       3.12243268, 3.12243268, 3.12243268, 3.12243268, 3.12243268,
       3.12243268, 3.40661049, 3.40661049, 3.40661049, 3.40661049,
       3.40661049, 3.40661049, 3.40661049, 3.40661049, 3.40661049,
       3.40661049, 3.40661049, 3.40661049, 3.40661049, 3.40661049,
       3.40661049, 3.40661049, 3.40661049, 3.40661049, 3.40661049]), array([8.45814401, 8.45814401, 8.45814401, 8.45814401, 8.45814401,
       8.45814401, 8.45814401, 8.45814401, 8.45814401, 8.464721  ,
       8.464721  , 8.464721  , 8.464721  , 8.464721  , 8.464721  ,
       8.464721  , 8.464721  , 8.464721  , 8.464721  , 8.464721  ,
       8.464721  , 8.464721  , 8.464721  , 8.464721  , 8.464721  ,
       8.464721  , 8.464721  , 8.464721  , 8.464721  , 8.464721  ]), array([1.47641793, 1.47641793, 1.67261095, 1.67261095, 1.67261095,
       1.67261095, 1.67261095, 1.73182961, 1.73182961, 1.73182961,
       1.73182961, 1.73182961, 1.8099027 , 1.8099027 , 1.8099027 ,
       1.8099027 , 1.8099027 , 1.8099027 , 1.8099027 , 1.8099027 ,
       1.8099027 , 1.88958745, 1.88958745, 1.88958745, 1.88958745,
       1.88958745, 1.88958745, 1.88958745, 1.88958745, 1.88958745]), array([8.45814401, 8.45814401, 8.45814401, 8.45814401, 8.45814401,
       8.69422825, 8.69422825, 8.69422825, 8.69422825, 8.69422825,
       8.69422825, 8.69422825, 8.69422825, 8.69422825, 8.69422825,
       8.69422825, 8.69422825, 8.69422825, 8.69422825, 8.69422825,
       8.69422825, 8.69422825, 8.69422825, 8.69422825, 8.69422825,
       8.69422825, 8.69422825, 8.69422825, 8.69422825, 8.69422825]), array([8.57635148, 8.57635148, 8.57635148, 8.57635148, 8.57635148,
       8.57635148, 8.57635148, 8.57635148, 8.71169004, 8.71169004,
       8.71169004, 8.71169004, 8.71169004, 8.71169004, 8.71169004,
       8.71169004, 8.71169004, 8.71169004, 8.71169004, 8.71169004,
       8.71169004, 9.38154999, 9.38154999, 9.38154999, 9.38154999,
       9.38154999, 9.38154999, 9.38154999, 9.38154999, 9.38154999]), array([5.25676575, 5.25676575, 5.25676575, 5.25676575, 5.29054733,
       5.29054733, 5.29054733, 5.29054733, 5.29054733, 5.29054733,
       5.29054733, 5.29054733, 5.29054733, 5.29054733, 5.29054733,
       5.29054733, 5.29054733, 5.40472774, 5.40472774, 5.40472774,
       5.40472774, 5.40472774, 5.40472774, 5.40472774, 5.40472774,
       5.40472774, 5.40472774, 5.40472774, 5.40472774, 5.40472774]), array([7.20472549, 7.20472549, 7.20472549, 7.20472549, 7.20472549,
       7.20472549, 7.20472549, 7.20472549, 7.20472549, 7.20472549,
       7.20472549, 7.20472549, 7.20472549, 7.20472549, 7.20472549,
       7.665465  , 7.665465  , 7.665465  , 7.665465  , 7.665465  ,
       7.665465  , 7.665465  , 7.665465  , 7.665465  , 7.665465  ,
       7.665465  , 7.665465  , 7.665465  , 7.665465  , 7.665465  ]), array([6.58125508, 6.58125508, 6.58125508, 6.58125508, 6.58125508,
       6.67967246, 6.67967246, 6.67967246, 6.67967246, 6.67967246,
       6.68030354, 6.68030354, 6.68030354, 6.68030354, 6.68030354,
       6.78911371, 6.78911371, 6.78911371, 6.78911371, 6.78911371,
       6.91424296, 6.91424296, 6.91424296, 6.91424296, 6.91424296,
       6.93616182, 6.93616182, 6.93616182, 6.93616182, 6.93616182]), array([ 9.10711584,  9.10711584,  9.10711584,  9.10711584,  9.10711584,
        9.10711584,  9.10711584,  9.10711584,  9.10711584,  9.10711584,
        9.10711584,  9.10711584,  9.92484273,  9.92484273,  9.92484273,
        9.92484273,  9.92484273, 10.24903502, 10.24903502, 10.24903502,
       10.24903502, 10.24903502, 10.24903502, 10.24903502, 10.24903502,
       10.24903502, 10.24903502, 10.24903502, 10.24903502, 10.24903502]), array([7.87796429, 7.87796429, 7.91836945, 7.91836945, 7.91836945,
       7.91836945, 7.91836945, 7.91836945, 7.91836945, 7.91836945,
       7.91836945, 8.08632569, 8.08632569, 8.08632569, 8.08632569,
       8.08632569, 8.08632569, 8.08632569, 8.08632569, 8.08632569,
       8.278392  , 8.278392  , 8.278392  , 8.278392  , 8.278392  ,
       8.43697418, 8.43697418, 8.43697418, 8.43697418, 8.43697418]), array([4.42725829, 4.42725829, 4.42725829, 4.42725829, 4.42725829,
       4.42725829, 4.42725829, 4.42725829, 4.42725829, 4.42725829,
       4.42725829, 4.42725829, 4.42725829, 4.42725829, 4.42725829,
       4.42725829, 4.42725829, 4.42725829, 4.42725829, 4.42725829,
       4.42725829, 4.42725829, 4.42725829, 4.42725829, 4.42725829,
       4.42725829, 4.42725829, 4.42725829, 4.42725829, 4.42725829]), array([3.7838715 , 3.7838715 , 3.7838715 , 3.7838715 , 3.7838715 ,
       4.16549402, 4.16549402, 4.16549402, 4.16549402, 4.16549402,
       4.16549402, 4.16549402, 4.16549402, 4.16549402, 4.16549402,
       4.16549402, 4.16549402, 4.16549402, 4.16549402, 4.16549402,
       4.16549402, 4.16549402, 4.16549402, 4.16549402, 4.16549402,
       4.16549402, 4.16549402, 4.16549402, 4.16549402, 4.16549402]), array([7.98157226, 7.98157226, 7.98157226, 7.98157226, 7.98157226,
       7.98157226, 7.98157226, 7.98157226, 8.57635148, 8.57635148,
       8.57635148, 8.57635148, 8.57635148, 8.57635148, 8.57635148,
       8.57635148, 8.57635148, 8.57635148, 8.57635148, 8.57635148,
       8.57635148, 8.90611726, 8.90611726, 8.90611726, 8.90611726,
       8.90611726, 8.90611726, 8.90611726, 8.90611726, 8.90611726]), array([7.13530042, 7.13530042, 7.13530042, 7.13530042, 7.13530042,
       7.13530042, 7.23604187, 7.23604187, 7.23604187, 7.23604187,
       7.23604187, 7.23604187, 7.23604187, 7.23604187, 7.23604187,
       7.23604187, 7.23604187, 7.23604187, 7.23604187, 7.23604187,
       7.23604187, 7.23604187, 7.23604187, 7.23604187, 7.23604187,
       7.23604187, 7.23604187, 7.23604187, 7.23604187, 7.23604187]), array([1.63412571, 1.63412571, 1.63741899, 1.63741899, 1.63741899,
       1.63741899, 1.63741899, 1.64042299, 1.64042299, 1.64042299,
       1.64042299, 1.64042299, 1.64042299, 1.64042299, 1.64042299,
       1.64042299, 1.67261095, 1.67261095, 1.67261095, 1.67261095,
       1.67261095, 1.67261095, 1.67261095, 1.67261095, 1.67261095,
       1.7942525 , 1.7942525 , 1.7942525 , 1.7942525 , 1.7942525 ]), array([1.01600184, 1.01600184, 1.01600184, 1.01600184, 1.02742725,
       1.02742725, 1.02742725, 1.02742725, 1.02742725, 1.02742725,
       1.02742725, 1.02742725, 1.02742725, 1.02742725, 1.02742725,
       1.42665124, 1.42665124, 1.42665124, 1.42665124, 1.42665124,
       1.42665124, 1.42665124, 1.42665124, 1.42665124, 1.42665124,
       1.42665124, 1.42665124, 1.42665124, 1.42665124, 1.42665124]), array([4.72041977, 4.72041977, 4.72041977, 4.72041977, 4.72041977,
       4.72041977, 4.72041977, 4.72041977, 4.72041977, 4.72041977,
       4.72041977, 4.72041977, 4.72041977, 4.72041977, 4.72041977,
       4.72041977, 4.72041977, 4.80023637, 4.80023637, 4.80023637,
       4.80023637, 4.80023637, 4.80023637, 4.80023637, 4.80023637,
       4.80023637, 4.80023637, 4.80023637, 4.80023637, 4.80023637]), array([2.74875513, 2.74875513, 2.74875513, 2.74875513, 2.74875513,
       2.74875513, 2.74875513, 2.74875513, 2.74875513, 2.74875513,
       2.74875513, 2.74875513, 2.86179072, 2.86179072, 2.86179072,
       2.86179072, 2.86179072, 2.89289039, 2.89289039, 2.89289039,
       2.89289039, 2.89289039, 2.89289039, 2.89289039, 2.89289039,
       2.89289039, 2.89289039, 2.89289039, 2.89289039, 2.89289039]), array([4.67400415, 4.67400415, 4.67400415, 4.67400415, 4.67400415,
       4.67400415, 4.67400415, 4.67400415, 4.67400415, 4.67400415,
       4.67400415, 4.67400415, 4.67400415, 4.67400415, 4.67400415,
       4.67400415, 4.67400415, 4.67400415, 4.6877099 , 4.6877099 ,
       4.6877099 , 4.6877099 , 4.6877099 , 4.6877099 , 4.6877099 ,
       4.6877099 , 4.6877099 , 4.6877099 , 4.6877099 , 4.6877099 ]), array([4.68799734, 4.68799734, 4.68799734, 4.68799734, 4.68799734,
       4.68799734, 4.77250062, 4.77250062, 4.77250062, 4.77250062,
       4.77250062, 4.77250062, 4.77250062, 4.77250062, 4.77250062,
       4.77250062, 4.77250062, 4.77250062, 4.77250062, 4.77250062,
       4.77250062, 4.77250062, 4.77250062, 4.77250062, 4.77250062,
       4.77250062, 4.77250062, 4.77250062, 4.77250062, 4.77250062]), array([0.05357685, 0.05357685, 0.82117869, 0.82117869, 0.82117869,
       0.82117869, 0.82117869, 0.82117869, 0.82117869, 0.82117869,
       0.82117869, 0.82117869, 0.82117869, 0.82117869, 0.82117869,
       0.82117869, 0.82117869, 0.82117869, 0.82117869, 0.82117869,
       0.82117869, 0.82117869, 0.82117869, 0.82117869, 0.82117869,
       0.82117869, 0.82117869, 0.82117869, 0.82117869, 0.82117869]), array([2.29490384, 2.29490384, 2.29490384, 2.29490384, 2.29490384,
       2.29490384]), array([4.87522389, 4.87522389, 4.87522389, 4.87522389, 4.87522389,
       4.87522389, 4.87522389, 4.87522389, 4.87522389, 4.87522389,
       4.87522389, 4.87522389, 4.87522389, 4.87522389, 4.87522389,
       4.87522389, 4.87522389, 4.87522389, 4.87522389, 4.87522389,
       4.87522389, 4.87522389, 4.87522389, 4.87522389, 4.87522389,
       4.87522389, 4.87522389, 4.87522389, 4.87522389, 4.87522389]), array([8.57635148, 8.57635148, 8.57635148, 8.57635148, 8.79376722,
       8.79376722, 8.79376722, 8.79376722, 8.79376722, 8.79376722,
       8.79376722, 8.79376722, 8.79376722, 8.79376722, 8.79376722,
       8.79376722, 8.79376722, 8.79376722, 8.79376722, 8.79376722,
       8.79376722, 8.79376722, 8.79376722, 8.79376722, 8.79376722,
       8.79376722, 8.79376722, 8.79376722, 8.79376722, 8.79376722]), array([2.63071495, 2.63071495, 2.63071495, 2.63071495, 2.63071495,
       2.63071495, 2.63071495, 2.63071495, 2.63071495, 2.63071495,
       2.63071495, 2.63071495, 2.63071495, 2.63071495, 2.63071495,
       2.63071495, 2.63071495, 2.63071495, 2.63071495, 2.63071495,
       2.63071495, 2.63071495, 2.63071495, 2.63071495, 2.63071495,
       2.63071495, 2.63071495, 2.63071495, 2.63071495, 2.63071495]), array([4.82269995, 4.82269995, 4.82269995, 4.82269995, 4.82269995,
       4.82269995, 4.82269995, 4.82269995, 4.82269995, 4.82269995,
       4.82269995, 4.82269995, 4.82269995, 4.82269995, 4.82269995,
       4.82316518, 4.82316518, 4.82316518, 4.82316518, 4.82316518,
       4.82316518, 4.82316518, 4.82316518, 4.82316518, 4.82316518,
       4.82316518, 4.82316518, 4.82316518, 4.82316518, 4.82316518]), array([0.17470432, 0.17470432, 0.17470432, 0.17470432, 0.17470432,
       0.17470432, 0.17470432, 0.17470432, 0.17470432, 0.17470432,
       0.17470432, 0.17470432, 0.17470432, 0.17470432, 0.17470432,
       0.17470432, 0.17470432, 0.17470432, 0.17470432, 0.17470432,
       0.17470432, 0.17470432, 0.17470432, 0.17470432, 0.17470432,
       0.17470432, 0.17470432, 0.17470432, 0.17470432, 0.17470432]), array([2.96325797, 2.96325797, 2.96325797, 2.96325797, 2.96325797,
       2.96325797, 2.96325797, 2.96325797, 2.96325797, 2.96325797,
       2.96325797, 2.96325797, 2.96325797, 2.96325797, 2.96325797,
       2.96325797, 2.96325797, 2.96325797, 2.96325797, 2.96325797,
       2.96325797, 2.96325797, 2.96325797, 2.96325797, 2.96325797,
       2.96325797, 2.96325797, 2.96325797, 2.96325797, 2.96325797]), array([8.02678771, 8.02678771, 8.02678771, 8.02678771, 8.02678771,
       8.02678771, 8.02678771, 8.02678771, 8.02678771, 8.02678771,
       8.02678771, 8.02678771, 8.02678771, 8.02678771, 8.02678771,
       8.02678771, 8.18038567, 8.18038567, 8.18038567, 8.18038567,
       8.18038567, 8.18038567, 8.18038567, 8.18038567, 8.18038567,
       8.18038567, 8.18038567, 8.18038567, 8.18038567, 8.18038567]), array([7.50293717, 7.50293717, 7.56042734, 7.56042734, 7.56042734,
       7.56042734, 7.65475375, 7.65475375, 7.65475375, 7.65475375,
       7.665465  , 7.665465  , 7.665465  , 7.665465  , 7.665465  ,
       7.665465  , 7.665465  , 7.665465  , 7.665465  , 7.665465  ,
       7.665465  , 7.665465  , 7.72540076, 7.72540076, 7.72540076,
       7.72540076, 7.73754584, 7.73754584, 7.73754584, 7.73754584]), array([5.00399646, 5.00399646, 5.00399646, 5.00399646, 5.00399646,
       5.00399646, 5.00399646, 5.00399646, 5.00399646, 5.00399646,
       5.00399646, 5.00399646, 5.00399646, 5.00399646, 5.00399646,
       5.00399646, 5.00399646, 5.17902913, 5.17902913, 5.17902913,
       5.17902913, 5.17902913, 5.17902913, 5.17902913, 5.17902913,
       5.17902913, 5.17902913, 5.17902913, 5.17902913, 5.17902913]), array([ 9.44290566,  9.44290566,  9.44290566,  9.44290566,  9.44290566,
        9.44290566,  9.44290566,  9.44290566,  9.44290566,  9.44290566,
        9.44290566,  9.44290566,  9.64859766,  9.64859766,  9.64859766,
        9.64859766,  9.64859766,  9.64859766,  9.71589365,  9.71589365,
        9.71589365,  9.71589365,  9.71589365,  9.71589365, 10.33010456,
       10.33010456, 10.33010456, 10.33010456, 10.33010456, 10.33010456]), array([3.7838715 , 3.7838715 , 3.7838715 , 3.7838715 , 4.02855239,
       4.02855239, 4.02855239, 4.02855239, 4.02855239, 4.02855239,
       4.02855239, 4.02855239, 4.02855239, 4.02855239, 4.13356198,
       4.13356198, 4.13356198, 4.13356198, 4.13356198, 4.13356198,
       4.16549402, 4.16549402, 4.16549402, 4.16549402, 4.16549402,
       4.16549402, 4.16549402, 4.16549402, 4.16549402, 4.16549402]), array([8.12097203, 8.12097203, 8.12097203, 8.12097203, 8.12097203,
       8.12097203, 8.12097203, 8.12097203, 8.12097203, 8.12097203,
       8.12097203, 8.12097203, 8.12097203, 8.12097203, 8.45814401,
       8.45814401, 8.45814401, 8.45814401, 8.45814401, 8.45814401,
       8.45814401, 8.45814401, 8.45814401, 8.45814401, 9.07080825,
       9.07080825, 9.07080825, 9.07080825, 9.07080825, 9.07080825]), array([7.98157226, 7.98157226, 7.98157226, 7.98157226, 7.98157226,
       7.98157226, 7.98157226, 7.98157226, 7.98157226, 7.98157226,
       7.98157226, 7.98157226, 7.98157226, 7.98157226, 7.98157226,
       7.98157226, 7.98157226, 7.98157226, 7.98157226, 7.98157226,
       8.18038567, 8.18038567, 8.18038567, 8.18038567, 8.18038567,
       8.18038567, 8.18038567, 8.18038567, 8.18038567, 8.18038567]), array([2.26586824, 2.26586824, 2.26586824, 2.26586824, 2.26586824,
       2.26586824, 2.26586824, 2.26586824, 2.26586824, 2.26586824,
       2.74875513, 2.74875513, 2.74875513, 2.74875513, 2.74875513,
       2.74875513, 3.12243268, 3.12243268, 3.12243268, 3.12243268,
       3.12243268, 3.12243268, 3.12243268, 3.12243268, 3.12243268,
       3.12243268, 3.12243268, 3.12243268, 3.12243268, 3.12243268]), array([5.12416944, 5.12416944, 5.12416944, 5.12416944, 5.12416944,
       5.12416944, 5.12416944, 5.12416944, 5.12684071, 5.12684071,
       5.12684071, 5.12684071, 5.12684071, 5.12684071, 5.12684071,
       5.12684071, 5.12684071, 5.12684071, 5.12684071, 5.12684071,
       5.12684071, 5.35800698, 5.35800698, 5.35800698, 5.35800698,
       5.35800698, 5.35800698, 5.35800698, 5.35800698, 5.35800698]), array([4.21372756, 4.21372756, 4.25120661, 4.25120661, 4.25120661,
       4.25120661, 4.25120661, 4.25120661, 4.25120661, 4.25120661,
       4.25120661, 4.25120661, 4.30247087, 4.30247087, 4.30247087,
       4.30247087, 4.30247087, 4.30247087, 4.30247087, 4.30247087,
       4.30247087, 4.30247087, 4.30247087, 4.30247087, 4.30247087,
       4.30247087, 4.30247087, 4.30247087, 4.30247087, 4.30247087]), array([8.57635148, 8.57635148, 8.57635148, 8.57635148, 8.57635148,
       8.57635148, 8.57635148, 8.57635148, 8.57635148, 8.57635148,
       8.65580497, 8.65580497, 8.65580497, 8.65580497, 8.65580497,
       8.65580497, 8.65580497, 8.65580497, 8.65580497, 8.65580497,
       8.65580497, 8.65580497, 8.65580497, 8.65580497, 8.65580497,
       8.65580497, 8.65580497, 8.65580497, 8.65580497, 8.65580497]), array([7.01781125, 7.01781125, 7.01781125, 7.01781125, 7.01781125,
       7.01781125, 7.01781125, 7.01781125, 7.01781125, 7.01781125,
       7.01781125, 7.01781125, 7.01781125, 7.46637897, 7.46637897,
       7.46637897, 7.46637897, 7.46637897, 7.46637897, 7.46637897,
       7.46637897, 7.46637897, 7.46637897, 7.46637897, 7.46637897,
       7.46637897, 7.46637897, 7.46637897, 7.46637897, 7.46637897]), array([9.64859766, 9.64859766, 9.64859766, 9.64859766, 9.64859766,
       9.64859766, 9.64859766, 9.64859766, 9.70949138, 9.70949138,
       9.70949138, 9.70949138, 9.70949138, 9.70949138, 9.70949138,
       9.70949138, 9.70949138, 9.70949138, 9.70949138, 9.70949138,
       9.70949138, 9.70949138, 9.70949138, 9.70949138, 9.70949138,
       9.70949138, 9.70949138, 9.70949138, 9.70949138, 9.70949138]), array([1.94854037, 1.94854037, 1.94854037, 1.94854037, 1.94854037,
       1.94854037, 1.94854037, 1.94854037, 1.94854037, 1.94854037,
       1.94854037, 1.94854037, 1.94854037, 1.94854037, 1.94854037,
       1.94854037, 1.97864085, 1.97864085, 1.97864085, 1.97864085,
       1.97864085, 1.97864085, 1.97864085, 1.97864085, 1.97864085,
       1.97864085, 1.97864085, 1.97864085, 1.97864085, 1.97864085]), array([5.78325891, 5.78325891, 5.78325891, 5.78325891, 5.78325891,
       5.78325891, 5.95088683, 5.95088683, 5.95088683, 5.95088683,
       5.95088683, 5.95088683, 5.95088683, 5.95088683, 5.95088683,
       5.95088683, 5.95088683, 5.95088683, 5.95088683, 5.95088683,
       5.95088683, 5.95088683, 5.95088683, 5.95088683, 8.08632569,
       8.08632569, 8.08632569, 8.08632569, 8.08632569, 8.08632569]), array([5.22511283, 5.22511283, 5.22511283, 5.22511283, 5.22511283,
       5.22511283, 5.22511283, 5.22511283, 5.22511283, 5.22511283,
       5.25676575, 5.25676575, 5.25676575, 5.25676575, 5.25676575,
       5.25676575, 5.25676575, 5.25676575, 5.25676575, 5.25676575,
       5.33410476, 5.33410476, 5.33410476, 5.33410476, 5.33410476,
       5.33410476, 5.33410476, 5.33410476, 5.33410476, 5.33410476]), array([5.67427458, 5.67427458, 5.67427458, 5.67427458, 5.67427458,
       5.67427458, 5.67427458, 5.67427458, 5.67427458, 5.67427458,
       5.67427458, 5.67427458, 5.67427458, 5.67427458, 5.67427458,
       5.67427458, 5.67427458, 5.67427458, 5.67427458, 5.67427458,
       5.67427458, 5.67427458, 5.67427458, 5.67427458, 5.67427458,
       5.67427458, 5.67427458, 5.67427458, 5.67427458, 5.67427458]), array([2.20374681, 2.20374681, 2.20374681, 2.20374681, 2.20374681,
       2.20374681, 2.20374681, 2.20374681, 2.20374681, 2.20374681,
       2.20374681, 2.20374681, 2.20374681, 2.20374681, 2.20374681,
       2.20374681, 2.20374681, 2.20374681, 2.20374681, 2.20374681,
       2.20374681, 2.20374681, 2.20374681, 2.20374681, 2.20374681,
       2.20374681, 2.20374681, 2.20374681, 2.20374681, 2.20374681]), array([0.06610623, 0.06610623, 0.06610623, 0.06610623, 0.06610623,
       0.06610623, 0.06610623, 0.06610623, 0.06610623, 0.06610623,
       0.06610623, 0.06610623, 0.06610623, 0.06610623, 0.06610623,
       0.06610623, 0.06610623, 0.06610623, 0.06610623, 0.06610623]), array([4.71339753, 4.71339753, 4.71339753, 4.71339753, 4.71339753,
       4.71339753, 4.71339753, 4.71339753, 4.71339753, 4.71339753,
       4.71339753, 4.74297096, 4.74297096, 4.74297096, 4.74297096,
       4.74297096, 4.77250062, 4.77250062, 4.77250062, 4.77250062,
       4.77250062, 4.9287431 , 4.9287431 , 4.9287431 , 4.9287431 ,
       4.9287431 , 4.9287431 , 4.9287431 , 4.9287431 , 4.9287431 ]), array([6.9717345 , 6.9717345 , 6.9717345 , 6.9717345 , 6.9717345 ,
       6.9717345 , 6.9717345 , 6.9717345 , 6.9717345 , 6.9717345 ,
       6.9717345 , 6.9717345 , 7.03062373, 7.03062373, 7.03062373,
       7.03062373, 7.03062373, 7.03062373, 7.03062373, 7.03062373,
       7.03062373, 7.03062373, 7.03062373, 7.03062373, 7.03062373,
       7.03062373, 7.03062373, 7.03062373, 7.03062373, 7.03062373]), array([7.33740266, 7.33740266, 7.33740266, 7.33740266, 7.33740266,
       7.33740266, 7.33740266, 7.33740266, 7.65488874, 7.65488874,
       7.65488874, 7.65488874, 7.65488874, 7.65488874, 7.65488874,
       7.65488874, 7.65488874, 7.65488874, 7.65488874, 7.65488874,
       7.65488874, 7.69677779, 7.69677779, 7.69677779, 7.69677779,
       7.69677779, 7.69677779, 7.69677779, 7.69677779, 7.69677779]), array([8.464721, 8.464721, 8.464721, 8.464721, 8.464721, 8.464721,
       8.464721, 8.464721, 8.464721, 8.464721, 8.464721, 8.464721,
       8.464721, 8.464721, 8.464721, 8.464721, 8.464721, 8.464721,
       8.464721, 8.464721, 8.464721, 8.464721, 8.464721, 8.464721,
       8.464721, 8.464721, 8.464721, 8.464721, 8.464721, 8.464721]), array([7.50293717, 7.50293717, 7.50293717, 7.50293717, 7.50293717,
       7.50293717, 7.50293717, 7.50293717, 7.50293717, 7.50293717,
       7.50293717, 7.50293717, 7.50293717, 7.50293717, 7.50293717,
       7.50293717, 7.50293717, 7.50293717, 7.50293717, 7.50293717,
       7.50293717, 7.50293717, 7.50293717, 7.50293717, 7.50293717,
       7.50293717, 7.50293717, 7.50293717, 7.50293717, 7.50293717]), array([4.26871846, 4.26871846, 4.26871846, 4.26871846, 4.26871846,
       4.26871846, 4.26871846, 4.26871846, 4.26871846, 4.26871846,
       4.26871846, 4.26871846, 4.26871846, 4.35588879, 4.35588879,
       4.35588879, 4.35588879, 4.35588879, 4.35588879, 4.35588879,
       4.35588879, 4.35588879, 4.35588879, 4.35588879, 4.35588879,
       4.35588879, 4.35588879, 4.35588879, 4.35588879, 4.35588879]), array([5.97102601, 5.97102601, 5.97102601, 5.97102601, 5.97102601,
       5.97102601, 5.97102601, 5.97102601, 5.97102601, 5.97102601,
       6.18508667, 6.18508667, 6.18508667, 6.18508667, 6.18508667,
       6.18508667, 6.18508667, 6.18508667, 6.18508667, 6.18508667,
       6.18508667, 6.18508667, 6.18508667, 6.18508667, 6.18508667,
       6.18508667, 6.18508667, 6.18508667, 6.18508667, 6.18508667]), array([2.0392463 , 2.0392463 , 2.0392463 , 2.0392463 , 2.0392463 ,
       2.0392463 , 2.0392463 , 2.0392463 , 2.21643472, 2.21643472,
       2.21643472, 2.21643472, 2.21643472, 2.21643472, 2.21643472,
       2.21643472, 2.21643472, 2.21643472, 2.21643472, 2.21643472,
       2.21643472, 2.21643472, 2.21643472, 2.21643472, 2.21643472,
       2.21643472, 2.21643472, 2.21643472, 2.21643472, 2.21643472]), array([5.95059361, 5.95059361, 5.95059361, 5.95059361, 5.95059361,
       5.95059361, 5.95059361, 5.95059361, 5.95059361, 5.95059361,
       5.95059361, 5.95059361, 6.49703095, 6.49703095, 6.49703095,
       6.49703095, 6.49703095, 6.49703095, 6.49703095, 6.49703095,
       6.49703095, 6.49703095, 6.49703095, 6.49703095, 6.49703095,
       6.49703095, 6.49703095, 6.49703095, 6.49703095, 6.49703095]), array([7.08072076, 7.08072076, 7.08072076, 7.08072076, 7.08072076,
       7.08072076, 7.08072076, 7.08072076, 7.09256321, 7.09256321,
       7.09256321, 7.09256321, 7.09256321, 7.09256321, 7.09256321,
       7.09256321, 7.09256321, 7.2995032 , 7.2995032 , 7.2995032 ,
       7.2995032 , 7.2995032 , 7.2995032 , 7.2995032 , 7.2995032 ,
       7.2995032 , 7.2995032 , 7.2995032 , 7.2995032 , 7.2995032 ]), array([1.7942525 , 1.7942525 , 1.7942525 , 1.7942525 , 1.7942525 ,
       1.7942525 , 1.7942525 , 1.7942525 , 1.7942525 , 1.7942525 ,
       1.7942525 , 1.7942525 , 1.81865049, 1.81865049, 1.81865049,
       1.81865049, 1.81865049, 1.81865049, 1.81865049, 1.81865049,
       1.81865049, 1.81865049, 1.81865049, 1.81865049, 1.81865049,
       1.81865049, 1.81865049, 1.81865049, 1.81865049, 1.81865049]), array([4.86714686, 4.86714686, 4.86714686, 4.86714686, 4.98565596,
       4.98565596, 4.98565596, 4.98565596, 4.98565596, 4.98565596,
       4.98565596, 4.98565596, 4.98565596, 4.98565596, 5.12416944,
       5.12416944, 5.12416944, 5.12416944, 5.12416944, 5.12416944,
       5.12684071, 5.12684071, 5.12684071, 5.12684071, 5.12684071,
       5.12684071, 5.12684071, 5.12684071, 5.12684071, 5.12684071]), array([4.72285611, 4.72285611, 4.72285611, 4.72285611, 4.98326423,
       4.98326423, 4.98326423, 4.98326423, 4.98326423, 4.98326423,
       4.98326423, 4.98326423, 4.98326423, 4.98326423, 4.98326423,
       5.61171962, 5.61171962, 5.61171962, 5.61171962, 5.61171962,
       5.61171962, 5.61171962, 5.61171962, 5.61171962, 5.61171962,
       5.61171962, 5.61171962, 5.61171962, 5.61171962, 5.61171962]), array([3.35399861, 3.35399861, 3.35399861, 3.35399861, 3.35399861,
       3.35399861, 3.35399861, 3.35399861, 3.35399861, 3.35399861,
       3.35399861, 3.35399861, 3.83874771, 3.83874771, 3.83874771,
       3.83874771, 3.83874771, 3.83874771, 3.83874771, 3.83874771,
       3.83874771, 3.83874771, 3.83874771, 3.83874771, 3.83874771,
       3.83874771, 3.83874771, 3.83874771, 3.83874771, 3.83874771]), array([4.21372756, 4.21372756, 4.21372756, 4.21372756, 4.21372756,
       4.21372756, 4.21372756, 4.21372756, 4.21372756, 4.21372756,
       4.21372756, 4.21372756, 4.98565596, 4.98565596, 4.98565596,
       4.98565596, 4.98565596, 4.98565596, 4.98565596, 4.98565596,
       4.98565596, 4.98565596, 4.98565596, 4.98565596, 4.98565596,
       7.82061259, 7.82061259, 7.82061259, 7.82061259, 7.82061259]), array([1.47641793, 1.47641793, 1.47641793, 1.47641793, 1.47641793,
       1.47641793, 1.47641793, 1.47641793, 1.47641793, 1.47641793,
       1.47641793, 1.47641793, 1.47641793, 1.47641793, 1.47641793,
       1.47641793, 1.47641793, 1.47641793, 1.47641793, 1.47641793,
       1.47641793, 1.47641793, 1.47641793, 1.47641793, 1.47641793,
       1.47641793, 1.47641793, 1.47641793, 1.47641793, 1.47641793]), array([0.17470432, 0.17470432, 0.20956177, 0.20956177, 0.20956177,
       0.20956177, 0.20956177, 0.62603081, 0.62603081, 0.62603081,
       0.62603081, 0.62603081, 0.71988673, 0.71988673, 0.71988673,
       0.71988673, 0.71988673, 0.71988673, 0.71988673, 0.71988673,
       0.71988673, 0.81192032, 0.81192032, 0.81192032, 0.81192032,
       0.81192032, 0.81192032, 0.81192032, 0.81192032, 0.81192032]), array([1.39579423, 1.39579423, 1.39579423, 1.39579423, 1.39579423,
       1.39579423, 1.39579423, 2.21643472, 2.21643472, 2.21643472,
       2.21643472, 2.21643472, 2.43469474, 2.43469474, 2.43469474,
       2.43469474, 2.43469474, 2.43469474, 2.43469474, 2.43469474,
       2.43469474, 2.43469474, 2.43469474, 2.43469474, 2.43469474,
       3.09687438, 3.09687438, 3.09687438, 3.09687438, 3.09687438]), array([2.56168132, 2.56168132, 2.56168132, 2.56168132, 2.56168132,
       2.56168132, 2.56168132, 2.56168132, 2.56168132, 2.56168132,
       2.56168132, 2.56168132, 2.56168132, 3.83874771, 3.83874771,
       3.83874771, 3.83874771, 3.83874771, 3.83874771, 3.83874771,
       3.83874771, 3.83874771, 3.83874771, 3.83874771, 3.83874771,
       3.83874771, 3.83874771, 3.83874771, 3.83874771, 3.83874771]), array([1.01600184, 1.02742725, 1.02742725, 1.02742725, 1.02742725,
       1.02742725, 1.33406531, 1.33406531, 1.33406531, 1.33406531,
       1.33406531, 1.34456893, 1.34456893, 1.34456893, 1.34456893,
       1.34456893, 1.46045808, 1.46045808, 1.46045808, 1.46045808,
       1.46045808, 1.46045808, 1.46045808, 1.46045808, 1.46045808,
       1.7942525 , 1.7942525 , 1.7942525 , 1.7942525 , 1.7942525 ]), array([3.50441547, 3.50441547, 3.50441547, 3.55602886, 3.55602886,
       3.55602886, 3.55602886, 3.55602886, 3.55602886, 3.55602886,
       3.55602886, 3.55602886, 3.7838715 , 3.7838715 , 3.7838715 ,
       3.7838715 , 3.7838715 , 4.16549402, 4.16549402, 4.16549402,
       4.16549402, 4.16549402, 4.16549402, 4.16549402, 4.16549402,
       4.16549402, 4.16549402, 4.16549402, 4.16549402, 4.16549402]), array([5.61171962, 5.61171962, 5.61171962, 5.61171962, 5.61171962,
       5.61171962, 5.75900464, 5.75900464, 5.75900464, 5.75900464,
       5.75900464, 5.75900464, 5.75900464, 5.75900464, 5.75900464,
       5.75900464, 5.88979665, 5.88979665, 5.88979665, 5.88979665,
       5.88979665, 5.88979665, 5.88979665, 5.88979665, 5.88979665,
       5.88979665, 5.88979665, 5.88979665, 5.88979665, 5.88979665]), array([4.52116346, 4.52116346, 4.6011012 , 4.6011012 , 4.6011012 ,
       4.6011012 , 4.6011012 , 4.67400415, 4.67400415, 4.67400415,
       4.67400415, 4.67400415, 4.67400415, 4.67400415, 4.67400415,
       4.67400415, 4.80023637, 4.80023637, 4.80023637, 4.80023637,
       4.80023637, 4.80023637, 4.80023637, 4.80023637, 4.80023637,
       4.82269995, 4.82269995, 4.82269995, 4.82269995, 4.82269995]), array([3.24659137, 3.24659137, 3.24659137, 3.24659137, 3.24659137,
       3.35531771, 3.35531771, 3.35531771, 3.35531771, 3.35531771,
       3.35531771, 3.35531771, 3.35531771, 3.35531771, 3.35531771,
       3.35531771, 3.35531771, 3.35531771, 3.35531771, 3.35531771,
       3.35531771, 3.35531771, 3.35531771, 3.35531771, 3.35531771,
       3.35531771, 3.35531771, 3.35531771, 3.35531771, 3.35531771]), array([2.0392463 , 2.0392463 , 2.0392463 , 2.10302352, 2.10302352,
       2.10302352, 2.10302352, 2.10302352, 2.10302352, 2.10302352,
       2.10302352, 2.10302352, 2.2137543 , 2.2137543 , 2.2137543 ,
       2.2137543 , 2.2137543 , 2.2137543 , 2.2137543 , 2.2137543 ,
       2.2137543 , 2.2137543 , 2.2137543 , 2.2137543 , 2.2137543 ,
       2.21643472, 2.21643472, 2.21643472, 2.21643472, 2.21643472]), array([7.03062373, 7.03062373, 7.03062373, 7.03062373, 7.08072076,
       7.08072076, 7.08072076, 7.08072076, 7.08072076, 7.08072076,
       7.08072076, 7.08072076, 7.08072076, 7.08072076, 7.09256321,
       7.09256321, 7.09256321, 7.09256321, 7.09256321, 7.09256321,
       7.09256321, 7.09256321, 7.09256321, 7.09256321, 7.09462655,
       7.09462655, 7.09462655, 7.09462655, 7.09462655, 7.09462655]), array([8.02678771, 8.02678771, 8.02678771, 8.02678771, 8.02678771,
       8.02678771, 8.02678771, 9.89960362, 9.89960362, 9.89960362,
       9.89960362, 9.89960362, 9.89960362, 9.89960362, 9.89960362,
       9.89960362, 9.89960362, 9.89960362, 9.89960362, 9.89960362,
       9.89960362, 9.89960362, 9.89960362, 9.89960362, 9.89960362,
       9.89960362, 9.89960362, 9.89960362, 9.89960362, 9.89960362]), array([7.69677779, 7.69677779, 7.69677779, 7.69677779, 7.69677779,
       7.69677779, 7.69677779, 7.69677779, 7.69677779, 7.69677779,
       7.69677779, 7.69677779, 7.69677779, 7.69677779, 7.69677779,
       7.69677779, 7.69677779, 7.76425378, 7.76425378, 7.76425378,
       7.76425378, 7.76425378, 7.76425378, 7.76425378, 7.76425378,
       7.76425378, 7.76425378, 7.76425378, 7.76425378, 7.76425378]), array([0.20956177, 0.20956177, 0.20956177, 0.20956177, 0.20956177,
       0.20956177, 0.20956177, 0.20956177, 0.20956177, 0.20956177,
       0.20956177, 0.20956177, 0.20956177, 1.01600184, 1.01600184,
       1.01600184, 1.01600184, 1.01600184]), array([4.07935893, 4.07935893, 4.13356198, 4.13356198, 4.13356198,
       4.13356198, 4.13356198, 4.13356198, 4.13356198, 4.13356198,
       4.13356198, 4.13356198, 4.13356198, 4.13356198, 4.13356198,
       4.13356198, 4.13356198, 4.13356198, 4.13356198, 4.13356198,
       4.13356198, 4.13356198, 4.13356198, 4.13356198, 4.13356198,
       4.13356198, 4.13356198, 4.13356198, 4.13356198, 4.13356198]), array([4.18484117, 4.18484117, 4.18484117, 4.18484117, 4.18484117,
       4.18484117, 4.18484117, 4.18484117, 4.18484117, 4.18484117,
       4.18484117, 4.18484117, 4.48042913, 4.48042913, 4.48042913,
       4.48042913, 4.48042913, 4.48042913, 4.48042913, 4.48042913,
       4.48042913, 4.48042913, 4.48042913, 4.48042913, 4.48042913,
       4.99585668, 4.99585668, 4.99585668, 4.99585668, 4.99585668]), array([0.05357685, 0.05357685, 0.05357685, 0.05357685, 0.05357685,
       0.17470432, 0.17470432, 0.17470432, 0.17470432, 0.17470432,
       0.17470432, 0.17470432, 0.17470432, 0.17470432]), array([7.43060079, 7.43060079, 7.43060079, 7.43060079, 7.43060079,
       7.43060079, 7.81701961, 7.81701961, 7.81701961, 7.81701961,
       7.81701961, 7.81701961, 7.81701961, 7.81701961, 7.81701961,
       7.81701961, 7.81701961, 7.81701961, 7.81701961, 7.81701961,
       7.81701961, 7.81701961, 7.81701961, 7.81701961, 7.81701961,
       7.81701961, 7.81701961, 7.81701961, 7.81701961, 7.81701961]), array([7.56042734, 7.56042734, 7.56042734, 7.56042734, 7.56042734,
       7.56042734, 7.56042734, 7.56042734, 7.56513311, 7.56513311,
       7.56513311, 7.56513311, 7.56513311, 7.56513311, 7.56513311,
       7.56513311, 7.56513311, 7.56513311, 7.56513311, 7.56513311,
       7.56513311, 7.56513311, 7.56513311, 7.56513311, 7.56513311,
       7.56513311, 7.56513311, 7.56513311, 7.56513311, 7.56513311]), array([1.91051049, 1.91051049, 1.91051049, 1.91051049, 1.91051049,
       1.91051049, 1.91051049, 1.97383496, 1.97383496, 1.97383496,
       1.97383496, 1.97383496, 1.97383496, 1.97383496, 1.97383496,
       1.97383496, 2.12553468, 2.12553468, 2.12553468, 2.12553468,
       2.12553468, 2.12553468, 2.12553468, 2.12553468, 2.12553468,
       2.20374681, 2.20374681, 2.20374681, 2.20374681, 2.20374681]), array([7.56513311, 7.56513311, 7.56513311, 7.56513311, 7.56513311,
       7.56513311, 7.56513311, 7.56513311, 7.56513311, 7.56513311,
       7.56513311, 7.56513311, 7.56513311, 7.56513311, 7.56513311,
       7.56513311, 7.56513311, 7.99917536, 7.99917536, 7.99917536,
       7.99917536, 7.99917536, 7.99917536, 7.99917536, 7.99917536,
       7.99917536, 7.99917536, 7.99917536, 7.99917536, 7.99917536]), array([4.86714686, 4.86714686, 4.86714686, 4.86714686, 4.86714686,
       4.86714686, 4.86714686, 4.86714686, 4.86714686, 4.86714686,
       4.87522389, 4.87522389, 4.87522389, 4.87522389, 4.87522389,
       4.87522389, 4.87522389, 4.87522389, 4.87522389, 4.87522389,
       4.87522389, 4.87522389, 4.87522389, 4.87522389, 4.87522389,
       4.87522389, 4.87522389, 4.87522389, 4.87522389, 4.87522389]), array([4.9736252 , 4.9736252 , 4.9736252 , 4.9736252 , 4.9736252 ,
       4.9736252 , 4.9736252 , 4.9736252 , 4.9736252 , 4.99585668,
       4.99585668, 4.99585668, 4.99585668, 4.99585668, 4.99585668,
       4.99585668, 4.99585668, 4.99585668, 4.99585668, 4.99585668,
       4.99585668, 4.99585668, 4.99585668, 4.99585668, 4.99585668,
       4.99585668, 4.99585668, 4.99585668, 4.99585668, 4.99585668]), array([7.65488874, 7.65488874, 7.65488874, 7.65488874, 7.65488874,
       7.65488874, 7.82061259, 7.82061259, 7.82061259, 7.82061259,
       7.82061259, 7.82061259, 7.82061259, 7.82061259, 7.82061259,
       7.82061259, 7.82061259, 7.82061259, 7.87289505, 7.87289505,
       7.87289505, 7.87289505, 7.87289505, 7.87289505, 7.87289505,
       7.87289505, 7.87289505, 7.87289505, 7.87289505, 7.87289505]), array([4.72041977, 4.72041977, 4.72041977, 4.72041977, 4.72041977,
       4.72041977, 4.72041977, 4.72285611, 4.72285611, 4.72285611,
       4.72285611, 4.72285611, 4.72285611, 4.72285611, 4.72285611,
       4.72285611, 4.72285611, 4.72285611, 4.72285611, 4.72285611,
       4.73068525, 4.73068525, 4.73068525, 4.73068525, 4.73068525,
       4.74297096, 4.74297096, 4.74297096, 4.74297096, 4.74297096]), array([8.81711396, 8.81711396, 8.81711396, 8.81711396, 8.89531924,
       8.89531924, 8.89531924, 8.89531924, 8.89531924, 8.89531924,
       8.89531924, 8.89531924, 8.89531924, 8.89531924, 8.89531924,
       8.89531924, 8.89531924, 8.89531924, 8.89531924, 9.22196674,
       9.22196674, 9.22196674, 9.22196674, 9.22196674, 9.22196674,
       9.22196674, 9.22196674, 9.22196674, 9.22196674, 9.22196674]), array([0.36014923, 0.36014923, 0.36014923, 0.36014923, 0.36014923,
       0.36014923, 0.36014923, 0.36014923, 0.36014923, 0.36014923,
       0.36014923, 0.62085687, 0.62085687, 0.62085687, 0.62085687,
       0.62085687, 0.62085687, 0.62085687, 0.62085687, 0.62085687,
       0.62085687, 0.62085687]), array([4.42725829, 4.42725829, 4.42725829, 4.42725829, 4.42725829,
       4.42725829, 4.42725829, 4.42725829, 4.42725829, 4.42725829,
       4.42725829, 4.42725829, 4.42725829, 4.42725829, 4.42725829,
       4.42725829, 4.6877099 , 4.6877099 , 4.6877099 , 4.6877099 ,
       4.6877099 , 4.6877099 , 4.6877099 , 4.6877099 , 4.6877099 ,
       4.6877099 , 4.6877099 , 4.6877099 , 4.6877099 , 4.6877099 ]), array([8.35179501, 8.35179501, 8.43697418, 8.43697418, 8.43697418,
       8.43697418, 8.43697418, 8.80599837, 8.80599837, 8.80599837,
       8.80599837, 8.80599837, 8.80599837, 8.80599837, 8.80599837,
       8.80599837, 9.54820774, 9.54820774, 9.54820774, 9.54820774,
       9.54820774, 9.64859766, 9.64859766, 9.64859766, 9.64859766,
       9.64859766, 9.64859766, 9.64859766, 9.64859766, 9.64859766]), array([1.63741899, 1.63741899, 1.63741899, 1.63741899, 1.63741899,
       1.63741899, 1.63741899, 1.64042299, 1.64042299, 1.64042299,
       1.64042299, 1.64042299, 1.7942525 , 1.7942525 , 1.7942525 ,
       1.7942525 , 1.7942525 , 1.7942525 , 1.7942525 , 1.7942525 ,
       1.7942525 , 1.81865049, 1.81865049, 1.81865049, 1.81865049,
       1.81865049, 1.81865049, 1.81865049, 1.81865049, 1.81865049]), array([3.50441547, 3.50441547, 3.50441547, 3.50441547, 3.50441547,
       3.50441547, 3.50441547, 3.50441547, 3.50441547, 3.50441547,
       3.55602886, 3.55602886, 3.55602886, 3.55602886, 3.55602886,
       3.55602886, 3.55602886, 3.55602886, 3.55602886, 3.55602886,
       3.68340331, 3.68340331, 3.68340331, 3.68340331, 3.68340331,
       3.68340331, 3.68340331, 3.68340331, 3.68340331, 3.68340331]), array([5.17902913, 5.17902913, 5.17902913, 5.17902913, 5.17902913,
       5.17902913, 5.17902913, 5.17902913, 5.17902913, 5.17902913,
       5.17902913, 5.17902913, 5.17902913, 5.17902913, 5.17902913,
       5.22270084, 5.22270084, 5.22270084, 5.22270084, 5.22270084,
       5.22270084, 5.22270084, 5.22270084, 5.22270084, 5.22270084,
       5.22270084, 5.22270084, 5.22270084, 5.22270084, 5.22270084]), array([], dtype=float64), array([4.21372756, 4.21372756, 4.21372756, 4.21372756, 4.21372756,
       4.21372756, 4.21372756, 4.21372756, 4.21372756, 4.21372756,
       4.21372756, 4.21372756, 4.21372756, 4.38102352, 4.38102352,
       4.38102352, 4.38102352, 4.38102352, 4.38102352, 4.38102352,
       4.38102352, 4.38102352, 4.38102352, 4.38102352, 4.38102352,
       4.38102352, 4.38102352, 4.38102352, 4.38102352, 4.38102352]), array([2.4932798 , 2.4932798 , 2.4932798 , 2.4932798 , 2.4932798 ,
       2.74002618, 2.74002618, 2.74002618, 2.74002618, 2.74002618,
       5.45476478, 5.45476478, 5.45476478, 5.45476478, 5.45476478,
       6.32267074, 6.32267074, 6.32267074, 6.32267074, 6.32267074]), array([9.41112832, 9.41112832, 9.41112832, 9.41112832, 9.41112832,
       9.41112832, 9.4180479 , 9.4180479 , 9.4180479 , 9.4180479 ,
       9.4180479 , 9.4180479 , 9.4180479 , 9.4180479 , 9.4180479 ,
       9.4180479 , 9.4180479 , 9.4180479 , 9.4180479 , 9.4180479 ,
       9.47372763, 9.47372763, 9.47372763, 9.47372763, 9.47372763,
       9.47372763, 9.47372763, 9.47372763, 9.47372763, 9.47372763]), array([4.27766879, 4.27766879, 4.27766879, 4.29574368, 4.29574368,
       4.29574368, 4.29574368, 4.29574368, 4.29574368, 4.29574368,
       4.29574368, 4.29574368, 4.30247087, 4.30247087, 4.30247087,
       4.30247087, 4.30247087, 4.30247087, 4.30247087, 4.30247087,
       4.30247087, 4.32988877, 4.32988877, 4.32988877, 4.32988877,
       4.32988877, 4.32988877, 4.32988877, 4.32988877, 4.32988877]), array([7.50293717, 7.50293717, 7.87796429, 7.87796429, 7.87796429,
       7.87796429, 7.87796429, 7.91836945, 7.91836945, 7.91836945,
       7.91836945, 7.91836945, 7.91836945, 7.91836945, 7.91836945,
       7.91836945, 7.91836945, 7.91836945, 7.91836945, 7.91836945,
       8.07240882, 8.07240882, 8.07240882, 8.07240882, 8.07240882,
       8.2200427 , 8.2200427 , 8.2200427 , 8.2200427 , 8.2200427 ]), array([8.08754115, 8.08754115, 8.08754115, 8.08754115, 8.08754115,
       8.08754115, 8.08754115, 8.18038567, 8.18038567, 8.18038567,
       8.18038567, 8.18038567, 8.18038567, 8.18038567, 8.18038567,
       8.18038567, 9.13239235, 9.13239235, 9.13239235, 9.13239235,
       9.13239235, 9.13239235, 9.13239235, 9.13239235, 9.13239235,
       9.44495418, 9.44495418, 9.44495418, 9.44495418, 9.44495418]), array([7.76425378, 7.76425378, 7.76425378, 7.76425378, 7.76425378,
       7.76425378, 7.76425378, 7.76425378, 7.76425378, 7.76425378,
       7.76425378, 7.76425378, 7.76425378, 7.76425378, 7.76425378,
       7.76425378, 7.76425378, 7.76425378, 7.76425378, 7.76425378,
       7.76425378, 7.76425378, 7.76425378, 7.76425378, 7.76425378,
       7.76425378, 7.76425378, 7.76425378, 7.76425378, 7.76425378]), array([5.45569807, 5.45569807, 5.45569807, 5.45569807, 5.45569807,
       5.45569807, 5.45569807, 5.45569807, 5.68289665, 5.68289665,
       5.68289665, 5.68289665, 5.68289665, 5.68289665, 5.68289665,
       5.68289665, 5.68289665, 5.68289665, 5.68289665, 5.68289665,
       5.68289665, 5.68289665, 5.68289665, 5.68289665, 5.68289665,
       5.68289665, 5.68289665, 5.68289665, 5.68289665, 5.68289665]), array([2.63071495, 2.63071495, 2.63071495, 2.63071495, 2.63071495,
       2.63071495, 2.63071495, 2.7238345 , 2.7238345 , 2.7238345 ,
       2.7238345 , 2.7238345 , 2.7238345 , 2.7238345 , 2.7238345 ,
       2.7238345 , 2.74002618, 2.74002618, 2.74002618, 2.74002618,
       2.74002618, 2.74002618, 2.74002618, 2.74002618, 2.74002618,
       2.74875513, 2.74875513, 2.74875513, 2.74875513, 2.74875513]), array([2.10302352, 2.10302352, 2.10302352, 2.10302352, 2.10302352,
       2.23431764, 2.23431764, 2.23431764, 2.23431764, 2.23431764,
       2.23431764, 2.23431764, 2.23431764, 2.23431764, 2.23431764,
       2.23431764, 2.23431764, 2.23431764, 2.23431764, 2.23431764,
       2.23431764, 2.23431764, 2.23431764, 2.23431764, 2.23431764,
       2.23431764, 2.23431764, 2.23431764, 2.23431764, 2.23431764]), array([5.95059361, 5.95059361, 5.95059361, 5.95059361, 5.95059361,
       5.95059361, 5.95088683, 5.95088683, 5.95088683, 5.95088683,
       5.95088683, 5.95088683, 5.95088683, 5.95088683, 5.95088683,
       5.98369928, 5.98369928, 5.98369928, 5.98369928, 5.98369928,
       6.22878914, 6.22878914, 6.22878914, 6.22878914, 6.22878914,
       6.64173151, 6.64173151, 6.64173151, 6.64173151, 6.64173151]), array([2.41474534, 2.41474534, 2.41474534, 2.41474534, 2.41474534,
       2.41474534, 2.41474534, 2.41474534, 2.41474534, 2.41474534,
       2.41474534, 2.41474534, 2.41474534, 2.41474534, 2.41474534,
       2.41474534, 2.41474534, 2.41474534, 2.41474534, 2.41564305,
       2.41564305, 2.41564305, 2.41564305, 2.41564305, 2.41564305,
       2.41564305, 2.41564305, 2.41564305, 2.41564305, 2.41564305]), array([0.58020279, 0.58020279, 0.58020279, 0.58020279, 0.58020279,
       0.58020279, 0.62603081, 0.62603081, 0.62603081, 0.62603081,
       0.62603081, 0.62603081, 0.62603081, 0.62603081, 0.62603081,
       0.62603081, 0.70073678, 0.70073678, 0.70073678, 0.70073678,
       0.70073678, 0.70073678, 0.70073678, 0.70073678, 0.70073678,
       0.70073678, 0.70073678, 0.70073678, 0.70073678, 0.70073678]), array([9.19316977, 9.19316977, 9.19316977, 9.19316977, 9.22196674,
       9.22196674, 9.22196674, 9.22196674, 9.22196674, 9.22196674,
       9.23533987, 9.23533987, 9.23533987, 9.23533987, 9.23533987,
       9.23533987, 9.23533987, 9.23533987, 9.23533987, 9.23533987,
       9.23533987, 9.23533987, 9.23533987, 9.23533987, 9.4180479 ,
       9.4180479 , 9.4180479 , 9.4180479 , 9.4180479 , 9.4180479 ]), array([5.22511283, 5.22511283, 5.22511283, 5.22511283, 5.23405827,
       5.23405827, 5.23405827, 5.23405827, 5.23405827, 5.23405827,
       5.23405827, 5.23405827, 5.23405827, 5.23405827, 5.23405827,
       5.23405827, 5.23405827, 5.23405827, 5.23405827, 5.33410476,
       5.33410476, 5.33410476, 5.33410476, 5.33410476, 5.33410476,
       5.33410476, 5.33410476, 5.33410476, 5.33410476, 5.33410476]), array([10.35582457, 10.40317978, 10.40317978, 10.40317978, 10.40317978,
       10.40317978, 10.40317978, 10.40317978, 10.40317978, 10.40317978,
       10.40317978, 10.40317978, 10.40317978, 10.40317978, 10.40317978,
       10.40317978, 10.40317978, 10.40317978, 10.40317978, 10.40317978,
       10.40317978, 10.40317978, 10.40317978, 10.40317978, 10.40317978,
       10.40317978, 10.40317978, 10.40317978, 10.40317978, 10.40317978]), array([1.7904992 , 1.7904992 , 1.91051049, 1.91051049, 1.91051049,
       1.91051049, 1.91051049, 1.91051049, 1.91051049, 1.91051049,
       1.91051049, 1.91051049, 1.91051049, 1.91051049, 1.97864085,
       1.97864085, 1.97864085, 1.97864085, 1.97864085, 1.97864085,
       1.97864085, 1.97864085, 1.97864085, 1.97864085, 1.97864085,
       1.97864085, 1.97864085, 1.97864085, 1.97864085, 1.97864085]), array([ 9.92484273,  9.92484273,  9.92484273,  9.92484273,  9.92484273,
        9.92484273,  9.94256395,  9.94256395,  9.94256395,  9.94256395,
        9.94256395,  9.94256395,  9.94256395,  9.94256395,  9.94256395,
        9.94256395,  9.94256395,  9.94256395,  9.94256395,  9.94256395,
       10.15911657, 10.15911657, 10.15911657, 10.15911657, 10.15911657,
       10.15911657, 10.15911657, 10.15911657, 10.15911657, 10.15911657]), array([2.58142459, 2.58142459, 2.58142459, 2.58142459, 2.58142459,
       2.58142459, 2.58142459, 2.58142459, 2.58142459, 2.58142459,
       2.58142459, 2.58142459, 2.58142459, 2.58142459, 2.7146401 ,
       2.7146401 , 2.7146401 , 2.7146401 , 2.7146401 , 2.7146401 ,
       2.7146401 , 2.7146401 , 2.7146401 , 2.7146401 , 2.7146401 ,
       2.7146401 , 2.7146401 , 2.7146401 , 2.7146401 , 2.7146401 ]), array([5.45598844, 5.45598844, 5.45598844, 5.45598844, 5.45598844,
       5.45598844, 5.45598844, 5.45598844, 5.45598844, 5.45598844,
       5.45598844, 5.45598844, 5.45598844, 5.72135399, 5.72135399,
       5.72135399, 5.72135399, 5.72135399, 5.72135399, 5.72135399,
       5.72135399, 5.72135399, 5.72135399, 5.72135399, 5.72135399,
       5.72135399, 5.72135399, 5.72135399, 5.72135399, 5.72135399]), array([0.91734964, 1.55480737, 1.55480737, 1.55480737, 1.55480737,
       1.55480737, 1.86624849, 1.86624849, 1.86624849, 1.86624849,
       1.86624849, 1.86624849, 1.86624849, 1.86624849, 1.86624849,
       2.60234658, 2.60234658, 2.60234658, 2.60234658, 2.60234658,
       3.50441547, 3.50441547, 3.50441547, 3.50441547, 3.50441547,
       3.52761289, 3.52761289, 3.52761289, 3.52761289, 3.52761289]), array([1.33406531, 1.33406531, 1.33406531, 1.33406531, 1.33406531,
       1.33406531, 1.33406531, 1.33406531, 1.33406531, 1.33406531,
       1.33406531, 1.33406531, 1.7904992 , 1.7904992 , 1.7904992 ,
       1.7904992 , 1.7904992 , 1.7904992 , 1.7904992 , 1.7904992 ,
       1.7904992 , 1.7904992 , 1.7904992 , 1.7904992 , 1.7904992 ,
       1.7904992 , 1.7904992 , 1.7904992 , 1.7904992 , 1.7904992 ]), array([0.0043133, 0.0043133, 0.0043133, 0.0043133, 0.0043133, 0.0043133,
       0.0043133, 0.0043133, 0.0043133, 0.0043133, 0.0043133, 0.0043133,
       0.0043133, 0.0043133, 0.0043133, 0.0043133, 0.0043133, 0.0043133,
       0.0043133, 0.0043133, 0.0043133, 0.0043133, 0.0043133, 0.0043133,
       0.0043133, 0.0043133, 0.0043133, 0.0043133, 0.0043133, 0.0043133]), array([9.22196674, 9.22196674, 9.22196674, 9.22196674, 9.22196674,
       9.22196674, 9.22196674, 9.4180479 , 9.4180479 , 9.4180479 ,
       9.4180479 , 9.4180479 , 9.4180479 , 9.4180479 , 9.4180479 ,
       9.4180479 , 9.4180479 , 9.4180479 , 9.4180479 , 9.4180479 ,
       9.4180479 , 9.4180479 , 9.4180479 , 9.4180479 , 9.4180479 ,
       9.4180479 , 9.4180479 , 9.4180479 , 9.4180479 , 9.4180479 ]), array([3.79029471, 3.79029471, 3.85837659, 3.85837659, 3.85837659,
       3.85837659, 3.85837659, 3.85837659, 3.99689209, 3.99689209,
       3.99689209, 3.99689209, 3.99689209, 3.99689209, 4.02855239,
       4.02855239, 4.02855239, 4.02855239, 4.02855239, 4.02855239,
       4.16549402, 4.16549402, 4.16549402, 4.16549402, 4.16549402,
       4.16549402, 4.16549402, 4.16549402, 4.16549402, 4.16549402]), array([9.89960362, 9.89960362, 9.89960362, 9.89960362, 9.89960362,
       9.89960362, 9.89960362, 9.89960362, 9.89960362, 9.89960362,
       9.89960362, 9.89960362, 9.89960362, 9.89960362, 9.89960362,
       9.89960362, 9.89960362, 9.89960362, 9.89960362, 9.89960362,
       9.89960362, 9.89960362, 9.89960362, 9.89960362, 9.89960362,
       9.89960362, 9.89960362, 9.89960362, 9.89960362, 9.89960362]), array([5.78325891, 5.78325891, 5.78325891, 5.78325891, 5.78325891,
       5.78325891, 5.78325891, 5.78325891, 5.98369928, 5.98369928,
       5.98369928, 5.98369928, 5.98369928, 5.98369928, 5.98369928,
       5.98369928, 5.98369928, 6.64173151, 6.64173151, 6.64173151,
       6.64173151, 6.64173151, 6.64173151, 6.64173151, 6.64173151,
       6.64173151, 6.64173151, 6.64173151, 6.64173151, 6.64173151]), array([6.31078328, 6.31078328, 6.31078328, 6.31078328, 6.32651961,
       6.32651961, 6.32651961, 6.32651961, 6.32651961, 6.32651961,
       6.32651961, 6.32651961, 6.32651961, 6.32651961, 6.32651961,
       6.32651961, 6.32651961, 6.32651961, 6.32651961, 6.32651961,
       6.32651961, 6.32651961, 6.32651961, 6.32651961, 6.32651961,
       6.32651961, 6.32651961, 6.32651961, 6.32651961, 6.32651961]), array([2.74875513, 2.74875513, 2.74875513, 2.74875513, 2.74875513,
       2.74875513, 2.74875513, 2.74875513, 2.90669141, 2.90669141,
       2.90669141, 2.90669141, 2.90669141, 2.90669141, 2.90669141,
       2.90669141, 2.90669141, 3.07184707, 3.07184707, 3.07184707,
       3.07184707, 3.07184707, 3.07184707, 3.07184707, 3.07184707,
       3.07184707, 3.07184707, 3.07184707, 3.07184707, 3.07184707]), array([7.23863068, 7.23863068, 7.23863068, 7.23863068, 7.23863068,
       7.23863068, 7.23863068, 7.23863068, 7.50293717, 7.50293717,
       7.50293717, 7.50293717, 7.50293717, 7.50293717, 7.50293717,
       7.50293717, 7.50293717, 7.50293717, 7.50293717, 7.50293717,
       7.50293717, 7.50293717, 7.50293717, 7.50293717, 7.50293717,
       7.50293717, 7.50293717, 7.50293717, 7.50293717, 7.50293717]), array([0.17470432, 0.17470432, 0.17470432, 0.17470432, 0.17470432,
       0.17470432, 0.17470432, 0.17470432, 0.17470432, 0.17470432,
       0.17470432, 0.17470432, 0.17470432, 0.17470432, 0.17470432,
       0.17470432, 0.17470432]), array([6.68030354, 6.68030354, 6.68030354, 6.68030354, 6.68030354,
       6.68030354, 6.68030354, 6.68030354, 6.68030354, 6.68030354,
       6.68030354, 6.68030354, 6.68030354, 6.68030354, 6.68030354,
       6.68030354, 6.68030354, 6.69613614, 6.69613614, 6.69613614,
       6.69613614, 6.69613614, 6.69613614, 6.69613614, 6.69613614,
       6.69613614, 6.69613614, 6.69613614, 6.69613614, 6.69613614]), array([1.88958745, 1.88958745, 1.88958745, 1.88958745, 1.88958745,
       1.88958745, 1.97864085, 1.97864085, 1.97864085, 1.97864085,
       1.97864085, 1.97864085, 1.97864085, 1.97864085, 1.97864085,
       1.97864085, 1.97864085, 1.97864085, 1.97864085, 1.97864085,
       1.97864085, 1.97864085, 1.97864085, 1.97864085, 1.97864085,
       1.97864085, 1.97864085, 1.97864085, 1.97864085, 1.97864085]), array([0.20645688, 0.20645688, 0.20645688, 0.35368375, 0.35368375,
       0.35368375, 0.35368375, 0.35368375, 0.35368375, 0.35368375,
       0.35368375, 0.35368375, 0.35368375, 0.35368375, 0.35368375,
       0.35368375, 0.35368375, 0.35368375, 0.35368375, 0.35368375,
       0.35368375, 0.35368375, 0.35368375, 0.35368375, 0.35368375,
       0.35368375, 0.35368375, 0.35368375, 0.35368375, 0.35368375]), array([4.77250062, 4.77250062, 4.77250062, 4.77250062, 4.77250062,
       4.77250062, 4.77250062, 4.77250062, 4.77250062, 4.77250062,
       5.45476478, 5.45476478, 5.45476478, 5.45476478, 5.45476478,
       5.45476478, 5.45476478, 5.45476478, 5.45476478, 5.45476478,
       5.45476478, 5.45476478, 5.45476478, 5.45476478, 5.45476478,
       5.45476478, 5.45476478, 5.45476478, 5.45476478, 5.45476478]), array([ 9.98404068,  9.98404068,  9.98404068,  9.98404068, 10.06310175,
       10.06310175, 10.06310175, 10.06310175, 10.06310175, 10.06310175,
       10.06310175, 10.06310175, 10.06310175, 10.06310175, 10.06310175,
       10.06310175, 10.06310175, 10.06310175, 10.06310175, 10.06310175,
       10.06310175, 10.06310175, 10.06310175, 10.06310175, 10.06310175,
       10.06310175, 10.06310175, 10.06310175, 10.06310175, 10.06310175]), array([3.64520502, 3.64520502, 3.64520502, 3.79048101, 3.79048101,
       3.79048101, 3.79048101, 3.79048101, 3.79048101, 3.79048101,
       3.79048101, 3.79048101, 3.91344831, 3.91344831, 3.91344831,
       3.91344831, 3.91344831, 3.91344831, 3.91344831, 3.91344831,
       3.91344831, 3.95023884, 3.95023884, 3.95023884, 3.95023884,
       3.95023884, 3.95023884, 3.95023884, 3.95023884, 3.95023884]), array([7.36964208, 7.36964208, 7.36964208, 7.36964208, 7.36964208,
       7.43060079, 7.43060079, 7.43060079, 7.43060079, 7.43060079,
       7.43060079, 7.43060079, 7.43060079, 7.43060079, 7.43060079,
       7.43060079, 7.43060079, 7.43060079, 7.43060079, 7.43060079,
       7.43060079, 7.43060079, 7.43060079, 7.43060079, 7.43060079,
       7.43060079, 7.43060079, 7.43060079, 7.43060079, 7.43060079]), array([0.91734964, 0.91734964, 0.91734964, 0.91734964, 0.91734964,
       0.91734964, 0.91734964, 0.91734964, 0.91734964, 0.91734964,
       0.91734964, 0.91734964, 0.91734964, 0.91734964, 0.94161557,
       0.94161557, 0.94161557, 0.94161557, 0.94161557, 0.94161557,
       0.94161557, 0.94161557, 0.94161557, 0.94161557, 0.94161557,
       0.94161557, 0.94161557, 0.94161557, 0.94161557, 0.94161557]), array([8.18038567, 8.18038567, 8.18038567, 8.18038567, 8.21192455,
       8.21192455, 8.21192455, 8.21192455, 8.21192455, 8.21192455,
       8.21192455, 8.21192455, 8.21192455, 8.21192455, 8.2456519 ,
       8.2456519 , 8.2456519 , 8.2456519 , 8.2456519 , 8.2456519 ,
       8.27959536, 8.27959536, 8.27959536, 8.27959536, 8.27959536,
       8.27959536, 8.27959536, 8.27959536, 8.27959536, 8.27959536]), array([0.20645688, 0.20645688, 0.20645688, 0.20645688, 0.20645688,
       0.20645688, 0.20645688, 0.20645688, 0.20645688, 0.20645688,
       0.20645688, 0.20645688, 0.20956177, 0.20956177, 0.20956177,
       0.20956177, 0.20956177, 0.20956177, 0.20956177, 0.20956177,
       0.20956177, 0.20956177, 0.20956177, 0.20956177, 0.20956177,
       0.20956177, 0.20956177, 0.20956177, 0.20956177, 0.20956177]), array([5.61171962, 5.61171962, 5.61171962, 5.61171962, 5.61171962,
       5.61171962, 5.61171962, 5.61171962, 5.61171962, 5.61171962,
       5.61171962, 5.61171962, 5.61171962, 5.61171962, 5.61171962,
       5.61171962, 5.62186423, 5.62186423, 5.62186423, 5.62186423,
       5.62186423, 5.62186423, 5.62186423, 5.62186423, 5.62186423,
       5.62186423, 5.62186423, 5.62186423, 5.62186423, 5.62186423]), array([], dtype=float64), array([1.97383496, 1.97383496, 1.97383496, 1.97383496, 1.97383496,
       1.97383496, 1.97383496, 1.97383496, 1.97383496, 2.4932798 ,
       2.4932798 , 2.4932798 , 2.4932798 , 2.4932798 , 2.4932798 ,
       2.4932798 , 2.4932798 , 2.4932798 , 2.4932798 , 2.4932798 ,
       2.4932798 , 2.4932798 , 2.4932798 , 2.4932798 , 2.4932798 ,
       2.4932798 , 2.4932798 , 2.4932798 , 2.4932798 , 2.4932798 ]), array([4.54753693, 4.54753693, 4.54753693, 4.54753693, 4.54753693,
       4.54753693, 5.72135399, 5.72135399, 5.72135399, 5.72135399,
       5.72135399, 5.72135399, 5.72135399, 5.72135399, 5.72135399,
       5.72135399, 5.72135399, 5.72135399, 5.72135399, 5.72135399,
       7.20472549, 7.20472549, 7.20472549, 7.20472549, 7.20472549,
       7.20472549, 7.20472549, 7.20472549, 7.20472549, 7.20472549]), array([ 9.79378923,  9.79378923,  9.79378923,  9.79378923,  9.79378923,
        9.79378923,  9.79378923,  9.79378923,  9.79378923, 10.15911657,
       10.15911657, 10.15911657, 10.15911657, 10.15911657, 10.15911657,
       10.15911657, 10.15911657, 10.15911657, 10.15911657, 10.15911657,
       10.15911657, 10.15911657, 10.15911657, 10.15911657, 10.15911657,
       10.15911657, 10.15911657, 10.15911657, 10.15911657, 10.15911657]), array([2.26229142, 2.26229142, 2.26229142, 2.26229142, 2.26229142,
       2.26229142, 2.50864163, 2.50864163, 2.50864163, 2.50864163,
       2.50864163, 2.50864163, 2.50864163, 2.50864163, 2.58142459,
       2.58142459, 2.58142459, 2.58142459, 2.58142459, 2.58142459,
       2.58142459, 2.58142459, 3.15539536, 3.15539536, 3.15539536,
       3.15539536, 3.15539536, 3.15539536, 3.15539536, 3.15539536]), array([1.64042299, 1.64042299, 1.64042299, 1.64042299, 1.64042299,
       1.64042299, 1.64042299, 1.64042299, 1.64042299, 1.64042299,
       2.59562326, 2.59562326, 2.59562326, 2.59562326, 2.59562326,
       2.59562326, 3.26601903, 3.26601903, 3.26601903, 3.26601903,
       3.26601903, 3.26601903]), array([0.52932931, 0.52932931, 0.52932931, 0.52932931, 0.62085687,
       0.62085687, 0.62085687, 0.62085687, 0.62085687, 0.62085687,
       0.62085687, 0.62085687, 0.62085687, 0.62085687, 0.62085687,
       0.62085687, 0.62085687, 0.62085687, 0.94161557, 0.94161557,
       0.94161557, 0.94161557, 0.94161557, 0.94161557, 1.34456893,
       1.34456893, 1.34456893, 1.34456893, 1.34456893, 1.34456893]), array([0.20645688, 0.20645688, 0.20645688, 0.20645688, 0.20645688,
       0.20645688, 0.20645688, 0.20645688, 0.20645688, 0.20645688,
       0.20645688, 0.20645688, 0.22962147, 0.22962147, 0.22962147,
       0.22962147, 0.22962147, 0.22962147, 0.22962147, 0.22962147,
       0.22962147, 0.22962147, 0.22962147, 0.22962147, 0.22962147,
       0.36014923, 0.36014923, 0.36014923, 0.36014923, 0.36014923]), array([2.7146401 , 2.7146401 , 2.7146401 , 2.7146401 , 2.7146401 ,
       2.7146401 , 2.7146401 , 2.7146401 , 2.7146401 , 2.7146401 ,
       2.7146401 , 2.7146401 , 2.7146401 , 2.74002618, 2.74002618,
       2.74002618, 2.74002618, 2.74002618, 2.74002618, 2.74002618,
       2.74002618, 2.74002618, 2.74002618, 2.74002618, 2.74002618,
       2.74002618, 2.74002618, 2.74002618, 2.74002618, 2.74002618]), array([4.07935893, 4.07935893, 4.07935893, 4.07935893, 4.07935893,
       4.09643084, 4.09643084, 4.09643084, 4.09643084, 4.09643084,
       4.74297096, 4.74297096, 4.74297096, 4.74297096, 4.74297096,
       8.81711396, 8.81711396, 8.81711396, 8.81711396, 8.81711396,
       8.81711396, 8.81711396, 8.81711396, 8.81711396]), array([ 9.9048209 ,  9.9048209 ,  9.9412704 ,  9.9412704 ,  9.9412704 ,
        9.9412704 ,  9.9412704 ,  9.9412704 ,  9.9412704 ,  9.9412704 ,
        9.9412704 ,  9.9412704 ,  9.9412704 ,  9.9412704 ,  9.9412704 ,
        9.9412704 , 10.21122563, 10.21122563, 10.21122563, 10.21122563,
       10.21122563, 10.21122563, 10.21122563, 10.21122563, 10.21122563,
       10.21122563, 10.21122563, 10.21122563, 10.21122563, 10.21122563]), array([9.03974226, 9.03974226, 9.03974226, 9.03974226, 9.03974226,
       9.03974226, 9.03974226, 9.03974226, 9.03974226, 9.03974226,
       9.03974226, 9.03974226, 9.03974226, 9.03974226, 9.03974226,
       9.03974226, 9.03974226, 9.85068044, 9.85068044, 9.85068044,
       9.85068044, 9.85068044, 9.85068044, 9.85068044, 9.85068044,
       9.85068044, 9.85068044, 9.85068044, 9.85068044, 9.85068044]), array([7.98157226, 7.98157226, 7.98157226, 7.98157226, 7.98157226,
       7.98157226, 7.98157226, 7.98157226, 7.98157226, 7.98157226,
       7.98157226, 7.98157226, 7.98157226, 7.98157226, 7.98157226,
       7.98157226, 7.98157226, 7.98157226, 7.98157226, 7.98157226,
       7.98157226, 7.98157226, 7.98157226, 7.98157226, 7.98157226,
       7.98157226, 7.98157226, 7.98157226, 7.98157226, 7.98157226]), array([9.23533987, 9.23533987, 9.23533987, 9.23533987, 9.23533987,
       9.23533987, 9.23533987, 9.23533987, 9.23533987, 9.23533987,
       9.23533987, 9.23533987, 9.23533987, 9.23533987, 9.23533987,
       9.23533987, 9.35923809, 9.35923809, 9.35923809, 9.35923809,
       9.35923809, 9.35923809, 9.35923809, 9.35923809, 9.35923809,
       9.35923809, 9.35923809, 9.35923809, 9.35923809, 9.35923809]), array([3.79029471, 3.79029471, 3.79029471, 3.79029471, 3.79029471,
       3.79029471, 3.79029471, 3.79029471, 3.88966424, 3.88966424,
       3.88966424, 3.88966424, 3.88966424, 4.29574368, 4.29574368,
       4.29574368, 4.29574368, 4.29574368, 4.29574368, 4.29574368,
       4.29574368, 4.29574368, 4.29574368, 4.29574368, 4.29574368,
       4.29574368, 4.29574368, 4.29574368, 4.29574368, 4.29574368]), array([5.43936121, 5.43936121, 5.45476478, 5.45476478, 5.45476478,
       5.45476478, 5.45476478, 5.45476478, 5.45476478, 5.45476478,
       5.45476478, 5.45476478, 5.45476478, 5.45476478, 5.45476478,
       5.45476478, 5.54832192, 5.54832192, 5.54832192, 5.54832192,
       5.54832192, 5.54832192, 5.54832192, 5.54832192, 5.54832192,
       5.54832192, 5.54832192, 5.54832192, 5.54832192, 5.54832192]), array([4.32988877, 4.32988877, 4.32988877, 4.32988877, 4.32988877,
       4.32988877, 4.32988877, 4.32988877, 4.32988877, 4.35588879,
       4.35588879, 4.35588879, 4.35588879, 4.35588879, 4.35588879,
       4.35588879, 4.35588879, 4.35588879, 4.35588879, 4.35588879,
       4.35588879, 4.35588879, 4.35588879, 4.35588879, 4.35588879,
       4.35588879, 4.35588879, 4.35588879, 4.35588879, 4.35588879]), array([5.35800698, 5.35800698, 5.35800698, 5.35800698, 5.35800698,
       5.35800698, 5.35800698, 5.35800698, 5.35800698, 5.45476478,
       5.45476478, 5.45476478, 5.45476478, 5.45476478, 5.45476478,
       5.45476478, 5.45476478, 5.45476478, 5.45476478, 5.45476478,
       5.45476478, 5.45476478, 5.45476478, 5.45476478, 5.45476478,
       5.45476478, 5.45476478, 5.45476478, 5.45476478, 5.45476478]), array([2.41474534, 2.41474534, 2.41474534, 2.41474534, 2.41474534,
       2.41474534, 2.41474534, 2.41474534, 2.41474534, 2.41474534,
       2.41474534, 2.41474534, 2.41474534, 2.86179072, 2.86179072,
       2.86179072, 2.86179072, 2.86179072, 2.86179072, 2.86179072,
       2.86179072, 2.86179072, 2.86179072, 2.86179072, 2.86179072,
       2.86179072, 2.86179072, 2.86179072, 2.86179072, 2.86179072]), array([4.42725829, 4.42725829, 4.42725829, 4.42725829, 4.42725829,
       4.42725829, 4.42725829, 4.42725829, 4.42725829, 4.42725829,
       4.42725829, 4.42725829, 4.42725829, 4.42725829, 4.42725829,
       4.42725829, 4.42725829, 4.42725829, 4.42725829, 4.42725829,
       4.42725829, 4.42725829, 4.42725829, 4.42725829, 4.42725829,
       4.42725829, 4.42725829, 4.42725829, 4.42725829, 4.42725829]), array([0.0043133 , 0.0043133 , 0.0043133 , 0.0043133 , 0.0043133 ,
       0.0043133 , 0.00995941, 0.00995941, 0.00995941, 0.00995941,
       0.00995941, 0.00995941]), array([0.        , 0.        , 0.        , 0.        , 0.        ,
       0.        , 0.        , 0.        , 0.        , 0.        ,
       0.        , 0.        , 0.17470432, 0.17470432, 0.17470432,
       0.17470432, 0.82117869, 0.82117869, 0.82117869, 0.82117869,
       1.97383496, 1.97383496, 1.97383496, 1.97383496]), array([9.03974226, 9.03974226, 9.03974226, 9.03974226, 9.10407478,
       9.10407478, 9.10407478, 9.10407478, 9.10407478, 9.10407478,
       9.10407478, 9.10407478, 9.10407478, 9.10407478, 9.10711584,
       9.10711584, 9.10711584, 9.10711584, 9.10711584, 9.10711584,
       9.13239235, 9.13239235, 9.13239235, 9.13239235, 9.13239235,
       9.13239235, 9.13239235, 9.13239235, 9.13239235, 9.13239235]), array([5.68970123, 5.68970123, 5.68970123, 5.80564255, 5.80564255,
       5.80564255, 5.80564255, 5.80564255, 5.88979665, 5.88979665,
       5.88979665, 5.88979665, 5.88979665, 5.88979665, 5.88979665,
       5.88979665, 5.88979665, 5.88979665, 5.88979665, 5.88979665,
       5.88979665, 5.96313364, 5.96313364, 5.96313364, 5.96313364,
       5.96313364, 5.96313364, 5.96313364, 5.96313364, 5.96313364]), array([5.68970123, 5.68970123, 5.68970123, 5.68970123, 5.68970123,
       5.68970123, 5.78325891, 5.78325891, 5.78325891, 5.78325891,
       5.78325891, 5.78325891, 5.78325891, 5.78325891, 5.78325891,
       5.79786307, 5.79786307, 5.79786307, 5.79786307, 5.79786307,
       5.79919567, 5.79919567, 5.79919567, 5.79919567, 5.79919567,
       5.88979665, 5.88979665, 5.88979665, 5.88979665, 5.88979665]), array([0.62603081, 0.62603081, 0.62603081, 0.62603081, 0.62603081,
       0.62603081, 0.62603081, 0.62603081, 0.65416375, 0.65416375,
       0.65416375, 0.65416375, 0.65416375, 0.65416375, 0.65416375,
       0.65416375, 0.65416375, 0.65416375, 0.65416375, 0.65416375,
       0.65416375, 0.65416375, 0.65416375, 0.65416375, 0.65416375,
       0.65416375, 0.65416375, 0.65416375, 0.65416375, 0.65416375]), array([9.79378923, 9.79378923, 9.83718178, 9.83718178, 9.83718178,
       9.83718178, 9.83718178, 9.83718178, 9.83718178, 9.83718178,
       9.83718178, 9.83718178, 9.83718178, 9.83718178, 9.83718178,
       9.83718178, 9.83718178, 9.83718178, 9.83718178, 9.83718178,
       9.83718178, 9.83718178, 9.83718178, 9.83718178, 9.83718178,
       9.83718178, 9.83718178, 9.83718178, 9.83718178, 9.83718178]), array([10.30304304, 10.30304304, 10.30304304, 10.30304304, 10.30304304,
       10.30304304, 10.30304304, 10.30304304, 10.30304304, 10.30304304,
       10.30304304, 10.30304304, 10.31816707, 10.31816707, 10.31816707,
       10.31816707, 10.31816707, 10.31816707, 10.31816707, 10.31816707,
       10.31816707, 10.31816707, 10.31816707, 10.31816707, 10.31816707,
       10.31816707, 10.31816707, 10.31816707, 10.31816707, 10.31816707]), array([2.21643472, 2.21643472, 2.21643472, 2.21643472, 2.21643472,
       2.21643472, 2.21643472, 2.21643472, 2.21643472, 2.21643472,
       2.21643472, 2.21643472, 2.21643472, 2.21643472, 2.21643472,
       2.21643472, 2.21643472, 2.50864163, 2.50864163, 2.50864163,
       2.50864163, 2.50864163, 2.50864163, 2.50864163, 2.50864163,
       2.50864163, 2.50864163, 2.50864163, 2.50864163, 2.50864163]), array([4.9635588, 4.9635588, 4.9635588, 4.9635588, 4.9635588, 4.9635588,
       4.9635588, 4.9635588, 4.9635588, 4.9635588, 4.9635588, 4.9635588,
       4.9736252, 4.9736252, 4.9736252, 4.9736252, 4.9736252, 4.9736252,
       4.9736252, 4.9736252, 4.9736252, 4.9736252, 4.9736252, 4.9736252,
       4.9736252, 4.9736252, 4.9736252, 4.9736252, 4.9736252, 4.9736252]), array([1.91051049, 1.91051049, 1.91051049, 1.91051049, 1.91051049,
       1.91051049, 1.91051049, 1.91051049, 2.74875513, 2.74875513,
       2.74875513, 2.74875513, 2.74875513, 2.74875513, 2.74875513,
       2.74875513, 2.74875513, 4.30247087, 4.30247087, 4.30247087,
       4.30247087, 4.30247087, 4.30247087, 4.30247087, 4.30247087,
       4.30247087, 4.30247087, 4.30247087, 4.30247087, 4.30247087]), array([4.98326423, 4.98326423, 4.98326423, 4.98326423, 4.98565596,
       4.98565596, 4.98565596, 4.98565596, 4.98565596, 4.98565596,
       5.12684071, 5.12684071, 5.12684071, 5.12684071, 5.12684071,
       5.12684071, 5.12684071, 5.12684071, 5.12684071, 5.12684071,
       5.12684071, 5.12684071, 5.12684071, 5.12684071, 5.16174522,
       5.16174522, 5.16174522, 5.16174522, 5.16174522, 5.16174522]), array([8.90611726, 8.90611726, 8.90611726, 8.90611726, 8.90611726,
       8.90611726, 8.90611726, 8.90611726, 8.94336001, 8.94336001,
       8.94336001, 8.94336001, 8.94336001, 8.94336001, 8.94336001,
       8.94336001, 8.94336001, 9.10711584, 9.10711584, 9.10711584,
       9.10711584, 9.10711584, 9.10711584, 9.10711584, 9.10711584,
       9.10711584, 9.10711584, 9.10711584, 9.10711584, 9.10711584]), array([2.59562326, 2.59562326, 2.59562326, 2.59562326, 3.43170959,
       3.43170959, 3.43170959, 3.43170959, 3.43170959, 3.43170959,
       3.43170959, 3.43170959, 3.43170959, 3.79048101, 3.79048101,
       3.79048101, 3.79048101, 3.79048101, 3.79048101, 3.79048101,
       3.79048101, 3.79048101, 3.79048101, 3.79048101, 3.79048101,
       3.79048101, 3.79048101, 3.79048101, 3.79048101, 3.79048101]), array([9.25830744, 9.25830744, 9.25830744, 9.25830744, 9.25830744,
       9.25830744, 9.25830744, 9.25830744, 9.35923809, 9.35923809,
       9.35923809, 9.35923809, 9.35923809, 9.35923809, 9.35923809,
       9.35923809, 9.35923809, 9.35923809, 9.35923809, 9.35923809,
       9.35923809, 9.35923809, 9.35923809, 9.35923809, 9.35923809,
       9.38154999, 9.38154999, 9.38154999, 9.38154999, 9.38154999]), array([4.82316518, 4.82316518, 4.82316518, 4.82316518, 4.82316518,
       4.82316518, 4.82316518, 4.82316518, 4.82316518, 4.87032748,
       4.87032748, 4.87032748, 4.87032748, 4.87032748, 4.87032748,
       4.87032748, 4.87032748, 4.87032748, 4.87032748, 4.87032748,
       4.87032748, 4.87032748, 4.87032748, 4.87032748, 4.87032748,
       4.87032748, 4.87032748, 4.87032748, 4.87032748, 4.87032748]), array([4.78892114, 4.78892114, 4.78892114, 4.78892114, 4.82269995,
       4.82269995, 4.82269995, 4.82269995, 4.82269995, 4.82269995,
       4.82269995, 4.82269995, 4.82269995, 4.82269995, 4.82269995,
       4.82269995, 4.82269995, 4.89494479, 4.89494479, 4.89494479,
       4.89494479, 4.89494479, 4.89494479, 4.89494479, 4.89494479,
       4.89494479, 4.89494479, 4.89494479, 4.89494479, 4.89494479]), array([5.78824152, 5.78824152, 5.78824152, 5.78824152, 5.78824152,
       5.78824152, 5.78824152, 5.95059361, 5.95059361, 5.95059361,
       5.95059361, 5.95059361, 5.95059361, 5.95059361, 5.95059361,
       5.95059361, 5.95059361, 5.95059361, 5.95059361, 5.95059361,
       5.95059361, 5.95059361, 5.95059361, 5.95059361, 5.95059361,
       5.95059361, 5.95059361, 5.95059361, 5.95059361, 5.95059361]), array([5.98369928, 5.98369928, 5.98369928, 5.98369928, 5.98369928,
       5.98369928, 5.98369928, 6.93616182, 6.93616182, 6.93616182,
       6.93616182, 6.93616182, 6.93616182, 6.93616182, 6.93616182,
       6.93616182, 6.9717345 , 6.9717345 , 6.9717345 , 6.9717345 ,
       6.9717345 , 6.9717345 , 6.9717345 , 6.9717345 , 6.9717345 ,
       7.09256321, 7.09256321, 7.09256321, 7.09256321, 7.09256321]), array([8.65580497, 8.65580497, 8.65580497, 8.65580497, 8.65580497,
       8.65580497, 8.65580497, 8.65580497, 8.65580497, 8.65580497,
       9.59358958, 9.59358958, 9.59358958, 9.59358958, 9.59358958,
       9.59358958, 9.59358958, 9.59358958, 9.59358958, 9.59358958,
       9.59358958, 9.59358958, 9.59358958, 9.59358958, 9.59358958,
       9.59358958, 9.59358958, 9.59358958, 9.59358958, 9.59358958]), array([1.73182961, 1.73182961, 1.73182961, 1.73182961, 1.73182961,
       1.73182961, 1.73182961, 1.91051049, 1.91051049, 1.91051049,
       1.91051049, 1.91051049, 1.91051049, 1.91051049, 1.91051049,
       1.91051049, 1.91051049, 1.91051049]), array([1.32941896, 1.32941896, 1.32941896, 1.32941896, 1.32941896,
       1.32941896, 1.32941896, 1.32941896, 1.32941896, 1.32941896,
       1.32941896, 1.32941896, 1.47641793, 1.47641793, 1.47641793,
       1.47641793, 1.47641793, 1.47641793, 1.47641793, 1.47641793,
       1.47641793, 1.47641793, 1.47641793, 1.47641793, 1.47641793,
       1.47641793, 1.47641793, 1.47641793, 1.47641793, 1.47641793]), array([5.25676575, 5.25676575, 5.25676575, 5.25676575, 5.25676575,
       5.25676575, 5.25676575, 5.25676575, 5.25676575, 5.25676575,
       5.25676575, 5.25676575, 5.29054733, 5.29054733, 5.29054733,
       5.29054733, 5.29054733, 5.45476478, 5.45476478, 5.45476478,
       5.45476478, 5.45476478, 5.45476478, 5.45476478, 5.45476478,
       5.45476478, 5.45476478, 5.45476478, 5.45476478, 5.45476478]), array([5.26721289, 5.26721289, 5.26721289, 5.29054733, 5.29054733,
       5.29054733, 5.29054733, 5.29054733, 5.29054733, 5.29054733,
       5.29054733, 5.29054733, 5.33410476, 5.33410476, 5.33410476,
       5.33410476, 5.33410476, 5.33410476, 5.33410476, 5.33410476,
       5.33410476, 5.35800698, 5.35800698, 5.35800698, 5.35800698,
       5.35800698, 5.35800698, 5.35800698, 5.35800698, 5.35800698]), array([6.58125508, 6.58125508, 6.58125508, 6.58125508, 6.58125508,
       6.58125508, 6.58125508, 6.58125508, 6.59633892, 6.59633892,
       6.59633892, 6.59633892, 6.59633892, 6.59633892, 6.59633892,
       6.59633892, 6.59633892, 6.59633892, 6.59633892, 6.59633892,
       6.59633892, 6.62098839, 6.62098839, 6.62098839, 6.62098839,
       6.62098839, 6.62098839, 6.62098839, 6.62098839, 6.62098839]), array([2.89495958, 3.15539536, 3.15539536, 3.15539536, 3.15539536,
       3.15539536, 3.15539536, 3.15539536, 3.15539536, 3.15539536,
       3.15539536, 3.15539536, 3.15539536, 3.15539536, 3.15539536,
       3.15539536, 3.15539536, 3.15539536, 3.15539536, 3.15539536,
       3.15539536, 3.15539536, 3.15539536, 3.15539536, 3.15539536,
       3.15539536, 3.15539536, 3.15539536, 3.15539536, 3.15539536]), array([7.79772559, 7.79772559, 7.79772559, 7.79772559, 7.79772559,
       7.79772559, 7.79772559, 7.79772559, 7.79772559, 7.79772559,
       7.79772559, 7.79772559, 7.82061259, 7.82061259, 7.82061259,
       7.82061259, 7.82061259, 7.82061259, 7.82061259, 7.82061259,
       7.82061259, 7.82061259, 7.82061259, 7.82061259, 7.82061259,
       7.82061259, 7.82061259, 7.82061259, 7.82061259, 7.82061259]), array([0.        , 3.12243268, 3.12243268, 3.12243268, 3.12243268,
       3.12243268, 3.12243268, 3.12243268, 3.12243268, 3.12243268,
       3.12243268, 3.12243268, 3.12243268, 3.12243268, 3.12243268,
       3.12243268, 3.12243268, 3.12243268, 3.12243268, 3.12243268,
       3.12243268, 3.12243268, 3.12243268, 3.12243268, 3.12243268,
       3.12243268, 3.12243268, 3.12243268, 3.12243268, 3.12243268]), array([7.23604187, 7.23604187, 7.23604187, 7.23604187, 7.23604187,
       7.23604187, 7.23604187, 7.23604187, 7.23863068, 7.23863068,
       7.23863068, 7.23863068, 7.23863068, 7.23863068, 7.23863068,
       7.23863068, 7.23863068, 7.23863068, 7.23863068, 7.23863068,
       7.23863068, 7.2995032 , 7.2995032 , 7.2995032 , 7.2995032 ,
       7.2995032 , 7.2995032 , 7.2995032 , 7.2995032 , 7.2995032 ]), array([], dtype=float64), array([6.51447947, 6.51447947, 6.51447947, 6.51447947, 6.77676597,
       6.77676597, 6.77676597, 6.77676597, 6.77676597, 6.77676597,
       6.77676597, 6.77676597, 6.77676597, 6.77676597, 7.01798131,
       7.01798131, 7.01798131, 7.01798131, 7.01798131, 7.01798131,
       7.50293717, 7.50293717, 7.50293717, 7.50293717, 7.50293717,
       7.50293717, 7.50293717, 7.50293717, 7.50293717, 7.50293717]), array([5.35800698, 5.35800698, 5.35800698, 5.35800698, 5.35800698,
       5.35800698, 5.35800698, 5.35800698, 5.35800698, 5.35800698,
       5.35800698, 5.35800698, 5.35800698, 5.35800698, 5.35800698,
       5.35800698, 5.42594361, 5.42594361, 5.42594361, 5.42594361,
       5.42594361, 5.42594361, 5.42594361, 5.42594361, 5.42594361,
       5.75900464, 5.75900464, 5.75900464, 5.75900464, 5.75900464]), array([0.81192032, 0.81192032, 0.91312278, 0.91312278, 0.91312278,
       0.91312278, 0.91312278, 1.16686436, 1.16686436, 1.16686436,
       1.16686436, 1.16686436, 1.16686436, 1.16686436, 1.16686436,
       1.16686436, 1.23823977, 1.23823977, 1.23823977, 1.23823977,
       1.23823977, 1.23823977, 1.23823977, 1.23823977, 1.23823977,
       1.37676962, 1.37676962, 1.37676962, 1.37676962, 1.37676962]), array([1.37676962, 1.37676962, 1.37676962, 1.37676962, 1.37676962,
       1.37676962, 1.37676962, 1.37676962, 1.42665124, 1.42665124,
       1.42665124, 1.42665124, 1.42665124, 1.46272821, 1.46272821,
       1.46272821, 1.46272821, 1.46272821, 1.46272821, 1.46272821,
       1.46272821, 1.46272821, 1.46272821, 1.46272821, 1.46272821,
       1.46272821, 1.46272821, 1.46272821, 1.46272821, 1.46272821]), array([7.33740266, 7.33740266, 7.33740266, 7.33740266, 7.38218563,
       7.38218563, 7.38218563, 7.38218563, 7.38218563, 7.38218563,
       7.38218563, 7.38218563, 7.38218563, 7.38218563, 7.38218563,
       7.38218563, 7.38218563, 7.38218563, 7.38218563, 7.38218563,
       7.38218563, 7.38218563, 7.38218563, 7.38218563, 7.38218563,
       7.38218563, 7.38218563, 7.38218563, 7.38218563, 7.38218563]), array([2.60234658, 2.60234658, 2.60234658, 2.60234658, 2.60234658,
       2.60234658, 2.60234658, 2.60234658, 2.86179072, 2.86179072,
       2.86179072, 2.86179072, 2.86179072, 2.86179072, 2.86179072,
       2.86179072, 2.86179072, 2.90669141, 2.90669141, 2.90669141,
       2.90669141, 2.90669141, 2.90669141, 2.90669141, 2.90669141,
       2.90669141, 2.90669141, 2.90669141, 2.90669141, 2.90669141]), array([4.27766879, 4.30247087, 4.30247087, 4.30247087, 4.30247087,
       4.30247087, 4.30247087, 4.30247087, 4.54753693, 4.54753693,
       4.54753693, 4.54753693, 4.54753693, 4.54753693, 4.54753693,
       4.54753693, 4.54753693, 4.54753693, 4.54753693, 4.54753693,
       4.54753693, 4.54753693, 4.54753693, 4.82316518, 4.82316518,
       4.82316518, 4.82316518, 4.82316518, 4.82316518, 4.82316518]), array([4.41861012, 4.41861012, 4.41861012, 4.41861012, 4.41861012,
       4.41861012, 4.54753693, 4.54753693, 4.54753693, 4.54753693,
       4.54753693, 4.54753693, 4.54753693, 4.54753693, 4.54753693,
       4.54753693, 4.54753693, 4.54753693, 4.54753693, 4.54753693,
       4.54753693, 4.54753693, 4.54753693, 4.54753693, 4.73068525,
       4.73068525, 4.73068525, 4.73068525, 4.73068525, 4.73068525]), array([4.87032748, 4.87032748, 4.87032748, 4.87032748, 4.87032748,
       4.87032748, 4.87032748, 4.87032748, 4.87032748, 4.87032748,
       4.87032748, 4.87032748, 4.87032748, 4.87032748, 4.87032748,
       4.87032748, 5.00399646, 5.00399646, 5.00399646, 5.00399646,
       5.00399646, 5.00399646, 5.00399646, 5.00399646, 5.00399646,
       5.04144507, 5.04144507, 5.04144507, 5.04144507, 5.04144507]), array([0.8865811 , 0.8865811 , 0.91734964, 0.91734964, 0.91734964,
       0.91734964, 0.91734964, 1.01600184, 1.01600184, 1.01600184,
       1.01600184, 1.01600184, 1.16686436, 1.16686436, 1.16686436,
       1.16686436, 1.16686436, 1.16686436, 1.16686436, 1.16686436,
       1.16686436, 1.24246674, 1.24246674, 1.24246674, 1.24246674,
       1.24246674, 1.24246674, 1.24246674, 1.24246674, 1.24246674]), array([0.06538432, 0.06538432, 0.06538432, 0.06538432, 0.06538432,
       0.06538432, 0.06538432, 0.06538432, 0.65416375, 0.65416375,
       0.65416375, 0.65416375, 0.65416375, 0.65416375, 0.65416375,
       0.65416375, 0.65416375, 0.65416375, 0.65416375, 0.65416375]), array([8.12097203, 8.12097203, 8.12097203, 8.12097203, 8.12097203,
       8.12097203, 8.12097203, 8.12097203, 8.35179501, 8.35179501,
       8.35179501, 8.35179501, 8.35179501, 8.66850291, 8.66850291,
       8.66850291, 8.66850291, 8.66850291, 8.66850291, 8.66850291,
       8.66850291, 8.66850291, 8.66850291, 8.66850291, 8.66850291,
       8.66850291, 8.66850291, 8.66850291, 8.66850291, 8.66850291]), array([5.61171962, 5.61171962, 5.61171962, 5.61171962, 5.61171962,
       5.61171962, 5.61171962, 5.61171962, 5.61171962, 5.61171962,
       5.61171962, 5.62186423, 5.62186423, 5.62186423, 5.62186423,
       5.62186423, 5.62186423, 5.62186423, 5.62186423, 5.62186423,
       5.62186423, 5.62186423, 5.62186423, 5.62186423, 5.62186423,
       5.62186423, 5.62186423, 5.62186423, 5.62186423, 5.62186423]), array([5.25676575, 5.26721289, 5.26721289, 5.26721289, 5.26721289,
       5.26721289, 5.65722474, 5.65722474, 5.65722474, 5.65722474,
       5.65722474, 5.72135399, 5.72135399, 5.72135399, 5.72135399,
       5.72135399, 5.72135399, 5.72135399, 5.72135399, 5.72135399,
       6.29936397, 6.29936397, 6.29936397, 6.29936397, 6.29936397,
       6.91424296, 6.91424296, 6.91424296, 6.91424296, 6.91424296]), array([1.01600184, 1.01600184, 1.01600184, 1.01600184, 1.01600184,
       1.01600184, 1.01600184, 1.01600184, 1.01600184]), array([3.52450876, 3.52450876, 3.52450876, 3.52450876, 3.52450876,
       3.52450876, 3.52450876, 3.52450876, 3.52450876, 3.52450876,
       3.52450876, 3.52450876, 3.52450876, 3.52450876, 3.54821237,
       3.54821237, 3.54821237, 3.54821237, 3.54821237, 3.54821237,
       3.54821237, 3.54821237, 3.54821237, 3.54821237, 3.54821237,
       3.54821237, 3.54821237, 3.54821237, 3.54821237, 3.54821237]), array([8.30706496, 8.30706496, 8.30706496, 8.30706496, 8.30706496,
       8.30706496, 8.30706496, 8.30706496, 8.30706496, 8.43697418,
       8.43697418, 8.43697418, 8.43697418, 8.43697418, 8.43697418,
       8.43697418, 8.43697418, 8.43697418, 8.43697418, 8.43697418,
       8.43697418, 8.43697418, 8.43697418, 8.43697418, 8.43697418,
       8.43697418, 8.43697418, 8.43697418, 8.43697418, 8.43697418]), array([], dtype=float64), array([4.02855239, 4.02855239, 4.02855239, 4.02855239, 4.02855239,
       4.02855239, 4.02855239, 4.02855239, 4.02855239, 4.02855239,
       4.02855239, 4.02855239, 4.02855239, 4.02855239, 4.02855239,
       4.02855239, 4.16549402, 4.16549402, 4.16549402, 4.16549402,
       4.16549402, 4.16549402, 4.16549402, 4.16549402, 4.16549402,
       4.16549402, 4.16549402, 4.16549402, 4.16549402, 4.16549402]), array([7.93866823, 7.93866823, 7.93866823, 7.93866823, 8.12097203,
       8.12097203, 8.12097203, 8.12097203, 8.12097203, 8.12097203,
       8.12097203, 8.12097203, 8.12097203, 8.12097203, 8.30918864,
       8.30918864, 8.30918864, 8.30918864, 8.30918864, 8.30918864,
       8.35179501, 8.35179501, 8.35179501, 8.35179501, 8.35179501,
       8.35179501, 8.35179501, 8.35179501, 8.35179501, 8.35179501]), array([7.23863068, 7.23863068, 7.23863068, 7.23863068, 7.23863068,
       7.23863068, 7.23863068, 7.23863068, 7.23863068, 7.23863068,
       7.91836945, 7.91836945, 7.91836945, 7.91836945, 7.91836945,
       7.91836945, 7.91836945, 7.91836945, 7.91836945, 7.91836945,
       7.98157226, 7.98157226, 7.98157226, 7.98157226, 7.98157226,
       7.98157226, 7.98157226, 7.98157226, 7.98157226, 7.98157226]), array([1.01596169, 1.01596169, 1.01596169, 1.01596169, 1.01596169,
       1.01596169, 1.01596169, 1.7942525 , 1.7942525 , 1.7942525 ,
       1.7942525 , 1.7942525 , 1.7942525 , 1.7942525 , 1.7942525 ,
       1.7942525 , 4.42725829, 4.42725829, 4.42725829, 4.42725829,
       4.42725829, 4.42725829, 4.42725829, 4.42725829, 4.42725829,
       4.86714686, 4.86714686, 4.86714686, 4.86714686, 4.86714686]), array([5.72135399, 5.72135399, 5.72135399, 5.72135399, 5.72135399,
       5.72135399, 5.72135399, 5.72135399, 6.3170898 , 6.3170898 ,
       6.3170898 , 6.3170898 , 6.3170898 , 6.3170898 , 6.3170898 ,
       6.3170898 , 6.3170898 , 6.3170898 , 6.3170898 , 6.3170898 ,
       6.3170898 , 6.37115701, 6.37115701, 6.37115701, 6.37115701,
       6.37115701, 6.37115701, 6.37115701, 6.37115701, 6.37115701]), array([8.69422825, 8.69422825, 8.69422825, 8.69422825, 8.69422825,
       8.69422825, 8.69422825, 8.69422825, 8.69422825, 8.69422825,
       8.69422825, 8.69422825, 8.75246884, 8.75246884, 8.75246884,
       8.75246884, 8.75246884, 8.75246884, 8.75246884, 8.75246884,
       8.75246884, 8.75246884, 8.75246884, 8.75246884, 8.75246884,
       8.75246884, 8.75246884, 8.75246884, 8.75246884, 8.75246884]), array([8.57635148, 8.57635148, 8.57635148, 8.57635148, 8.57635148,
       8.57635148, 8.57635148, 8.57635148, 8.57635148, 8.57635148,
       8.57635148, 8.57635148, 8.71169004, 8.71169004, 8.71169004,
       8.71169004, 8.71169004, 8.71169004, 8.71169004, 8.71169004,
       8.71169004, 8.71169004, 8.71169004, 8.94336001, 8.94336001,
       8.94336001, 8.94336001, 8.94336001, 8.94336001, 8.94336001]), array([1.97864085, 1.97864085, 1.97864085, 1.97864085, 1.97864085,
       1.97864085, 1.97864085, 1.97864085, 1.97864085, 1.97864085,
       1.97864085, 1.97864085, 1.97864085, 1.97864085, 1.97864085,
       2.10302352, 2.10302352, 2.10302352, 2.10302352, 2.10302352,
       2.10302352, 2.10302352, 2.10302352, 2.10302352, 2.10302352,
       2.10302352, 2.10302352, 2.10302352, 2.10302352, 2.10302352]), array([1.23823977, 1.23823977, 1.23823977, 1.23823977, 1.23823977,
       1.23823977, 1.24246674, 1.24246674, 1.24246674, 1.24246674,
       1.24246674, 1.24246674, 1.24246674, 1.24246674, 1.24246674,
       1.24246674, 1.24246674, 1.24246674, 1.33406531, 1.33406531,
       1.33406531, 1.33406531, 1.33406531, 1.33406531, 1.33406531,
       1.33406531, 1.33406531, 1.33406531, 1.33406531, 1.33406531]), array([7.76425378, 7.76425378, 7.76425378, 7.76425378, 7.76425378,
       7.76425378, 7.76425378, 7.76425378, 7.76425378, 7.76425378,
       7.79772559, 7.79772559, 7.79772559, 7.79772559, 7.79772559,
       7.79772559, 7.79772559, 7.79772559, 7.79772559, 7.79772559,
       8.02678771, 8.02678771, 8.02678771, 8.02678771, 8.02678771,
       8.02678771, 8.02678771, 8.02678771, 8.02678771, 8.02678771]), array([3.40661049, 3.40661049, 3.40661049, 3.52450876, 3.52450876,
       3.52450876, 3.52450876, 3.52450876, 3.52450876, 3.52450876,
       3.52450876, 3.52450876, 3.55602886, 3.55602886, 3.55602886,
       3.55602886, 3.55602886, 3.68340331, 3.68340331, 3.68340331,
       3.68340331, 3.68340331, 3.68340331, 3.68340331, 3.68340331,
       3.68340331, 3.68340331, 3.68340331, 3.68340331, 3.68340331]), array([6.96249811, 6.96249811, 6.96249811, 7.2621125 , 7.2621125 ,
       7.2621125 , 7.2621125 , 7.2621125 , 7.2621125 , 7.2621125 ,
       7.2621125 , 7.2621125 , 7.31097118, 7.31097118, 7.31097118,
       7.31097118, 7.31097118, 7.31097118, 7.31097118, 7.31097118,
       7.31097118, 7.31097118, 7.31097118, 7.31097118, 7.31097118,
       7.72540076, 7.72540076, 7.72540076, 7.72540076, 7.72540076]), array([4.82316518, 4.82316518, 4.89494479, 4.89494479, 4.89494479,
       4.89494479, 4.89494479, 4.89494479, 4.9736252 , 4.9736252 ,
       4.9736252 , 4.9736252 , 4.9736252 , 4.9736252 , 4.98326423,
       4.98326423, 4.98326423, 4.98326423, 4.98326423, 4.98326423,
       4.98326423, 4.98326423, 4.98326423, 4.98326423, 5.22511283,
       5.22511283, 5.22511283, 5.22511283, 5.22511283, 5.22511283]), array([3.60274912, 3.60274912, 3.60274912, 3.60274912, 3.60274912,
       3.60274912, 3.60274912, 3.60274912, 3.60274912, 3.60274912,
       3.60274912, 3.60274912, 3.60274912, 5.89565821, 5.89565821,
       5.89565821, 5.89565821, 5.89565821, 5.89565821, 5.89565821,
       5.89565821, 5.89565821, 5.89565821, 5.89565821, 5.89565821,
       5.89565821, 5.89565821, 5.89565821, 5.89565821, 5.89565821]), array([4.16549402, 4.16549402, 4.16549402, 4.16549402, 4.16549402,
       4.16549402, 4.16549402, 4.16549402]), array([4.58858755, 4.58858755, 4.58858755, 4.58858755, 4.58858755,
       4.58858755, 4.58858755, 4.58858755, 4.58858755, 4.58858755,
       4.58858755, 4.58858755, 4.58858755, 4.58858755, 4.58858755,
       4.58858755, 4.63863334, 4.63863334, 4.63863334, 4.63863334,
       4.63863334, 4.63863334, 4.63863334, 4.63863334, 4.63863334,
       4.63863334, 4.63863334, 4.63863334, 4.63863334, 4.63863334]), array([6.54486303, 6.54486303, 6.54486303, 6.54486303, 6.54486303,
       6.54486303, 7.03062373, 7.03062373, 7.03062373, 7.03062373,
       7.03062373, 7.15203049, 7.15203049, 7.15203049, 7.15203049,
       7.15203049, 7.56042734, 7.56042734, 7.56042734, 7.56042734,
       7.56042734, 7.56042734, 7.56042734, 7.56042734, 7.56042734,
       8.08632569, 8.08632569, 8.08632569, 8.08632569, 8.08632569]), array([], dtype=float64), array([4.52116346, 4.52116346, 4.52116346, 4.52116346, 4.52116346,
       4.52116346, 4.52116346, 4.52116346, 4.52116346, 4.68226587,
       4.68226587, 4.68226587, 4.68226587, 4.68226587, 4.68226587,
       4.68226587, 4.68226587, 4.68226587, 4.68226587, 4.68226587,
       4.68226587, 4.68226587, 4.68226587, 4.68226587, 4.68226587,
       4.68226587, 4.68226587, 4.68226587, 4.68226587, 4.68226587]), array([5.23405827, 5.23405827, 5.40472774, 5.40472774, 5.40472774,
       5.40472774, 5.45598844, 5.45598844, 5.45598844, 5.45598844,
       5.65722474, 5.65722474, 5.65722474, 5.65722474, 5.80564255,
       5.80564255, 5.80564255, 5.80564255, 5.95088683, 5.95088683,
       5.95088683, 5.95088683, 6.29936397, 6.29936397, 6.29936397,
       6.29936397, 6.39996504, 6.39996504, 6.39996504, 6.39996504]), array([0.06538432, 0.06538432, 0.06538432, 0.06538432, 0.06538432,
       0.06538432, 0.06538432, 0.06610623, 0.06610623, 0.06610623,
       0.06610623, 0.06610623, 0.06610623, 0.06610623, 0.06610623,
       0.06610623, 0.06610623, 0.06610623, 0.06610623, 0.06610623,
       0.06610623, 0.06610623, 0.06610623, 0.06610623, 0.06610623,
       0.06610623, 0.06610623, 0.06610623, 0.06610623, 0.06610623]), array([5.35800698, 5.35800698, 5.35800698, 5.35800698, 5.40472774,
       5.40472774, 5.40472774, 5.40472774, 5.40472774, 5.40472774,
       5.40472774, 5.40472774, 5.40472774, 5.40472774, 5.40472774,
       5.40472774, 5.40472774, 5.40472774, 5.40472774, 5.40472774,
       5.40472774, 5.40472774, 5.40472774, 5.40472774, 5.40472774,
       5.40793899, 5.40793899, 5.40793899, 5.40793899, 5.40793899]), array([4.9635588 , 4.9635588 , 4.9635588 , 4.9635588 , 4.9635588 ,
       4.9635588 , 4.9635588 , 4.9635588 , 4.9635588 , 4.99585668,
       4.99585668, 4.99585668, 4.99585668, 4.99585668, 4.99585668,
       4.99585668, 4.99585668, 4.99585668, 4.99585668, 4.99585668,
       4.99585668, 4.99585668, 4.99585668, 4.99585668, 4.99585668,
       4.99585668, 4.99585668, 4.99585668, 4.99585668, 4.99585668]), array([9.03974226, 9.03974226, 9.03974226, 9.03974226, 9.07259665,
       9.07259665, 9.07259665, 9.07259665, 9.07259665, 9.07259665,
       9.07259665, 9.07259665, 9.07259665, 9.07259665, 9.07259665,
       9.07259665, 9.07259665, 9.07259665, 9.07259665, 9.07259665,
       9.07259665, 9.07259665, 9.07259665, 9.07259665, 9.07259665,
       9.07259665, 9.07259665, 9.07259665, 9.07259665, 9.07259665]), array([2.74002618, 2.74002618, 2.74002618, 2.74002618, 2.74002618,
       2.74002618, 2.74002618, 2.74002618, 2.74002618]), array([10.06310175, 10.06310175, 10.06310175, 10.52773312, 10.52773312,
       10.52773312, 10.52773312, 10.52773312, 10.52773312, 10.52773312,
       10.52773312, 10.52773312, 10.53373995, 10.53373995, 10.53373995,
       10.53373995, 10.53373995, 10.61817082, 10.61817082, 10.61817082,
       10.61817082, 10.61817082, 10.61817082, 10.61817082, 10.61817082,
       10.61817082, 10.61817082, 10.61817082, 10.61817082, 10.61817082]), array([0.52932931, 0.52932931, 0.52932931, 0.52932931, 0.70073678,
       0.70073678, 0.70073678, 0.70073678, 0.70073678, 0.70073678,
       0.70073678, 0.70073678, 0.70073678, 0.70073678, 0.70073678,
       0.70073678, 0.70073678, 0.70073678, 0.70073678, 0.70073678,
       0.70073678, 0.70073678, 0.70073678, 0.71988673, 0.71988673,
       0.71988673, 0.71988673, 0.71988673, 0.71988673, 0.71988673]), array([6.6614576 , 6.93616182, 6.93616182, 6.93616182, 6.93616182,
       6.93616182, 6.93616182, 6.93616182, 6.93616182, 6.93616182,
       7.15203049, 7.15203049, 7.15203049, 7.15203049, 7.15203049,
       7.20472549, 7.20472549, 7.20472549, 7.20472549, 7.20472549,
       7.23604187, 7.23604187, 7.23604187, 7.23604187, 7.23604187,
       7.31097118, 7.31097118, 7.31097118, 7.31097118, 7.31097118]), array([8.94336001, 8.94336001, 8.94336001, 8.94336001, 8.94336001,
       8.94336001, 8.94336001, 8.94336001, 8.94336001, 8.94336001,
       8.94336001, 8.94336001, 8.94336001, 8.94336001, 8.94336001,
       8.94336001, 8.94336001, 8.94336001, 8.94336001, 8.94336001,
       8.94336001, 8.94336001, 8.94336001, 8.94336001, 8.94336001,
       8.94336001, 8.94336001, 8.94336001, 8.94336001, 8.94336001]), array([0.22962147, 0.22962147, 0.22962147, 0.22962147, 0.22962147,
       0.22962147, 0.22962147, 0.22962147, 0.62085687, 0.62085687,
       0.62085687, 0.62085687, 0.62085687, 0.62085687, 0.62085687,
       0.62085687, 0.62085687, 0.62085687, 0.62085687, 0.62085687,
       0.62085687, 0.62085687, 0.62085687, 0.81192032, 0.81192032,
       0.81192032, 0.81192032, 0.81192032, 0.81192032, 0.81192032]), array([2.58695503, 2.58695503, 2.58695503, 2.58695503, 2.58695503,
       2.58695503, 2.58695503, 2.58695503, 2.58695503, 2.58695503,
       2.58695503, 2.58695503, 2.58695503, 2.58695503, 2.58695503,
       2.58695503, 2.58695503, 2.58695503, 2.58695503, 2.58695503,
       2.58695503, 2.58695503, 2.58695503, 2.58695503, 2.58695503,
       2.58695503, 2.58695503, 2.58695503, 2.58695503, 2.58695503]), array([3.95023884, 3.95023884, 3.95023884, 3.95023884, 3.95023884,
       3.95023884, 3.95023884, 3.95023884, 6.4769874 , 6.4769874 ,
       6.4769874 , 6.4769874 , 6.4769874 , 6.4769874 , 6.4769874 ,
       6.4769874 , 6.4769874 , 6.77676597, 6.77676597, 6.77676597,
       6.77676597, 6.77676597, 6.77676597, 6.77676597, 6.77676597,
       6.77676597, 6.77676597, 6.77676597, 6.77676597, 6.77676597]), array([5.22511283, 5.22511283, 5.23405827, 5.23405827, 5.23405827,
       5.23405827, 5.23405827, 5.23405827, 5.23405827, 5.23405827,
       5.23405827, 5.23405827, 5.25676575, 5.25676575, 5.25676575,
       5.25676575, 5.25676575, 5.25676575, 5.25676575, 5.25676575,
       5.25676575, 5.25676575, 5.25676575, 5.25676575, 5.25676575,
       5.25676575, 5.25676575, 5.25676575, 5.25676575, 5.25676575]), array([1.66439749, 1.66439749, 1.66439749, 1.66439749, 1.66439749,
       1.66439749, 1.66439749, 1.66439749, 1.66439749, 1.66439749,
       1.66439749, 1.66439749, 1.66439749, 1.66439749, 1.66439749,
       1.73182961, 1.73182961, 1.73182961, 1.73182961, 1.73182961,
       1.73182961, 1.73182961, 1.73182961, 1.73182961, 1.73182961,
       1.73182961, 1.73182961, 1.73182961, 1.73182961, 1.73182961]), array([6.62098839, 6.62098839, 6.62098839, 6.62098839, 6.62098839,
       6.62098839, 6.62098839, 6.62098839, 6.62098839, 6.62098839,
       6.62098839, 6.62098839, 6.62098839, 6.62098839, 6.62098839,
       6.62098839, 6.62098839, 6.80512424, 6.80512424, 6.80512424,
       6.80512424, 6.80512424, 6.80512424, 6.80512424, 6.80512424,
       6.80512424, 6.80512424, 6.80512424, 6.80512424, 6.80512424]), array([8.08632569, 8.08632569, 8.08632569, 8.08632569, 8.08632569,
       8.08632569, 8.08632569, 8.08632569, 8.08632569, 8.08632569,
       8.08632569, 8.08632569, 8.25927798, 8.25927798, 8.25927798,
       8.25927798, 8.25927798, 8.25927798, 8.25927798, 8.80599837,
       8.80599837, 8.80599837, 8.80599837, 8.80599837, 8.80599837,
       8.80599837, 8.80599837, 8.80599837, 8.80599837, 8.80599837]), array([5.49110271, 5.49110271, 5.49110271, 5.49110271, 5.49110271,
       5.49110271, 5.49110271, 5.49110271, 5.49110271, 5.49110271,
       5.49110271, 5.49110271, 5.49110271, 5.49110271, 5.49110271,
       5.49110271, 5.49110271, 5.49110271, 5.49110271, 5.49110271,
       5.54832192, 5.54832192, 5.54832192, 5.54832192, 5.54832192,
       5.54832192, 5.54832192, 5.54832192, 5.54832192, 5.54832192]), array([1.46272821, 1.46272821, 1.46272821, 1.46272821, 1.46272821,
       1.46272821, 1.46272821, 1.46272821, 1.46272821, 1.46272821,
       1.46272821, 1.46272821, 1.46272821, 1.47641793, 1.47641793,
       1.47641793, 1.47641793, 1.47641793, 1.47641793, 1.47641793,
       1.47641793, 1.47641793, 1.47641793, 1.47641793, 1.47641793,
       1.47641793, 1.47641793, 1.47641793, 1.47641793, 1.47641793]), array([7.76425378, 7.76425378, 7.76425378, 7.82061259, 7.82061259,
       7.82061259, 7.82061259, 7.82061259, 7.82061259, 7.82061259,
       7.82061259, 7.82061259, 7.82061259, 7.82061259, 7.82061259,
       7.82061259, 7.91836945, 7.91836945, 7.91836945, 7.91836945,
       7.91836945, 8.57635148, 8.57635148, 8.57635148, 8.57635148,
       8.57635148, 8.57635148, 8.57635148, 8.57635148, 8.57635148]), array([0.06610623, 0.06610623, 0.06610623, 0.06610623, 0.06610623,
       0.06610623, 0.06610623, 0.06610623, 0.06610623, 0.06610623,
       0.06610623, 0.06610623, 0.06610623]), array([1.97864085, 1.97864085, 1.97864085, 1.97864085, 1.97864085,
       2.12553468, 2.12553468, 2.12553468, 2.12553468, 2.12553468,
       2.12553468, 2.12553468, 2.12553468, 2.12553468, 2.12553468,
       2.12553468, 2.12553468, 2.12553468, 2.12553468, 2.12553468,
       2.12553468, 2.12553468, 2.12553468, 2.12553468, 2.12553468,
       2.12553468, 2.12553468, 2.12553468, 2.12553468, 2.12553468]), array([6.53707963, 6.53707963, 6.53707963, 6.53707963, 6.53707963,
       6.53707963, 6.53707963, 6.53707963, 6.53707963, 6.53707963,
       6.53707963, 6.53707963, 6.53707963, 6.53707963, 6.53707963,
       6.53707963, 7.33740266, 7.33740266, 7.33740266, 7.33740266,
       7.33740266, 7.33740266, 7.33740266, 7.33740266, 7.33740266,
       7.33740266, 7.33740266, 7.33740266, 7.33740266, 7.33740266]), array([], dtype=float64), array([9.35923809, 9.35923809, 9.35923809, 9.35923809, 9.35923809,
       9.35923809, 9.35923809, 9.35923809, 9.4180479 , 9.4180479 ,
       9.4180479 , 9.4180479 , 9.4180479 , 9.4180479 , 9.4180479 ,
       9.4180479 , 9.4180479 , 9.4180479 , 9.4180479 , 9.89960362,
       9.89960362, 9.89960362, 9.89960362, 9.89960362, 9.89960362,
       9.89960362, 9.89960362, 9.89960362, 9.89960362, 9.89960362]), array([4.98326423, 4.98326423, 4.98326423, 4.98326423, 4.98326423,
       4.98326423, 4.98326423, 4.98326423, 5.00399646, 5.00399646,
       5.00399646, 5.00399646, 5.00399646, 5.00399646, 5.00399646,
       5.00399646, 5.00399646, 5.00399646, 5.00399646, 5.00399646,
       5.00399646, 5.35800698, 5.35800698, 5.35800698, 5.35800698,
       5.35800698, 5.35800698, 5.35800698, 5.35800698, 5.35800698]), array([9.41112832, 9.41112832, 9.41112832, 9.41112832, 9.41112832,
       9.41112832, 9.41112832, 9.41112832, 9.41112832, 9.41112832,
       9.41112832, 9.41112832, 9.41112832, 9.41112832, 9.41112832,
       9.41112832, 9.44290566, 9.44290566, 9.44290566, 9.44290566,
       9.44290566, 9.71589365, 9.71589365, 9.71589365, 9.71589365,
       9.71589365, 9.71589365, 9.71589365, 9.71589365, 9.71589365]), array([], dtype=float64), array([7.88637046, 7.88637046, 7.88637046, 7.88637046, 7.88637046,
       7.88637046, 7.88637046, 7.88637046, 7.88637046, 7.88637046,
       7.88637046, 7.88637046, 9.41112832, 9.41112832, 9.41112832,
       9.41112832, 9.41112832, 9.41112832, 9.41112832, 9.41112832,
       9.41112832, 9.41112832, 9.41112832, 9.41112832, 9.41112832,
       9.41112832, 9.41112832, 9.41112832, 9.41112832, 9.41112832]), array([6.62098839, 6.62098839, 6.62098839, 6.62098839, 6.62098839,
       6.62098839, 6.62098839, 6.6614576 , 6.6614576 , 6.6614576 ,
       6.6614576 , 6.6614576 , 6.69613614, 6.69613614, 6.69613614,
       6.69613614, 6.69613614, 6.69613614, 6.69613614, 6.69613614,
       6.69613614, 6.77676597, 6.77676597, 6.77676597, 6.77676597,
       6.77676597, 6.77676597, 6.77676597, 6.77676597, 6.77676597]), array([7.91836945, 7.91836945, 7.91836945, 7.91836945, 7.91836945,
       7.91836945, 7.91836945, 7.98157226, 7.98157226, 7.98157226,
       7.98157226, 7.98157226, 7.98157226, 7.98157226, 7.98157226,
       7.98157226, 8.07240882, 8.07240882, 8.07240882, 8.07240882,
       8.07240882, 8.2456519 , 8.2456519 , 8.2456519 , 8.2456519 ,
       8.2456519 , 8.2456519 , 8.2456519 , 8.2456519 , 8.2456519 ]), array([1.73182961, 1.73182961, 1.73182961, 1.73182961, 1.73182961,
       1.73182961, 1.73182961, 1.73182961, 1.73182961, 1.73182961,
       1.73182961, 1.73182961, 1.73182961, 1.73182961, 1.7942525 ,
       1.7942525 , 1.7942525 , 1.7942525 , 1.7942525 , 1.7942525 ,
       1.8099027 , 1.8099027 , 1.8099027 , 1.8099027 , 1.8099027 ,
       1.8099027 , 1.8099027 , 1.8099027 , 1.8099027 , 1.8099027 ]), array([4.86714686, 4.86714686, 4.86714686, 4.86714686, 5.00399646,
       5.00399646, 5.00399646, 5.00399646, 5.00399646, 5.00399646,
       5.00399646, 5.00399646, 5.00399646, 5.00399646, 5.00399646,
       5.00399646, 5.00399646, 5.00399646, 5.00399646, 5.00399646,
       5.00399646, 5.00399646, 5.00399646, 5.00399646, 5.00399646,
       5.00399646, 5.00399646, 5.00399646, 5.00399646, 5.00399646]), array([2.90245142, 2.90245142, 2.90245142, 2.90245142, 2.90245142,
       2.90245142, 2.90245142, 2.90245142, 2.90245142, 2.90245142,
       2.90245142, 2.90245142, 2.90669141, 2.90669141, 2.90669141,
       2.90669141, 2.90669141, 2.90669141, 2.90669141, 2.90669141,
       2.90669141, 2.90669141, 2.90669141, 2.90669141, 2.90669141,
       2.90669141, 2.90669141, 2.90669141, 2.90669141, 2.90669141]), array([6.39996504, 6.39996504, 6.39996504, 6.39996504, 6.39996504,
       6.39996504, 6.39996504, 6.39996504, 6.39996504, 6.39996504,
       6.39996504, 6.39996504, 6.39996504, 6.39996504, 6.39996504,
       6.39996504, 6.57462532, 6.57462532, 6.57462532, 6.57462532,
       6.57462532, 6.59633892, 6.59633892, 6.59633892, 6.59633892,
       6.59633892, 6.59633892, 6.59633892, 6.59633892, 6.59633892]), array([1.7942525 , 1.7942525 , 1.94854037, 1.94854037, 1.94854037,
       1.94854037, 1.94854037, 1.94854037, 1.94854037, 1.94854037,
       1.94854037, 1.94854037, 1.94854037, 1.94854037, 1.94854037,
       1.94854037, 2.2137543 , 2.2137543 , 2.2137543 , 2.2137543 ,
       2.2137543 , 2.2137543 , 2.2137543 , 2.2137543 , 2.2137543 ,
       2.2137543 , 2.2137543 , 2.2137543 , 2.2137543 , 2.2137543 ]), array([1.37676962, 1.37676962, 1.37676962, 1.37676962, 1.37676962,
       1.37676962, 1.99473851, 1.99473851, 1.99473851, 1.99473851,
       1.99473851, 1.99473851, 1.99473851, 1.99473851, 1.99473851,
       1.99473851, 1.99473851, 1.99473851, 1.99473851, 1.99473851,
       3.26601903, 3.26601903, 3.26601903, 3.26601903, 3.26601903,
       3.26601903, 3.26601903, 3.26601903, 3.26601903, 3.26601903]), array([4.21372756, 4.21372756, 4.21372756, 4.21372756, 4.21372756,
       4.21372756, 4.21372756, 4.21372756, 4.21372756, 4.21372756,
       4.21372756, 4.21372756, 4.21372756, 4.21372756, 4.21372756,
       4.21372756, 4.21372756, 4.21372756, 4.21372756, 4.21372756,
       4.21372756, 4.21372756, 4.21372756, 4.21372756, 4.21372756,
       4.21372756, 4.21372756, 4.21372756, 4.21372756, 4.21372756]), array([3.47875521, 3.47875521, 3.47875521, 3.47875521, 3.47875521,
       3.47875521, 3.8119534 , 3.8119534 , 3.8119534 , 3.8119534 ,
       3.8119534 , 3.8119534 , 3.8119534 , 3.8119534 , 3.8119534 ,
       3.8119534 , 3.8119534 , 3.8119534 , 3.8119534 , 3.8119534 ,
       3.86563918, 3.86563918, 3.86563918, 3.86563918, 3.86563918,
       3.86563918, 3.86563918, 3.86563918, 3.86563918, 3.86563918]), array([2.58695503, 2.58695503, 2.58695503, 2.58695503, 2.58695503,
       2.58695503, 2.58695503, 2.58695503, 2.58695503, 2.58695503,
       2.58695503, 2.59562326, 2.59562326, 2.59562326, 2.59562326,
       2.59562326, 2.59562326, 2.59562326, 2.59562326, 2.59562326,
       2.59562326, 2.59562326, 2.59562326, 2.59562326, 2.59562326,
       2.59562326, 2.59562326, 2.59562326, 2.59562326, 2.59562326]), array([0.62603081, 0.62603081, 0.62603081, 0.62603081, 0.62603081,
       0.62603081, 0.62603081, 0.62603081, 0.62603081, 0.62603081,
       0.62603081, 0.62603081, 0.70073678, 0.70073678, 0.70073678,
       0.70073678, 0.70073678, 0.70073678, 0.70073678, 0.70073678,
       0.70073678, 0.70073678, 0.70073678, 0.70073678, 0.70073678,
       0.70073678, 0.70073678, 0.70073678, 0.70073678, 0.70073678]), array([0.05357685, 0.05357685, 0.05357685, 0.05357685, 0.05357685,
       0.05357685, 0.05357685, 0.05357685, 0.05357685, 0.05357685,
       0.05357685, 0.05357685, 0.05357685, 0.05357685, 0.05357685,
       0.05357685, 0.05357685, 0.05357685, 0.05357685, 0.06538432,
       0.06538432, 0.06538432, 0.06538432, 0.06538432, 0.06538432,
       0.06538432, 0.06538432, 0.06538432, 0.06538432, 0.06538432]), array([3.83874771, 3.83874771, 3.83874771, 3.83874771, 3.83874771,
       3.83874771, 3.86563918, 3.86563918, 3.86563918, 3.86563918,
       3.86563918, 3.86563918, 3.86563918, 3.86563918, 3.86563918,
       3.86563918, 3.86563918, 3.86563918, 3.86563918, 3.86563918,
       3.95023884, 3.95023884, 3.95023884, 3.95023884, 3.95023884,
       3.95023884, 3.95023884, 3.95023884, 3.95023884, 3.95023884]), array([5.16174522, 5.16174522, 5.16174522, 5.16174522, 5.16174522,
       5.16174522, 5.16174522, 5.16174522, 5.16174522, 5.16174522,
       5.16174522, 5.16174522, 5.16174522, 5.16174522, 5.16174522,
       5.16174522, 5.40793899, 5.40793899, 5.40793899, 5.40793899,
       5.40793899, 5.40793899, 5.40793899, 5.40793899, 5.40793899,
       5.40793899, 5.40793899, 5.40793899, 5.40793899, 5.40793899]), array([2.58142459, 2.58142459, 2.58142459, 2.58142459, 2.58142459,
       2.58142459, 2.58142459, 2.58142459, 2.58142459, 2.58142459,
       2.58142459, 2.58142459, 2.58142459, 2.60234658, 2.60234658,
       2.60234658, 2.60234658, 2.60234658, 2.60234658, 2.60234658,
       2.60234658, 2.60234658, 2.60234658, 2.60234658, 2.60234658,
       2.60234658, 2.60234658, 2.60234658, 2.60234658, 2.60234658]), array([4.68226587, 4.68226587, 4.68226587, 4.68226587, 4.68226587,
       4.68226587, 4.68226587, 4.68226587, 4.68226587, 4.68226587,
       4.84842487, 4.84842487, 4.84842487, 4.84842487, 4.84842487,
       4.84842487, 4.9287431 , 4.9287431 , 4.9287431 , 4.9287431 ,
       4.9287431 , 4.9287431 , 4.9287431 , 4.9287431 , 4.9287431 ,
       4.9287431 , 4.9287431 , 4.9287431 , 4.9287431 , 4.9287431 ]), array([6.3170898 , 6.3170898 , 6.3170898 , 6.81664636, 6.81664636,
       6.81664636, 6.81664636, 6.81664636, 6.81664636, 6.81664636,
       6.81664636, 6.81664636, 6.81664636, 6.81664636, 6.81664636,
       6.81664636, 6.81664636, 6.81664636, 6.81664636, 6.81664636,
       6.81664636, 6.81664636, 6.81664636, 6.81664636, 6.81664636,
       6.81664636, 6.81664636, 6.81664636, 6.81664636, 6.81664636]), array([4.98417069, 4.98417069, 4.98417069, 4.98417069, 4.98417069,
       4.98417069, 4.98417069, 4.98417069, 4.98417069, 4.98417069,
       5.12684071, 5.12684071, 5.12684071, 5.12684071, 5.12684071,
       5.12684071, 5.12684071, 5.12684071, 5.12684071, 5.12684071,
       5.12684071, 5.12684071, 5.12684071, 5.12684071, 5.12684071,
       5.12684071, 5.12684071, 5.12684071, 5.12684071, 5.12684071]), array([7.38218563, 7.44419366, 7.44419366, 7.44419366, 7.44419366,
       7.44419366, 8.25927798, 8.25927798, 8.25927798, 8.25927798,
       8.25927798, 8.43697418, 8.43697418, 8.43697418, 8.43697418,
       8.43697418, 8.43697418, 8.43697418, 8.43697418, 8.43697418,
       8.464721  , 8.464721  , 8.464721  , 8.464721  , 8.464721  ,
       9.18397814, 9.18397814, 9.18397814, 9.18397814, 9.18397814]), array([7.65475375, 7.65475375, 7.65475375, 7.65475375, 7.65475375,
       7.65475375, 7.65475375, 7.65475375, 7.65475375, 7.65475375,
       7.65475375, 7.65475375, 7.65475375, 9.35923809, 9.35923809,
       9.35923809, 9.35923809, 9.35923809, 9.35923809, 9.35923809,
       9.35923809, 9.35923809, 9.35923809, 9.35923809, 9.35923809,
       9.35923809, 9.35923809, 9.35923809, 9.35923809, 9.35923809]), array([2.30345364, 2.30345364, 2.30345364, 2.30345364, 2.43469474,
       2.43469474, 2.43469474, 2.43469474, 2.43469474, 2.43469474,
       2.43469474, 2.43469474, 2.43469474, 2.43469474, 2.43469474,
       2.43469474, 2.43469474, 2.43469474, 2.43469474, 2.78152706,
       2.78152706, 2.78152706, 2.78152706, 2.78152706, 2.78152706,
       2.78152706, 2.78152706, 2.78152706, 2.78152706, 2.78152706]), array([3.43170959, 3.43170959, 3.43170959, 3.43170959, 3.43170959,
       3.43170959, 3.43170959, 3.43170959, 3.43170959, 3.43170959,
       3.43170959, 3.50441547, 3.50441547, 3.50441547, 3.50441547,
       3.50441547, 3.50441547, 3.50441547, 3.50441547, 3.50441547,
       3.50441547, 3.50441547, 3.50441547, 3.50441547, 3.50441547,
       3.50441547, 3.50441547, 3.50441547, 3.50441547, 3.50441547]), array([0., 0., 0., 0., 0., 0., 0., 0., 0., 0., 0., 0., 0., 0., 0., 0., 0.,
       0.]), array([2.42772949, 2.42772949, 2.42772949, 2.42772949, 2.42772949,
       2.42772949, 2.42772949, 2.42772949, 2.42772949, 2.42772949,
       2.56168132, 2.56168132, 2.56168132, 2.56168132, 2.56168132,
       2.56168132, 2.56168132, 2.56168132, 2.56168132, 2.56168132,
       2.7146401 , 2.7146401 , 2.7146401 , 2.7146401 , 2.7146401 ,
       2.7146401 , 2.7146401 , 2.7146401 , 2.7146401 , 2.7146401 ]), array([], dtype=float64), array([2.96325797, 2.96325797, 2.96325797, 3.04170983, 3.04170983,
       3.04170983, 3.04170983, 3.04170983, 3.04170983, 3.04170983,
       3.04170983, 3.04170983, 3.04170983, 3.04170983, 3.04170983,
       3.04170983, 3.09687438, 3.09687438, 3.09687438, 3.09687438,
       3.09687438, 3.15539536, 3.15539536, 3.15539536, 3.15539536,
       3.15539536, 3.15539536, 3.15539536, 3.15539536, 3.15539536]), array([5.33410476, 5.33410476, 5.33410476, 5.45579763, 5.45579763,
       5.45579763, 5.45579763, 5.45579763, 5.54832192, 5.54832192,
       5.54832192, 5.54832192, 5.54832192, 5.54832192, 5.54832192,
       5.54832192, 5.54832192, 5.54832192, 5.54832192, 5.54832192,
       5.54832192, 5.54832192, 5.54832192, 5.54832192, 5.54832192,
       5.65722474, 5.65722474, 5.65722474, 5.65722474, 5.65722474]), array([7.93866823, 7.93866823, 7.93866823, 7.98157226, 7.98157226,
       7.98157226, 7.98157226, 7.98157226, 7.98157226, 7.98157226,
       7.98157226, 7.98157226, 7.98157226, 7.98157226, 7.98157226,
       7.98157226, 7.98157226, 7.98157226, 7.98157226, 7.98157226,
       7.98157226, 7.98157226, 7.98157226, 7.98157226, 7.98157226,
       7.98157226, 7.98157226, 7.98157226, 7.98157226, 7.98157226]), array([7.56042734, 7.56042734, 7.56042734, 7.56042734, 7.56042734,
       7.56042734, 7.56042734, 7.56042734, 7.56042734, 7.56042734,
       7.56042734, 7.56042734, 7.65488874, 7.65488874, 7.65488874,
       7.65488874, 7.65488874, 7.65488874, 7.65488874, 7.65488874,
       7.65488874, 7.65488874, 7.65488874, 7.65488874, 7.65488874,
       7.65488874, 7.65488874, 7.65488874, 7.65488874, 7.65488874]), array([9.44495418, 9.44495418, 9.47068057, 9.47068057, 9.47068057,
       9.47068057, 9.47068057, 9.47068057, 9.47068057, 9.47068057,
       9.47068057, 9.47068057, 9.47068057, 9.47068057, 9.54820774,
       9.54820774, 9.54820774, 9.54820774, 9.54820774, 9.54820774,
       9.54820774, 9.54820774, 9.54820774, 9.54820774, 9.54820774,
       9.54820774, 9.54820774, 9.54820774, 9.54820774, 9.54820774]), array([1.02742725, 1.02742725, 1.02742725, 1.02742725, 1.02742725,
       1.02742725, 1.02742725, 1.02742725, 1.02742725, 1.02742725,
       1.02742725, 1.02742725, 1.34456893, 1.34456893, 1.34456893,
       1.34456893, 1.34456893, 1.34456893, 1.34456893, 1.34456893,
       1.34456893, 1.7904992 , 1.7904992 , 1.7904992 , 1.7904992 ,
       1.7904992 , 1.7904992 , 1.7904992 , 1.7904992 , 1.7904992 ]), array([0.00995941, 0.00995941, 0.00995941, 0.00995941, 0.00995941,
       0.00995941, 0.00995941, 0.00995941, 0.00995941, 0.22962147,
       0.22962147, 0.22962147, 0.22962147, 0.22962147, 0.22962147,
       0.22962147, 0.22962147, 0.22962147]), array([4.6011012 , 4.6011012 , 4.6011012 , 4.6011012 , 4.6011012 ,
       4.6011012 , 4.6011012 , 4.6011012 , 4.6011012 , 4.6011012 ,
       4.6011012 , 4.6011012 , 4.82269995, 4.82269995, 4.82269995,
       4.82269995, 4.82269995, 4.82269995, 4.82269995, 4.82269995,
       4.82269995, 4.82269995, 4.82269995, 4.82269995, 4.82269995,
       4.9635588 , 4.9635588 , 4.9635588 , 4.9635588 , 4.9635588 ]), array([2.50864163, 2.50864163, 2.50864163, 2.50864163, 2.50864163,
       2.50864163, 2.50864163, 2.50864163, 2.50864163]), array([8.76756102, 8.76756102, 8.76756102, 8.76756102, 8.76756102,
       8.76756102, 8.79376722, 8.79376722, 8.79376722, 8.79376722,
       8.79376722, 8.79376722, 8.79376722, 8.79376722, 8.79376722,
       8.79376722, 8.79376722, 8.79376722, 8.79376722, 8.79376722,
       9.44290566, 9.44290566, 9.44290566, 9.44290566, 9.44290566,
       9.44290566, 9.44290566, 9.44290566, 9.44290566, 9.44290566]), array([6.91424296, 6.91424296, 6.91424296, 6.91424296, 6.9717345 ,
       6.9717345 , 6.9717345 , 6.9717345 , 6.9717345 , 6.9717345 ,
       6.9717345 , 6.9717345 , 6.9717345 , 6.9717345 , 6.9717345 ,
       6.9717345 , 6.9717345 , 6.9717345 , 6.9717345 , 6.9717345 ,
       6.9717345 , 6.9717345 , 6.9717345 , 6.9717345 , 6.9717345 ,
       6.9717345 , 6.9717345 , 6.9717345 , 6.9717345 , 6.9717345 ]), array([1.34456893, 1.34456893, 1.34456893, 1.34456893, 1.34456893,
       1.34456893, 1.34456893, 1.34456893, 1.34456893, 1.34456893,
       1.34456893, 1.34456893, 1.34456893, 1.34456893, 1.8099027 ,
       1.8099027 , 1.8099027 , 1.8099027 , 1.8099027 , 1.8099027 ,
       1.8099027 , 1.8099027 , 1.8099027 , 1.8099027 , 1.8099027 ,
       1.8099027 , 1.8099027 , 1.8099027 , 1.8099027 , 1.8099027 ]), array([0.00995941, 0.00995941, 0.00995941, 0.00995941, 0.00995941,
       0.00995941, 0.29933689, 0.29933689, 0.29933689, 0.29933689,
       0.29933689, 0.72787021, 0.72787021, 0.72787021, 0.72787021,
       0.72787021, 0.81192032, 0.81192032, 0.81192032, 0.81192032,
       0.81192032, 0.94161557, 0.94161557, 0.94161557, 0.94161557,
       0.94161557, 0.94161557, 0.94161557, 0.94161557, 0.94161557]), array([6.67815903, 6.67815903, 6.67967246, 6.67967246, 6.67967246,
       6.67967246, 6.67967246, 6.67967246, 6.78911371, 6.78911371,
       6.78911371, 6.78911371, 6.78911371, 6.78911371, 6.93627902,
       6.93627902, 6.93627902, 6.93627902, 6.93627902, 6.93627902,
       6.93627902, 6.93627902, 6.93627902, 6.93627902, 6.9717345 ,
       6.9717345 , 6.9717345 , 6.9717345 , 6.9717345 , 6.9717345 ]), array([2.29490384, 2.29490384, 2.29490384, 2.29490384, 2.30345364,
       2.30345364, 2.30345364, 2.30345364, 2.30345364, 2.30345364,
       2.39308057, 2.39308057, 2.39308057, 2.39308057, 2.39308057,
       2.39308057, 2.39308057, 2.39308057, 2.39308057, 2.39308057,
       2.39308057, 2.39308057, 2.39308057, 2.39308057, 2.41474534,
       2.41474534, 2.41474534, 2.41474534, 2.41474534, 2.41474534]), array([7.43060079, 7.43060079, 7.43060079, 7.43060079, 7.43060079,
       7.43060079, 7.43060079, 7.43060079, 7.43060079, 7.87289505,
       7.87289505, 7.87289505, 7.87289505, 7.87289505, 7.87289505,
       7.87289505, 7.87289505, 7.87289505, 7.87289505, 7.87289505,
       7.87289505, 7.87289505, 7.87289505, 7.87289505, 7.87289505,
       7.87289505, 7.87289505, 7.87289505, 7.87289505, 7.87289505]), array([6.9717345 , 6.9717345 , 7.20472549, 7.20472549, 7.20472549,
       7.20472549, 7.20472549, 7.20472549, 7.20472549, 7.20472549,
       7.20472549, 7.20472549, 7.20472549, 7.20472549, 7.20472549,
       7.20472549, 7.20472549, 7.20472549, 7.20472549, 7.20472549,
       7.20472549, 7.20472549, 7.20472549, 7.20472549, 7.20472549,
       7.20472549, 7.20472549, 7.20472549, 7.20472549, 7.20472549]), array([5.89565821, 5.89565821, 5.95059361, 5.95059361, 5.95059361,
       5.95059361, 5.95059361, 5.95059361, 5.95059361, 5.95059361,
       5.95059361, 5.95059361, 5.95059361, 5.95059361, 5.95059361,
       5.95059361, 5.95059361, 5.95059361, 5.98369928, 5.98369928,
       5.98369928, 5.98369928, 5.98369928, 5.98369928, 5.98369928,
       5.98369928, 5.98369928, 5.98369928, 5.98369928, 5.98369928]), array([3.04170983, 3.04170983, 3.04170983, 3.04170983, 3.04170983,
       3.04170983, 3.04170983, 3.04170983, 3.04170983, 3.04170983,
       3.04170983, 3.04170983, 3.04170983, 3.09687438, 3.09687438,
       3.09687438, 3.09687438, 3.09687438, 3.09687438, 3.09687438,
       3.09687438, 3.09687438, 3.09687438, 3.09687438, 3.09687438,
       3.09687438, 3.09687438, 3.09687438, 3.09687438, 3.09687438]), array([8.25927798, 8.25927798, 8.25927798, 8.25927798, 8.35671123,
       8.35671123, 8.35671123, 8.35671123, 8.35671123, 8.35671123,
       8.35671123, 8.35671123, 8.35671123, 8.464721  , 8.464721  ,
       8.464721  , 8.464721  , 8.464721  , 8.464721  , 8.464721  ,
       8.464721  , 8.464721  , 8.464721  , 8.464721  , 8.464721  ,
       8.464721  , 8.464721  , 8.464721  , 8.464721  , 8.464721  ]), array([1.85431065, 1.85431065, 1.85431065, 1.85431065, 1.85431065,
       1.85431065, 1.85431065, 1.85431065, 1.85431065, 1.85431065,
       1.85431065, 1.85431065, 1.85431065, 1.97383496, 1.97383496,
       1.97383496, 1.97383496, 1.97383496, 1.97383496, 1.97383496,
       1.97383496, 1.97383496, 1.97383496, 1.97383496, 1.97383496,
       1.97383496, 1.97383496, 1.97383496, 1.97383496, 1.97383496]), array([8.2456519 , 8.33683284, 8.33683284, 8.33683284, 8.33683284,
       8.33683284, 8.33683284, 8.33683284, 8.33683284, 8.33683284,
       8.33683284, 8.33683284, 8.33683284, 8.33683284, 8.33683284,
       8.33683284, 8.33683284, 8.33683284, 8.33683284, 8.33683284,
       8.33683284, 8.33683284, 8.33683284, 8.33683284, 8.33683284,
       8.33683284, 8.33683284, 8.33683284, 8.33683284, 8.33683284]), array([2.77371235, 2.77371235, 2.77371235, 3.25865901, 3.25865901,
       3.25865901, 3.25865901, 3.25865901, 3.25865901, 3.25865901,
       3.25865901, 3.25865901, 3.25865901, 3.25865901, 3.25865901,
       3.25865901, 3.35531771, 3.35531771, 3.35531771, 3.35531771,
       3.35531771, 3.54821237, 3.54821237, 3.54821237, 3.54821237,
       3.54821237, 3.54821237, 3.54821237, 3.54821237, 3.54821237]), array([5.57157988, 5.57157988, 5.61171962, 5.61171962, 5.61171962,
       5.61171962, 5.61171962, 5.61171962, 5.61171962, 5.61171962,
       5.61171962, 5.61171962, 5.61171962, 5.61171962, 5.62186423,
       5.62186423, 5.62186423, 5.62186423, 5.62186423, 5.62186423,
       5.62186423, 5.62186423, 5.62186423, 5.62186423, 5.62186423,
       5.62186423, 5.62186423, 5.62186423, 5.62186423, 5.62186423]), array([2.0392463 , 2.0392463 , 2.0392463 , 2.0392463 , 2.0392463 ,
       2.0392463 , 2.0392463 , 2.0392463 , 2.21643472, 2.21643472,
       2.21643472, 2.21643472, 2.21643472, 2.21643472, 2.21643472,
       2.21643472, 2.21643472, 2.21643472, 2.21643472, 2.23431764,
       2.23431764, 2.23431764, 2.23431764, 2.23431764, 2.23431764,
       2.23431764, 2.23431764, 2.23431764, 2.23431764, 2.23431764]), array([1.8099027 , 1.8099027 , 1.8099027 , 1.8099027 , 1.8099027 ,
       1.8099027 , 1.8099027 , 1.8099027 , 2.42772949, 2.42772949,
       2.42772949, 2.42772949, 2.42772949, 2.42772949, 2.56168132,
       2.56168132, 2.56168132, 2.56168132, 2.56168132, 2.56168132,
       2.60234658, 2.60234658, 2.60234658, 2.60234658, 2.60234658,
       2.60234658, 2.60234658, 2.60234658, 2.60234658, 2.60234658]), array([0.06538432, 0.06538432, 0.06538432, 0.06538432, 0.06538432,
       0.06538432, 0.17470432, 0.17470432, 0.17470432, 0.17470432,
       0.17470432, 0.17470432, 0.17470432, 0.17470432, 0.17470432,
       0.17470432, 0.70073678, 0.70073678, 0.70073678, 0.70073678,
       0.70073678, 0.70073678, 0.70073678, 0.70073678, 0.70073678,
       0.70073678, 0.70073678, 0.70073678, 0.70073678, 0.70073678]), array([3.95023884, 3.95023884, 3.95023884, 3.95023884, 3.95023884,
       3.95023884, 3.95023884, 3.95023884, 3.95023884, 4.07935893,
       4.07935893, 4.07935893, 4.07935893, 4.07935893, 4.07935893,
       4.07935893, 4.07935893, 4.07935893, 4.07935893, 4.07935893,
       4.07935893, 4.07935893, 4.07935893, 4.07935893, 4.07935893,
       4.07935893, 4.07935893, 4.07935893, 4.07935893, 4.07935893]), array([4.41861012, 4.41861012, 4.41861012, 4.54753693, 4.54753693,
       4.54753693, 4.54753693, 4.54753693, 4.54753693, 4.54753693,
       4.54753693, 4.54753693, 4.54753693, 4.54753693, 4.54753693,
       4.54753693, 4.63863334, 4.63863334, 4.63863334, 4.63863334,
       4.63863334, 4.6439625 , 4.6439625 , 4.6439625 , 4.6439625 ,
       4.6439625 , 4.6439625 , 4.6439625 , 4.6439625 , 4.6439625 ]), array([6.62098839, 6.62098839, 6.62098839, 6.62098839, 6.62098839,
       6.62098839, 6.62098839, 6.62098839, 6.62098839, 6.62098839,
       6.62098839, 6.62098839, 6.91424296, 6.91424296, 6.91424296,
       6.91424296, 6.91424296, 6.91424296, 6.91424296, 6.91424296,
       6.91424296, 6.93616182, 6.93616182, 6.93616182, 6.93616182,
       6.93616182, 6.93616182, 6.93616182, 6.93616182, 6.93616182]), array([7.44419366, 7.44419366, 7.44419366, 7.44419366, 7.44419366,
       7.44419366, 7.44419366, 7.44419366, 7.44419366, 7.44419366,
       7.44419366, 7.44419366, 7.44419366, 7.665465  , 7.665465  ,
       7.665465  , 7.665465  , 7.665465  , 7.665465  , 7.665465  ,
       7.665465  , 7.665465  , 7.665465  , 7.665465  , 7.665465  ,
       7.665465  , 7.665465  , 7.665465  , 7.665465  , 7.665465  ]), array([4.87522389, 4.87522389, 4.87522389, 4.87522389, 4.87522389,
       4.87522389, 4.87522389, 4.87522389, 4.87522389, 4.87522389,
       4.9287431 , 4.9287431 , 4.9287431 , 4.9287431 , 4.9287431 ,
       4.9287431 , 4.9287431 , 4.9287431 , 4.9287431 , 4.9287431 ,
       4.9287431 , 4.9287431 , 4.9287431 , 4.9287431 , 4.9287431 ,
       4.9287431 , 4.9287431 , 4.9287431 , 4.9287431 , 4.9287431 ]), array([3.12243268, 3.12243268, 3.12243268, 3.12243268, 4.78892114,
       4.78892114, 4.78892114, 4.78892114, 4.78892114, 4.78892114,
       4.78892114, 4.78892114, 4.78892114, 4.78892114, 4.78892114,
       4.78892114, 4.78892114, 4.78892114, 4.78892114, 4.78892114,
       4.78892114, 4.78892114, 4.78892114, 4.78892114, 4.78892114,
       4.9736252 , 4.9736252 , 4.9736252 , 4.9736252 , 4.9736252 ]), array([7.88637046, 7.88637046, 7.88637046, 7.88637046, 7.88637046,
       7.88637046, 7.88637046, 7.88637046, 7.88637046, 7.88637046,
       7.88637046, 7.88637046, 7.88637046, 7.88637046, 7.88637046,
       7.88637046, 7.88637046, 8.08632569, 8.08632569, 8.08632569,
       8.08632569, 8.08632569, 8.08632569, 8.08632569, 8.08632569,
       8.08632569, 8.08632569, 8.08632569, 8.08632569, 8.08632569]), array([4.18484117, 4.18484117, 4.18484117, 4.24043981, 4.24043981,
       4.24043981, 4.24043981, 4.24043981, 4.24043981, 4.24043981,
       4.24043981, 4.24043981, 5.6749742 , 5.6749742 , 5.6749742 ,
       5.6749742 , 5.6749742 , 5.6749742 , 5.6749742 , 5.6749742 ,
       5.6749742 , 6.49703095, 6.49703095, 6.49703095, 6.49703095,
       6.49703095, 6.49703095, 6.49703095, 6.49703095, 6.49703095]), array([2.30345364, 2.30345364, 2.30345364, 2.30345364, 2.30345364,
       2.30345364, 2.30345364, 2.30345364, 2.30345364, 2.30345364,
       2.30345364, 2.30345364, 2.30345364, 2.30345364, 2.30345364,
       2.30345364, 2.30345364, 2.30345364, 2.30345364, 2.30345364,
       2.47767642, 2.47767642, 2.47767642, 2.47767642, 2.47767642,
       2.58695503, 2.58695503, 2.58695503, 2.58695503, 2.58695503]), array([1.32941896, 1.32941896, 1.32941896, 1.32941896, 1.32941896,
       1.32941896, 1.32941896, 1.32941896, 1.32941896, 1.32941896,
       1.32941896, 1.32941896, 1.32941896, 1.32941896, 2.47767642,
       2.47767642, 2.47767642, 2.47767642, 2.47767642, 2.47767642,
       3.35531771, 3.35531771, 3.35531771, 3.35531771, 3.35531771,
       3.35531771, 3.35531771, 3.35531771, 3.35531771, 3.35531771]), array([5.78824152, 5.78824152, 5.78824152, 5.78824152, 5.78824152,
       5.78824152, 5.78824152, 5.78824152, 5.78824152, 5.78824152,
       5.78824152, 5.78824152, 5.78824152, 5.80564255, 5.80564255,
       5.80564255, 5.80564255, 5.80564255, 5.80564255, 5.80564255,
       5.80564255, 5.80564255, 5.80564255, 5.80564255, 5.80564255,
       5.80564255, 5.80564255, 5.80564255, 5.80564255, 5.80564255]), array([0.72787021, 0.72787021, 0.72787021, 0.72787021, 0.72787021,
       0.72787021, 0.72787021, 0.72787021, 6.31207254, 6.31207254,
       6.31207254, 6.31207254, 6.31207254, 6.31207254, 6.31207254,
       6.31207254, 6.31207254, 6.31207254, 6.31207254, 6.31207254,
       6.31207254, 6.31207254, 6.31207254, 6.31207254, 6.31207254,
       6.31207254, 6.31207254, 6.31207254, 6.31207254, 6.31207254]), array([9.61308538, 9.61308538, 9.61308538, 9.61308538, 9.98404068,
       9.98404068, 9.98404068, 9.98404068, 9.98404068, 9.98404068,
       9.98404068, 9.98404068, 9.98404068, 9.98404068, 9.98404068,
       9.99473913, 9.99473913, 9.99473913, 9.99473913, 9.99473913,
       9.99473913, 9.99473913, 9.99473913, 9.99473913, 9.99473913,
       9.99473913, 9.99473913, 9.99473913, 9.99473913, 9.99473913]), array([7.01798131, 7.01798131, 7.01798131, 7.01798131, 7.01798131,
       7.01798131, 7.01798131, 7.46637897, 7.46637897, 7.46637897,
       7.46637897, 7.46637897, 7.46637897, 7.46637897, 7.46637897,
       7.46637897, 7.56513311, 7.56513311, 7.56513311, 7.56513311,
       7.56513311, 7.56513311, 7.56513311, 7.56513311, 7.56513311,
       7.65488874, 7.65488874, 7.65488874, 7.65488874, 7.65488874]), array([2.7238345 , 2.7238345 , 2.7238345 , 2.7238345 , 2.7238345 ,
       2.7238345 , 2.7238345 , 2.7238345 , 2.7238345 , 2.7238345 ,
       2.7238345 , 2.7238345 , 2.74002618, 2.74002618, 2.74002618,
       2.74002618, 2.74002618, 2.74002618, 2.74002618, 2.74002618,
       2.74002618, 2.74002618, 2.74002618, 2.74002618, 2.74002618,
       2.74002618, 2.74002618, 2.74002618, 2.74002618, 2.74002618]), array([10.24903502, 10.24903502, 10.24903502, 10.24903502, 10.24903502,
       10.24903502, 10.24903502, 10.24903502, 10.24903502, 10.24903502,
       10.24903502, 10.24903502, 10.24903502, 10.24903502, 10.24903502,
       10.24903502, 10.24903502, 10.24903502, 10.24903502, 10.24903502,
       10.41743822, 10.41743822, 10.41743822, 10.41743822, 10.41743822,
       10.41743822, 10.41743822, 10.41743822, 10.41743822, 10.41743822]), array([7.39689604, 7.39689604, 7.39689604, 7.39689604, 7.39689604,
       7.39689604, 7.39689604, 7.39689604, 7.43060079, 7.43060079,
       7.43060079, 7.43060079, 7.43060079, 7.56042734, 7.56042734,
       7.56042734, 7.56042734, 7.56042734, 7.56042734, 7.56042734,
       7.56042734, 7.56042734, 7.56042734, 7.56042734, 7.56042734,
       7.56042734, 7.56042734, 7.56042734, 7.56042734, 7.56042734]), array([8.76756102, 8.76756102, 8.76756102, 8.76756102, 8.76756102,
       8.76756102, 8.76756102, 8.76756102, 8.76756102, 8.76756102,
       8.76756102, 8.76756102, 8.76756102, 8.76756102, 8.76756102,
       8.76756102, 8.79376722, 8.79376722, 8.79376722, 8.79376722,
       8.79376722, 8.79376722, 8.79376722, 8.79376722, 8.79376722,
       8.90611726, 8.90611726, 8.90611726, 8.90611726, 8.90611726]), array([4.89494479, 4.89494479, 4.89494479, 4.89494479, 4.89494479,
       4.89494479, 4.89494479, 4.89494479, 4.89494479, 4.89494479,
       4.89494479, 4.89494479, 4.89494479, 4.89494479, 4.89494479,
       4.89494479, 4.89494479, 4.89494479, 4.89494479, 4.89494479,
       4.89494479, 4.89494479, 4.89494479, 4.89494479, 4.89494479,
       4.89494479, 4.89494479, 4.89494479, 4.89494479, 4.89494479]), array([1.01600184, 1.01600184, 1.01600184, 1.01600184, 1.34456893,
       1.34456893, 1.34456893, 1.34456893, 1.34456893, 1.34456893,
       1.73182961, 1.73182961, 1.73182961, 1.73182961, 1.73182961,
       1.73182961, 1.73182961, 1.73182961, 1.73182961, 1.73182961,
       1.8099027 , 1.8099027 , 1.8099027 , 1.8099027 , 1.8099027 ,
       1.8099027 , 1.8099027 , 1.8099027 , 1.8099027 , 1.8099027 ]), array([1.01600184, 1.01600184, 1.01600184, 1.01600184, 1.01600184,
       4.24043981, 4.24043981, 4.24043981, 4.24043981, 4.24043981]), array([10.31816707, 10.31816707, 10.31816707, 10.31816707, 10.31816707,
       10.31816707, 10.31816707, 10.31816707, 10.31816707, 10.31816707,
       10.31816707, 10.31816707, 10.31816707, 10.31816707, 10.31816707,
       10.31816707, 10.31816707, 10.31816707, 10.31816707, 10.40317978,
       10.40317978, 10.40317978, 10.40317978, 10.40317978, 10.40317978,
       10.40317978, 10.40317978, 10.40317978, 10.40317978, 10.40317978]), array([0.36014923, 0.36014923, 0.52932931, 0.52932931, 0.52932931,
       0.52932931, 0.52932931, 0.88867253, 0.88867253, 0.88867253,
       0.88867253, 0.88867253, 1.16686436, 1.16686436, 1.16686436,
       1.16686436, 1.16686436, 1.32941896, 1.32941896, 1.32941896,
       1.32941896, 1.32941896, 1.32941896, 1.32941896, 1.32941896,
       1.32941896, 1.32941896, 1.32941896, 1.32941896, 1.32941896]), array([7.13530042, 7.13530042, 7.13530042, 7.13530042, 7.13530042,
       7.13530042, 7.13530042, 7.13530042, 7.13530042, 7.13530042,
       7.13530042, 7.13530042, 7.13530042, 7.13530042, 7.13530042,
       7.13530042, 7.13530042, 7.13530042, 7.13530042, 7.13530042,
       7.13530042, 7.13530042, 7.13530042, 7.13530042, 7.13530042,
       7.13530042, 7.13530042, 7.13530042, 7.13530042, 7.13530042]), array([7.46637897, 7.46637897, 7.46637897, 7.46637897, 7.46637897,
       7.46637897, 7.46637897, 7.46637897, 7.46637897, 7.46637897,
       7.46637897, 7.46637897, 7.46637897, 7.46637897, 7.46637897,
       7.46637897, 7.46637897, 7.46637897, 7.46637897, 7.46637897,
       7.46637897, 7.46637897, 7.46637897, 7.46637897, 7.46637897,
       7.46637897, 7.46637897, 7.46637897, 7.46637897, 7.46637897]), array([2.30345364, 2.30345364, 2.30345364, 2.30345364, 2.30345364,
       2.42772949, 2.42772949, 2.42772949, 2.42772949, 2.42772949,
       2.42772949, 2.42772949, 2.42772949, 2.42772949, 2.42772949,
       2.42772949, 2.42772949, 2.42772949, 2.42772949, 2.42772949,
       2.42772949, 2.42772949, 2.42772949, 2.42772949, 2.42772949,
       2.42772949, 2.42772949, 2.42772949, 2.42772949, 2.42772949]), array([0.29482768, 0.29482768, 0.29482768, 0.29482768, 0.36014923,
       0.36014923, 0.36014923, 0.36014923, 0.36014923, 0.36014923,
       0.36014923, 0.36014923, 0.36014923, 0.62085687, 0.62085687,
       0.62085687, 0.62085687, 0.62085687, 0.62085687, 0.62085687,
       0.62085687, 0.62085687, 0.62085687, 0.62085687, 0.62085687,
       0.62085687, 0.62085687, 0.62085687, 0.62085687, 0.62085687]), array([2.42772949, 2.42772949, 2.42772949, 2.42772949, 2.42772949,
       2.42772949, 2.42772949, 2.42772949, 2.42772949, 2.42772949,
       2.42772949, 2.42772949, 2.42772949, 2.42772949, 2.7238345 ,
       2.7238345 , 2.7238345 , 2.7238345 , 2.7238345 , 2.7238345 ,
       2.7238345 , 2.7238345 , 2.7238345 , 2.7238345 , 2.77371235,
       2.77371235, 2.77371235, 2.77371235, 2.77371235, 2.77371235]), array([0.05357685, 0.05357685, 0.05357685, 0.05357685, 0.05357685,
       0.05357685, 0.05357685, 0.05357685, 0.05357685, 0.05357685,
       0.05357685, 0.05357685, 0.05357685, 0.05357685, 0.05357685,
       0.05357685, 0.05357685, 0.20645688, 0.20645688, 0.20645688,
       0.20645688, 0.20645688, 0.20645688, 0.20645688, 0.20645688,
       0.20645688, 0.20645688, 0.20645688, 0.20645688, 0.20645688]), array([1.91051049, 1.91051049, 1.91051049, 1.91051049, 1.91051049,
       1.91051049, 1.91051049, 1.91051049, 1.91051049, 1.91051049,
       1.91051049, 1.91051049, 2.30345364, 2.30345364, 2.30345364,
       2.30345364, 2.30345364, 2.4932798 , 2.4932798 , 2.4932798 ,
       2.4932798 , 2.4932798 , 2.4932798 , 2.4932798 , 2.4932798 ,
       2.4932798 , 2.4932798 , 2.4932798 , 2.4932798 , 2.4932798 ]), array([4.84842487, 4.84842487, 4.84842487, 4.84842487, 4.84842487,
       4.84842487, 4.84842487, 4.84842487, 4.84842487, 4.84842487,
       4.84842487, 4.84842487, 4.84842487, 4.84842487, 4.84842487,
       4.84842487, 4.89494479, 4.89494479, 4.89494479, 4.89494479,
       4.89494479, 4.89494479, 4.89494479, 4.89494479, 4.89494479,
       4.89494479, 4.89494479, 4.89494479, 4.89494479, 4.89494479]), array([7.44419366, 7.44419366, 7.44419366, 7.44419366, 7.44419366,
       7.44419366, 7.44419366, 7.44419366, 7.65475375, 7.65475375,
       7.65475375, 7.65475375, 7.65475375, 7.65475375, 7.65475375,
       7.65475375, 7.65475375, 7.68815982, 7.68815982, 7.68815982,
       7.68815982, 7.68815982, 7.68815982, 7.68815982, 7.68815982,
       7.68815982, 7.68815982, 7.68815982, 7.68815982, 7.68815982]), array([5.98369928, 5.98369928, 5.98369928, 5.98369928, 5.98369928,
       6.16911287, 6.16911287, 6.16911287, 6.16911287, 6.16911287,
       6.18508667, 6.18508667, 6.18508667, 6.18508667, 6.18508667,
       6.21152362, 6.21152362, 6.21152362, 6.21152362, 6.21152362,
       6.29936397, 6.29936397, 6.29936397, 6.29936397, 6.29936397,
       6.3170898 , 6.3170898 , 6.3170898 , 6.3170898 , 6.3170898 ]), array([0.00995941, 0.00995941, 0.00995941, 0.00995941, 0.00995941,
       0.00995941, 0.00995941, 0.00995941, 0.00995941, 0.00995941,
       0.20956177, 0.20956177, 0.20956177, 0.20956177, 0.20956177,
       0.20956177, 0.20956177, 0.20956177, 0.20956177, 0.20956177,
       0.20956177, 0.20956177, 0.20956177, 0.20956177, 0.70073678,
       0.70073678, 0.70073678, 0.70073678, 0.70073678, 0.70073678]), array([7.65475375, 7.65475375, 7.65475375, 7.65475375, 7.65475375,
       7.79772559, 7.79772559, 7.79772559, 7.79772559, 7.79772559,
       7.79772559, 7.79772559, 7.79772559, 7.79772559, 7.79772559,
       7.79772559, 7.79772559, 7.79772559, 7.79772559, 7.79772559,
       7.79772559, 7.79772559, 7.79772559, 7.79772559, 7.79772559,
       7.79772559, 7.79772559, 7.79772559, 7.79772559, 7.79772559]), array([3.50441547, 3.50441547, 3.50441547, 3.50441547, 3.50441547,
       3.50441547, 3.50441547, 3.50441547, 3.50441547, 3.50441547,
       3.50441547, 3.50441547, 3.50441547, 3.50441547, 3.50441547,
       3.91344831, 3.91344831, 3.91344831, 3.91344831, 3.91344831,
       3.91344831, 3.91344831, 3.91344831, 3.91344831, 3.91344831,
       3.91344831, 3.91344831, 3.91344831, 3.91344831, 3.91344831]), array([3.12243268, 3.52450876, 3.52450876, 3.52450876, 3.52450876,
       3.52450876, 3.52450876, 3.52450876, 3.52450876, 3.52450876,
       3.79029471, 3.79029471, 3.79029471, 3.79029471, 3.79029471,
       3.8119534 , 3.8119534 , 3.8119534 , 3.8119534 , 3.8119534 ,
       4.58858755, 4.58858755, 4.58858755, 4.58858755, 4.58858755,
       4.68799734, 4.68799734, 4.68799734, 4.68799734, 4.68799734]), array([4.16549402, 4.21372756, 4.21372756, 4.21372756, 4.21372756,
       4.21372756, 4.38102352, 4.38102352, 4.38102352, 4.38102352,
       4.38102352, 4.57742671, 4.57742671, 4.57742671, 4.57742671,
       4.57742671, 4.67400415, 4.67400415, 4.67400415, 4.67400415,
       4.67400415, 4.6877099 , 4.6877099 , 4.6877099 , 4.6877099 ,
       4.6877099 , 4.6877099 , 4.6877099 , 4.6877099 , 4.6877099 ]), array([2.23431764, 2.23431764, 2.23431764, 2.23431764, 2.42772949,
       2.42772949, 2.42772949, 2.42772949, 2.42772949, 2.42772949,
       2.42772949, 2.42772949, 2.42772949, 2.42772949, 2.42772949,
       2.42772949, 2.42772949, 2.42772949, 2.42772949, 2.42772949,
       2.42772949, 2.60234658, 2.60234658, 2.60234658, 2.60234658,
       2.60234658, 2.60234658, 2.60234658, 2.60234658, 2.60234658]), array([2.86179072, 2.86179072, 2.86179072, 2.86179072, 2.86179072,
       2.86179072, 2.86179072, 2.86179072, 2.86179072, 2.86179072,
       2.86179072, 2.86179072, 2.86179072, 2.86179072, 2.96325797,
       2.96325797, 2.96325797, 2.96325797, 2.96325797, 2.96325797,
       2.96325797, 2.96325797, 2.96325797, 2.96325797, 2.96325797,
       2.96325797, 2.96325797, 2.96325797, 2.96325797, 2.96325797]), array([2.26586824, 2.26586824, 2.26586824, 2.26586824, 2.89495958,
       2.89495958, 2.89495958, 2.89495958, 2.89495958, 2.89495958,
       2.89495958, 2.89495958, 2.89495958, 2.89495958, 2.89495958,
       2.89495958, 2.89495958, 2.89495958, 2.89495958, 2.89495958,
       2.89495958, 2.89495958, 2.89495958, 4.6877099 , 4.6877099 ,
       4.6877099 , 4.6877099 , 4.6877099 , 4.6877099 , 4.6877099 ]), array([1.63412571, 1.63412571, 1.63412571, 1.63412571, 1.63412571,
       1.63412571, 1.63412571, 1.63412571, 1.63412571, 1.63412571,
       1.63412571, 1.63412571, 1.63412571, 1.63412571, 1.63412571,
       1.63412571, 1.63412571, 1.63412571, 1.63412571, 1.63412571,
       1.63412571, 1.63412571, 1.63412571, 1.63412571, 1.63412571,
       1.63412571, 1.63412571, 1.63412571, 1.63412571, 1.63412571]), array([5.98369928, 5.98369928, 5.98369928, 6.57462532, 6.57462532,
       6.57462532, 6.57462532, 6.57462532, 6.57462532, 6.57462532,
       6.57462532, 6.57462532, 6.57462532, 6.57462532, 6.57462532,
       6.57462532, 6.57462532, 6.57462532, 6.57462532, 6.57462532,
       6.57462532, 6.57462532, 6.57462532, 6.57462532, 6.57462532,
       6.57462532, 6.57462532, 6.57462532, 6.57462532, 6.57462532]), array([4.63863334, 4.63863334, 4.63863334, 4.63863334, 4.63863334,
       4.63863334, 4.63863334, 4.63863334, 4.63863334, 4.63863334,
       4.63863334, 4.63863334, 4.63863334, 4.63863334, 4.63863334,
       4.73068525, 4.73068525, 4.73068525, 4.73068525, 4.73068525,
       4.73068525, 4.73068525, 4.73068525, 4.73068525, 4.73068525,
       4.73068525, 4.73068525, 4.73068525, 4.73068525, 4.73068525]), array([6.3170898, 6.3170898, 6.3170898, 6.3170898, 6.3170898, 6.3170898,
       6.3170898, 6.3170898, 6.3170898, 6.3170898, 6.3170898, 6.3170898,
       6.3170898, 6.3170898, 6.3170898, 6.3170898, 6.3170898, 6.3170898,
       6.3170898, 6.3170898, 6.3170898, 6.3170898, 6.3170898, 6.3170898,
       6.3170898, 6.3170898, 6.3170898, 6.3170898, 6.3170898, 6.3170898]), array([4.26871846, 4.26871846, 4.26871846, 4.26871846, 4.26871846,
       4.26871846, 4.26871846, 4.26871846, 4.26871846, 4.26871846,
       4.26871846, 4.26871846, 4.26871846, 4.26871846, 4.26871846,
       4.26871846, 4.26871846, 4.26871846, 4.26871846, 4.26871846,
       4.26871846, 4.26871846, 4.26871846, 4.26871846, 4.26871846,
       4.26871846, 4.26871846, 4.26871846, 4.26871846, 4.26871846]), array([6.49562684, 6.49562684, 6.49562684, 6.49562684, 6.49562684,
       6.49562684, 6.49562684, 6.49562684, 6.49562684, 6.51447947,
       6.51447947, 6.51447947, 6.51447947, 6.51447947, 6.51447947,
       6.51447947, 6.51447947, 6.51447947, 6.51447947, 6.51447947,
       6.51447947, 6.51447947, 6.51447947, 6.51447947, 6.51447947,
       6.51447947, 6.51447947, 6.51447947, 6.51447947, 6.51447947]), array([5.98369928, 5.98369928, 5.98369928, 5.98369928, 6.16911287,
       6.16911287, 6.16911287, 6.16911287, 6.16911287, 6.16911287,
       6.16911287, 6.16911287, 6.16911287, 6.16911287, 6.58125508,
       6.58125508, 6.58125508, 6.58125508, 6.58125508, 6.58125508,
       6.58125508, 6.58125508, 6.58125508, 6.58125508, 6.67815903,
       6.67815903, 6.67815903, 6.67815903, 6.67815903, 6.67815903]), array([0.0043133, 0.0043133, 0.0043133, 0.0043133, 0.0043133, 0.0043133,
       0.0043133, 0.0043133, 0.0043133, 0.0043133, 0.0043133, 0.0043133,
       0.0043133, 0.0043133, 0.0043133, 0.0043133, 0.0043133, 0.0043133,
       0.0043133, 0.0043133, 0.0043133, 0.0043133, 0.0043133, 0.0043133,
       0.0043133, 0.0043133, 0.0043133, 0.0043133, 0.0043133, 0.0043133]), array([7.61093835, 7.61093835, 7.61093835, 7.61093835, 7.61093835,
       7.61093835, 7.61093835, 7.61093835, 7.61093835, 7.61093835,
       7.61093835, 7.61093835, 7.61093835, 7.665465  , 7.665465  ,
       7.665465  , 7.665465  , 7.665465  , 7.665465  , 7.665465  ,
       7.665465  , 7.665465  , 7.665465  , 7.665465  , 7.665465  ,
       7.665465  , 7.665465  , 7.665465  , 7.665465  , 7.665465  ]), array([4.24043981, 4.24043981, 4.24043981, 4.24043981, 4.24043981,
       4.24043981, 4.24043981, 4.24043981, 4.24043981, 4.24043981,
       4.24043981, 4.24043981, 4.24043981, 4.24043981, 4.24043981,
       4.24043981, 4.24043981, 4.24043981, 4.24043981, 4.24043981,
       4.24043981, 4.24043981, 4.24043981, 4.24043981, 4.24043981,
       4.24043981, 4.24043981, 4.24043981, 4.24043981, 4.24043981]), array([3.35531771, 3.35531771, 3.35531771, 3.35531771, 3.35531771,
       3.35531771, 3.35531771, 3.35531771, 3.35531771, 3.40661049,
       3.40661049, 3.40661049, 3.40661049, 3.40661049, 3.40661049,
       3.40661049, 3.40661049, 3.40661049, 3.40661049, 3.40661049,
       3.40661049, 3.40661049, 3.40661049, 3.40661049, 3.40661049,
       3.40661049, 3.40661049, 3.40661049, 3.40661049, 3.40661049]), array([1.42665124, 1.42665124, 1.42665124, 1.42665124, 1.42665124,
       1.46045808, 1.46045808, 1.46045808, 1.46045808, 1.46045808,
       1.46045808, 1.46045808, 1.46045808, 1.46045808, 1.46045808,
       1.46045808, 1.46045808, 1.46045808, 1.46045808, 1.46045808,
       1.46045808, 1.46045808, 1.46045808, 1.46045808, 1.46045808,
       1.46045808, 1.46045808, 1.46045808, 1.46045808, 1.46045808]), array([1.32941896, 1.32941896, 1.32941896, 1.46045808, 1.46045808,
       1.46045808, 1.46045808, 1.46045808, 1.46045808, 1.46045808,
       1.46045808, 1.46045808, 1.81865049, 1.81865049, 1.81865049,
       1.81865049, 1.81865049, 1.81865049, 1.81865049, 1.81865049,
       1.81865049, 2.50870044, 2.50870044, 2.50870044, 2.50870044,
       2.50870044, 2.50870044, 2.50870044, 2.50870044, 2.50870044]), array([1.16686436, 1.16686436, 1.16686436, 1.16686436, 1.16686436,
       1.16686436, 1.34456893, 1.34456893, 1.34456893, 1.34456893,
       1.34456893, 1.34456893, 1.34456893, 1.34456893, 1.34456893,
       1.34456893, 1.34456893, 1.34456893, 1.34456893, 1.34456893,
       3.24659137, 3.24659137, 3.24659137, 3.24659137, 3.24659137,
       3.24659137, 3.24659137, 3.24659137, 3.24659137, 3.24659137]), array([2.20374681, 2.20374681, 2.20374681, 2.20374681, 2.20374681,
       2.20374681, 2.20374681, 2.20374681, 2.20374681, 2.20374681,
       2.20374681, 2.20374681, 2.20374681, 2.20374681, 2.20374681,
       2.20374681, 2.20374681, 2.20374681, 2.20374681, 2.20374681,
       2.20374681, 2.20374681, 2.20374681, 2.20374681, 3.54821237,
       3.54821237, 3.54821237, 3.54821237, 3.54821237, 3.54821237]), array([5.17902913, 5.17902913, 5.17902913, 5.17902913, 5.23405827,
       5.23405827, 5.23405827, 5.23405827, 5.23405827, 5.23405827,
       5.23405827, 5.23405827, 5.23405827, 5.23405827, 5.23405827,
       5.23405827, 5.23405827, 5.23405827, 5.23405827, 5.23405827,
       5.23405827, 5.23405827, 5.23405827, 5.23405827, 5.23405827,
       5.23405827, 5.23405827, 5.23405827, 5.23405827, 5.23405827]), array([4.02855239, 4.02855239, 4.13356198, 4.13356198, 4.13356198,
       4.13356198, 4.13356198, 4.13356198, 4.13356198, 4.13356198,
       4.13356198, 4.26871846, 4.26871846, 4.26871846, 4.26871846,
       4.26871846, 4.55198119, 4.55198119, 4.55198119, 4.55198119,
       4.55198119, 4.56741741, 4.56741741, 4.56741741, 4.56741741,
       4.56741741, 4.56741741, 4.56741741, 4.56741741, 4.56741741]), array([9.61308538, 9.61308538, 9.61308538, 9.61308538, 9.61308538,
       9.61308538, 9.61308538, 9.61308538, 9.61308538, 9.61308538,
       9.61308538, 9.61308538, 9.61308538, 9.61308538, 9.61308538,
       9.61308538, 9.61308538, 9.63729305, 9.63729305, 9.63729305,
       9.63729305, 9.63729305, 9.63729305, 9.63729305, 9.63729305,
       9.63729305, 9.63729305, 9.63729305, 9.63729305, 9.63729305]), array([1.66439749, 1.66439749, 1.8099027 , 1.8099027 , 1.8099027 ,
       1.8099027 , 1.8099027 , 1.81865049, 1.81865049, 1.81865049,
       1.81865049, 1.81865049, 1.81865049, 1.81865049, 1.81865049,
       1.81865049, 1.91051049, 1.91051049, 1.91051049, 1.91051049,
       1.91051049, 1.91051049, 1.91051049, 1.91051049, 1.91051049,
       1.97864085, 1.97864085, 1.97864085, 1.97864085, 1.97864085]), array([6.59633892, 6.59633892, 6.59633892, 6.59633892, 6.59633892,
       6.59633892, 6.59633892, 6.59633892, 6.67815903, 6.67815903,
       6.67815903, 6.67815903, 6.67815903, 6.67815903, 6.67815903,
       6.67815903, 6.67815903, 6.67815903, 6.67815903, 6.67815903,
       6.67815903, 6.67967246, 6.67967246, 6.67967246, 6.67967246,
       6.67967246, 6.67967246, 6.67967246, 6.67967246, 6.67967246]), array([5.40793899, 5.40793899, 5.40793899, 5.40793899, 5.40793899,
       5.40793899, 5.40793899, 5.40793899, 5.40793899, 5.40793899,
       5.40793899, 5.40793899, 5.40793899, 5.40793899, 5.40793899,
       5.40793899, 5.40793899, 5.40793899, 5.40793899, 5.40793899,
       5.62186423, 5.62186423, 5.62186423, 5.62186423, 5.62186423,
       5.62186423, 5.62186423, 5.62186423, 5.62186423, 5.62186423]), array([1.34456893, 1.34456893, 1.34456893, 1.34456893, 1.34456893,
       6.32267074, 6.32267074, 6.32267074, 6.32267074, 6.32267074,
       7.36964208, 7.36964208, 7.36964208, 7.36964208, 7.36964208]), array([5.89565821, 5.89565821, 5.89565821, 5.89565821, 5.89565821,
       5.89565821, 5.89565821, 5.89565821, 5.89565821, 6.29936397,
       6.29936397, 6.29936397, 6.29936397, 6.29936397, 6.29936397,
       6.29936397, 6.29936397, 6.29936397, 6.29936397, 6.29936397,
       6.29936397, 6.29936397, 6.29936397, 6.29936397, 6.29936397,
       6.29936397, 6.29936397, 6.29936397, 6.29936397, 6.29936397]), array([2.96325797, 2.96325797, 2.96325797, 2.96325797, 3.35399861,
       3.35399861, 3.35399861, 3.35399861, 3.35399861, 3.35399861,
       3.35399861, 3.35399861, 3.35399861, 3.35399861, 3.35399861,
       3.35399861, 3.35399861, 3.35399861, 3.35399861, 3.40661049,
       3.40661049, 3.40661049, 3.40661049, 3.40661049, 3.40661049,
       3.40661049, 3.40661049, 3.40661049, 3.40661049, 3.40661049]), array([2.89289039, 2.89289039, 2.89289039, 2.89289039, 2.89289039,
       2.89289039, 2.89289039, 2.89289039, 2.89289039, 2.89289039,
       2.89289039, 3.07184707, 3.07184707, 3.07184707, 3.07184707,
       3.07184707, 3.07184707, 3.07184707, 3.07184707, 3.07184707,
       3.07184707, 3.07184707, 3.07184707, 3.07184707, 3.07184707,
       3.07184707, 3.07184707, 3.07184707, 3.07184707, 3.07184707]), array([8.77983107, 8.77983107, 8.77983107, 8.90611726, 8.90611726,
       8.90611726, 8.90611726, 8.90611726, 8.90611726, 8.90611726,
       8.90611726, 8.90611726, 8.90611726, 8.90611726, 8.90611726,
       8.90611726, 9.35923809, 9.35923809, 9.35923809, 9.35923809,
       9.35923809, 9.54820774, 9.54820774, 9.54820774, 9.54820774,
       9.54820774, 9.54820774, 9.54820774, 9.54820774, 9.54820774]), array([6.37115701, 6.37115701, 6.37115701, 6.37115701, 6.37115701,
       6.37115701, 6.37115701, 6.37115701, 6.51447947, 6.51447947,
       6.51447947, 6.51447947, 6.51447947, 6.51447947, 6.51447947,
       6.51447947, 6.51447947, 6.53373751, 6.53373751, 6.53373751,
       6.53373751, 6.53373751, 6.53373751, 6.53373751, 6.53373751,
       6.53373751, 6.53373751, 6.53373751, 6.53373751, 6.53373751]), array([8.57635148, 8.57635148, 8.57635148, 8.57635148, 8.57635148,
       8.57635148, 8.57635148, 8.57635148, 8.57635148, 8.57635148,
       8.57635148, 8.57635148, 8.57635148, 8.57635148, 8.57635148,
       8.57635148, 8.57635148, 8.57635148, 8.57635148, 8.57635148,
       8.71169004, 8.71169004, 8.71169004, 8.71169004, 8.71169004,
       8.71169004, 8.71169004, 8.71169004, 8.71169004, 8.71169004]), array([3.68340331, 3.68340331, 3.8119534 , 3.8119534 , 3.8119534 ,
       3.8119534 , 3.8119534 , 3.88966424, 3.88966424, 3.88966424,
       3.88966424, 3.88966424, 3.88966424, 3.88966424, 3.88966424,
       3.88966424, 3.88966424, 3.88966424, 3.88966424, 3.88966424,
       4.16549402, 4.16549402, 4.16549402, 4.16549402, 4.16549402,
       4.21372756, 4.21372756, 4.21372756, 4.21372756, 4.21372756]), array([7.39689604, 7.39689604, 7.39689604, 7.39689604, 7.39689604,
       7.39689604, 7.39689604, 7.39689604, 7.39689604, 7.39689604,
       7.39689604, 7.39689604, 7.56513311, 7.56513311, 7.56513311,
       7.56513311, 7.56513311, 7.56513311, 7.56513311, 7.56513311,
       7.56513311, 7.56513311, 7.56513311, 7.56513311, 7.56513311,
       7.56513311, 7.56513311, 7.56513311, 7.56513311, 7.56513311]), array([4.13356198, 4.13356198, 4.13356198, 4.13356198, 4.13356198,
       4.13356198, 4.13356198, 4.13356198, 4.13356198, 4.13356198,
       4.13356198, 4.13356198, 4.13356198, 4.13356198, 4.13356198,
       4.13356198, 4.13356198, 4.13356198, 4.13356198, 4.13356198,
       4.13356198, 4.13356198, 4.13356198, 4.13356198, 4.13356198,
       4.13356198, 4.13356198, 4.13356198, 4.13356198, 4.13356198]), array([7.1908655, 7.1908655, 7.1908655, 7.1908655, 7.1908655, 7.1908655,
       7.1908655, 7.1908655, 7.2621125, 7.2621125, 7.2621125, 7.2621125,
       7.2621125, 7.2995032, 7.2995032, 7.2995032, 7.2995032, 7.2995032,
       7.2995032, 7.2995032, 7.2995032, 7.2995032, 7.2995032, 7.2995032,
       7.2995032, 7.2995032, 7.2995032, 7.2995032, 7.2995032, 7.2995032]), array([7.72540076, 7.72540076, 7.72540076, 7.81701961, 7.81701961,
       7.81701961, 7.81701961, 7.81701961, 7.81701961, 7.81701961,
       7.81701961, 7.81701961, 7.82061259, 7.82061259, 7.82061259,
       7.82061259, 7.82061259, 7.82061259, 7.82061259, 7.82061259,
       7.82061259, 7.83121924, 7.83121924, 7.83121924, 7.83121924,
       7.83121924, 7.83121924, 7.83121924, 7.83121924, 7.83121924]), array([4.02855239, 4.02855239, 4.02855239, 4.02855239, 4.02855239,
       4.02855239, 4.02855239, 4.02855239, 4.02855239, 4.02855239,
       4.02855239, 4.02855239, 4.02855239, 4.13356198, 4.13356198,
       4.13356198, 4.13356198, 4.13356198, 4.13356198, 4.13356198,
       4.13356198, 4.13356198, 4.13356198, 4.13356198, 4.13356198,
       4.13356198, 4.13356198, 4.13356198, 4.13356198, 4.13356198]), array([], dtype=float64), array([1.86624849, 1.86624849, 1.86624849, 1.86624849, 1.86624849,
       1.86624849, 1.86624849, 1.86624849, 1.86624849, 1.86624849,
       1.86624849, 1.86624849, 1.86624849, 1.86624849, 1.86624849,
       1.86624849, 1.86624849, 2.23431764, 2.23431764, 2.23431764,
       2.23431764, 2.23431764, 2.23431764, 2.23431764, 2.23431764,
       2.23431764, 2.23431764, 2.23431764, 2.23431764, 2.23431764]), array([3.15539536, 3.15539536, 3.15539536, 3.15539536, 3.40661049,
       3.40661049, 3.40661049, 3.40661049, 3.40661049, 3.40661049,
       3.40661049, 3.40661049, 3.40661049, 3.40661049, 3.40661049,
       3.40661049, 3.40661049, 3.40661049, 3.40661049, 3.40661049,
       3.40661049, 3.40661049, 3.40661049, 3.40661049, 3.40661049,
       3.40661049, 3.40661049, 3.40661049, 3.40661049, 3.40661049]), array([6.93616182, 6.93616182, 6.93616182, 6.93616182, 6.93616182,
       6.93616182, 6.93616182, 6.93616182, 6.93616182, 6.93616182,
       6.93616182, 6.93616182, 7.15203049, 7.15203049, 7.15203049,
       7.15203049, 7.15203049, 7.15203049, 7.15203049, 7.15203049,
       7.15203049, 7.15203049, 7.15203049, 7.15203049, 7.15203049,
       7.15203049, 7.15203049, 7.15203049, 7.15203049, 7.15203049]), array([2.15697416, 2.15697416, 2.15697416, 2.15697416, 2.20374681,
       2.20374681, 2.20374681, 2.20374681, 2.20374681, 2.20374681,
       2.20374681, 2.20374681, 2.20374681, 2.20374681, 2.20374681,
       2.20374681, 2.20374681, 2.20374681, 2.20374681, 2.20374681,
       2.20374681, 2.29490384, 2.29490384, 2.29490384, 2.29490384,
       2.29490384, 2.29490384, 2.29490384, 2.29490384, 2.29490384]), array([3.04170983, 3.04170983, 3.04170983, 3.04170983, 3.07184707,
       3.07184707, 3.07184707, 3.07184707, 3.07184707, 3.07184707,
       3.07184707, 3.07184707, 3.07184707, 3.07184707, 3.07184707,
       3.07184707, 3.07184707, 3.07184707, 3.07184707, 3.07184707,
       3.07184707, 3.26601903, 3.26601903, 3.26601903, 3.26601903,
       3.26601903, 3.26601903, 3.26601903, 3.26601903, 3.26601903]), array([], dtype=float64), array([8.08754115, 8.08754115, 8.08754115, 8.08754115, 8.08754115,
       8.08754115, 8.08754115, 8.08754115, 8.08754115, 8.08754115,
       8.08754115, 8.18038567, 8.18038567, 8.18038567, 8.18038567,
       8.18038567, 8.18038567, 8.18038567, 8.18038567, 8.18038567,
       8.18038567, 8.18038567, 8.18038567, 8.18038567, 8.18038567,
       8.18038567, 8.18038567, 8.18038567, 8.18038567, 8.18038567]), array([9.10407478, 9.10407478, 9.10407478, 9.10407478, 9.10407478,
       9.10407478, 9.10407478, 9.10407478, 9.10407478, 9.10407478,
       9.10407478, 9.10407478, 9.10407478, 9.10407478, 9.10407478,
       9.10407478, 9.10407478, 9.10407478, 9.10407478, 9.10407478,
       9.10407478, 9.10407478, 9.10407478, 9.10407478, 9.10407478,
       9.10407478, 9.10407478, 9.10407478, 9.10407478, 9.10407478]), array([6.6614576 , 6.6614576 , 6.6614576 , 6.6614576 , 6.6614576 ,
       6.6614576 , 6.6614576 , 6.94180276, 6.94180276, 6.94180276,
       6.94180276, 6.94180276, 6.94180276, 6.94180276, 6.94180276,
       6.94180276, 6.94180276, 6.94180276, 6.94180276, 6.94180276,
       6.94180276, 6.94180276, 6.94180276, 6.94180276, 6.94180276,
       6.94180276, 6.94180276, 6.94180276, 6.94180276, 6.94180276]), array([9.56861883, 9.56861883, 9.56861883, 9.56861883, 9.59358958,
       9.59358958, 9.59358958, 9.59358958, 9.59358958, 9.59358958,
       9.59358958, 9.59358958, 9.59358958, 9.59358958, 9.59358958,
       9.59358958, 9.59358958, 9.63729305, 9.63729305, 9.63729305,
       9.63729305, 9.63729305, 9.63729305, 9.63729305, 9.63729305,
       9.63729305, 9.63729305, 9.63729305, 9.63729305, 9.63729305]), array([8.35179501, 8.35179501, 8.43697418, 8.43697418, 8.43697418,
       8.43697418, 8.43697418, 8.43697418, 8.43697418, 8.43697418,
       8.43697418, 8.43697418, 8.43697418, 8.43697418, 8.43697418,
       8.43697418, 8.57635148, 8.57635148, 8.57635148, 8.57635148,
       8.57635148, 8.57635148, 8.57635148, 8.57635148, 8.57635148,
       8.57635148, 8.57635148, 8.57635148, 8.57635148, 8.57635148]), array([4.62563106, 4.62563106, 4.62563106, 4.62563106, 4.62563106,
       4.62563106, 4.62563106, 4.62563106, 4.62563106, 4.62563106,
       4.67400415, 4.67400415, 4.67400415, 4.67400415, 4.67400415,
       4.67400415, 4.67400415, 4.67400415, 4.67400415, 4.67400415,
       4.71339753, 4.71339753, 4.71339753, 4.71339753, 4.71339753,
       4.71339753, 4.71339753, 4.71339753, 4.71339753, 4.71339753]), array([5.98369928, 5.98369928, 6.18508667, 6.18508667, 6.18508667,
       6.18508667, 6.18508667, 6.18508667, 6.18508667, 6.18508667,
       6.18508667, 6.18508667, 6.37115701, 6.37115701, 6.37115701,
       6.37115701, 6.37115701, 6.37115701, 6.51447947, 6.51447947,
       6.51447947, 6.51447947, 6.51447947, 6.51447947, 6.53373751,
       6.53373751, 6.53373751, 6.53373751, 6.53373751, 6.53373751]), array([7.88637046, 7.88637046, 7.88637046, 7.88637046, 8.278392  ,
       8.278392  , 8.278392  , 8.278392  , 8.278392  , 8.278392  ,
       8.278392  , 8.278392  , 8.278392  , 8.278392  , 8.278392  ,
       8.278392  , 8.278392  , 8.278392  , 8.278392  , 8.278392  ,
       8.278392  , 8.278392  , 8.278392  , 8.278392  , 8.278392  ,
       8.278392  , 8.278392  , 8.278392  , 8.278392  , 8.278392  ]), array([4.62563106, 4.62563106, 4.63863334, 4.63863334, 4.63863334,
       4.63863334, 4.63863334, 4.68226587, 4.68226587, 4.68226587,
       4.68226587, 4.68226587, 4.68226587, 4.68226587, 4.68226587,
       4.68226587, 4.68799734, 4.68799734, 4.68799734, 4.68799734,
       4.68799734, 4.80023637, 4.80023637, 4.80023637, 4.80023637,
       4.80023637, 4.80023637, 4.80023637, 4.80023637, 4.80023637]), array([7.38218563, 7.38218563, 7.38218563, 7.81701961, 7.81701961,
       7.81701961, 7.81701961, 7.81701961, 7.81701961, 7.81701961,
       7.81701961, 7.81701961, 8.02678771, 8.02678771, 8.02678771,
       8.02678771, 8.02678771, 8.02678771, 8.02678771, 8.02678771,
       8.02678771, 8.02678771, 8.02678771, 8.02678771, 8.02678771,
       8.18038567, 8.18038567, 8.18038567, 8.18038567, 8.18038567]), array([5.79786307, 5.80564255, 5.80564255, 5.80564255, 5.80564255,
       5.80564255, 5.80564255, 5.80564255, 5.80564255, 5.80564255,
       5.80564255, 5.80564255, 5.80564255, 5.80564255, 5.80564255,
       5.80564255, 5.80564255, 5.80564255, 5.80564255, 5.80564255,
       5.80564255, 5.80564255, 5.80564255, 5.80564255, 5.80564255,
       5.80564255, 5.80564255, 5.80564255, 5.80564255, 5.80564255]), array([9.9412704, 9.9412704, 9.9412704, 9.9412704, 9.9412704, 9.9412704,
       9.9412704, 9.9412704, 9.9412704, 9.9412704, 9.9412704, 9.9412704,
       9.9412704, 9.9412704, 9.9412704, 9.9412704, 9.9412704, 9.9412704,
       9.9412704, 9.9412704, 9.9412704, 9.9412704, 9.9412704, 9.9412704,
       9.9412704, 9.9412704, 9.9412704, 9.9412704, 9.9412704, 9.9412704]), array([1.01596169, 1.01596169, 1.01596169, 1.01596169, 1.01596169,
       1.01596169, 1.01596169, 1.01596169, 1.01596169, 1.01596169,
       1.01596169, 1.01596169, 1.01596169, 1.01600184, 1.01600184,
       1.01600184, 1.01600184, 1.01600184, 1.01600184, 1.01600184,
       1.01600184, 1.01600184, 1.01600184, 1.01600184, 1.01600184,
       1.01600184, 1.01600184, 1.01600184, 1.01600184, 1.01600184]), array([2.91192075, 2.91192075, 2.91192075, 2.91192075, 2.91192075,
       2.91192075, 3.09687438, 3.09687438, 3.09687438, 3.09687438,
       3.09687438, 3.09687438, 3.09687438, 3.09687438, 3.09687438,
       3.09687438, 3.09687438, 3.09687438, 3.09687438, 3.09687438,
       3.35531771, 3.35531771, 3.35531771, 3.35531771, 3.35531771,
       3.35531771, 3.35531771, 3.35531771, 3.35531771, 3.35531771]), array([5.82220092, 5.82220092, 6.49562684, 6.49562684, 6.49562684,
       6.49562684, 6.49562684, 6.49562684, 6.49562684, 6.49562684,
       6.49562684, 6.49562684, 6.49562684, 6.49562684, 6.49562684,
       6.49562684, 6.49703095, 6.49703095, 6.49703095, 6.49703095,
       6.49703095, 6.49703095, 6.49703095, 6.49703095, 6.49703095,
       6.49703095, 6.49703095, 6.49703095, 6.49703095, 6.49703095]), array([7.01798131, 7.01798131, 7.01798131, 7.01798131, 7.01798131,
       7.01798131, 7.01798131, 7.01798131, 7.09256321, 7.09256321,
       7.09256321, 7.09256321, 7.09256321, 7.09256321, 7.09256321,
       7.09256321, 7.09256321, 7.09256321, 7.09256321, 7.09256321,
       7.09256321, 7.09256321, 7.09256321, 7.2995032 , 7.2995032 ,
       7.2995032 , 7.2995032 , 7.2995032 , 7.2995032 , 7.2995032 ]), array([5.72135399, 5.72135399, 5.72135399, 5.72135399, 5.72135399,
       5.72135399, 5.72135399, 5.72135399, 5.72135399, 5.72135399,
       5.72135399, 5.72135399, 5.72135399, 5.72135399, 5.72135399,
       5.72135399, 5.72135399, 5.72135399, 5.72135399, 5.72135399,
       5.72135399, 5.72135399, 5.72135399, 5.72135399, 5.72135399,
       5.72135399, 5.72135399, 5.72135399, 5.72135399, 5.72135399]), array([0.62085687, 0.62085687, 0.62085687, 0.62085687, 0.62085687,
       0.62085687, 0.62085687, 0.62085687, 0.62085687, 0.62085687,
       0.62085687, 0.62085687, 0.62085687, 0.62085687, 0.62085687,
       0.62085687, 0.62085687, 0.62085687, 0.62085687, 0.62085687,
       1.59460812, 1.59460812, 1.59460812, 1.59460812, 1.59460812,
       1.59460812, 1.59460812, 1.59460812]), array([7.1908655 , 7.1908655 , 7.1908655 , 7.1908655 , 7.1908655 ,
       7.1908655 , 7.1908655 , 7.1908655 , 7.1908655 , 7.1908655 ,
       7.1908655 , 7.1908655 , 7.31097118, 7.31097118, 7.31097118,
       7.31097118, 7.31097118, 7.31097118, 7.31097118, 7.31097118,
       7.31097118, 7.31097118, 7.31097118, 7.31097118, 7.31097118,
       7.31097118, 7.31097118, 7.31097118, 7.31097118, 7.31097118]), array([1.64042299, 1.64042299, 1.64042299, 1.67261095, 1.67261095,
       1.67261095, 1.67261095, 1.67261095, 1.67261095, 1.67261095,
       1.67261095, 1.67261095, 1.67261095, 1.67261095, 1.67261095,
       1.67261095, 1.73182961, 1.73182961, 1.73182961, 1.73182961,
       1.73182961, 1.73182961, 1.73182961, 1.73182961, 1.73182961,
       2.4932798 , 2.4932798 , 2.4932798 , 2.4932798 , 2.4932798 ]), array([4.62563106, 4.62563106, 4.62563106, 4.62563106, 4.62563106,
       4.62563106, 4.62563106, 4.62563106, 4.62563106, 4.62563106,
       4.62563106, 4.62563106, 4.62563106, 4.62563106, 4.62563106,
       4.62563106, 4.62563106, 4.62563106, 4.62563106, 4.62563106,
       4.62563106, 4.62563106, 4.62563106, 4.62563106, 4.62563106,
       4.62563106, 4.62563106, 4.62563106, 4.62563106, 4.62563106]), array([4.29574368, 4.29574368, 4.29574368, 4.29574368, 4.29574368,
       4.29574368, 4.29574368, 4.29574368, 4.29574368, 4.29574368,
       4.29574368, 4.29574368, 4.29574368, 4.29574368, 4.29574368,
       4.29574368, 4.29574368, 4.29574368, 4.29574368, 4.29574368,
       4.29574368, 4.29574368, 4.29574368, 4.29574368, 4.29574368,
       4.29574368, 4.29574368, 4.29574368, 4.29574368, 4.29574368]), array([1.78908442, 1.78908442, 1.78908442, 1.78908442, 1.78908442,
       1.78908442, 1.78908442, 1.78908442, 1.7904992 , 1.7904992 ,
       1.7904992 , 1.7904992 , 1.7904992 , 1.7904992 , 1.7904992 ,
       1.7904992 , 1.7904992 , 1.81865049, 1.81865049, 1.81865049,
       1.81865049, 1.81865049, 1.81865049, 1.81865049, 1.81865049,
       1.81865049, 1.81865049, 1.81865049, 1.81865049, 1.81865049]), array([1.02742725, 1.02742725, 1.02742725, 1.02742725, 1.02742725,
       1.02742725, 1.02742725, 1.02742725, 1.02742725, 1.23023675,
       1.23023675, 1.23023675, 1.23023675, 1.23023675, 1.23023675,
       1.23023675, 1.23023675, 1.23023675, 1.23023675, 1.23023675,
       1.23023675, 1.23023675, 1.23023675, 1.23023675, 1.23023675,
       1.23023675, 1.23023675, 1.23023675, 1.23023675, 1.23023675]), array([6.31078328, 6.31078328, 6.31078328, 6.31078328, 6.37115701,
       6.37115701, 6.37115701, 6.37115701, 6.37115701, 6.37115701,
       6.37115701, 6.37115701, 6.37115701, 6.37115701, 6.37115701,
       6.37115701, 6.37115701, 6.37115701, 6.37115701, 6.37115701,
       6.37115701, 6.51447947, 6.51447947, 6.51447947, 6.51447947,
       6.51447947, 6.51447947, 6.51447947, 6.51447947, 6.51447947]), array([1.33406531, 1.33406531, 1.33406531, 1.33406531, 1.33406531,
       1.33406531, 1.33406531, 1.33406531, 1.33406531, 1.33406531,
       1.33406531, 1.33406531, 1.47641793, 1.47641793, 1.47641793,
       1.47641793, 1.47641793, 1.47641793, 1.47641793, 1.47641793,
       1.47641793, 1.47641793, 1.47641793, 1.47641793, 1.47641793,
       1.47641793, 1.47641793, 1.47641793, 1.47641793, 1.47641793]), array([7.44419366, 7.44419366, 7.44419366, 7.44419366, 7.44419366,
       7.44419366, 7.44419366, 7.44419366, 7.44419366, 7.44419366,
       7.44419366, 7.44419366, 7.44419366, 7.44419366, 7.44419366,
       7.44419366, 7.44419366, 7.44419366, 7.44419366, 7.61093835,
       7.61093835, 7.61093835, 7.61093835, 7.61093835, 7.61093835,
       7.61093835, 7.61093835, 7.61093835, 7.61093835, 7.61093835]), array([5.17902913, 5.17902913, 5.17902913, 5.17902913, 5.17902913,
       5.17902913, 5.17902913, 5.17902913, 5.17902913, 5.17902913,
       5.17902913, 5.17902913, 5.17902913, 5.17902913, 5.17902913,
       5.17902913, 5.61171962, 5.61171962, 5.61171962, 5.61171962,
       5.61171962, 5.61171962, 5.61171962, 5.61171962, 5.61171962,
       5.61171962, 5.61171962, 5.61171962, 5.61171962, 5.61171962]), array([1.48525186, 1.48525186, 1.48525186, 1.48525186, 1.59552048,
       1.59552048, 1.59552048, 1.59552048, 1.59552048, 1.59552048,
       1.59552048, 1.59552048, 1.59552048, 1.59552048, 1.59552048,
       1.59552048, 1.59552048, 1.59552048, 1.59552048, 1.59552048,
       1.59552048, 1.63412571, 1.63412571, 1.63412571, 1.63412571,
       1.63412571, 1.63412571, 1.63412571, 1.63412571, 1.63412571]), array([7.85973835, 7.85973835, 7.85973835, 7.85973835, 7.85973835,
       7.85973835, 7.85973835, 7.85973835, 7.93866823, 7.93866823,
       7.93866823, 7.93866823, 7.93866823, 7.93866823, 7.93866823,
       7.93866823, 7.93866823, 7.93866823, 7.93866823, 7.93866823,
       7.93866823, 7.99917536, 7.99917536, 7.99917536, 7.99917536,
       7.99917536, 7.99917536, 7.99917536, 7.99917536, 7.99917536]), array([1.59460812, 1.59460812, 1.59460812, 1.59460812, 1.59460812,
       1.59460812, 2.76099418, 2.76099418, 2.76099418, 2.76099418,
       2.76099418, 2.76099418, 3.52264766, 3.52264766, 3.52264766,
       3.52264766, 3.52264766, 3.52264766, 3.52264766, 3.52264766,
       3.52264766, 3.52264766, 3.52264766, 3.52264766, 3.52264766,
       3.52264766, 3.52264766, 3.52264766, 3.52264766, 3.52264766]), array([5.61171962, 5.61171962, 5.61171962, 5.61171962, 5.61171962,
       5.61171962, 5.61171962, 5.62186423, 5.62186423, 5.62186423,
       5.62186423, 5.62186423, 5.62186423, 5.62186423, 5.62186423,
       5.62186423, 5.62186423, 5.62186423, 5.62186423, 5.62186423,
       5.68970123, 5.68970123, 5.68970123, 5.68970123, 5.68970123,
       5.95059361, 5.95059361, 5.95059361, 5.95059361, 5.95059361]), array([4.62563106, 4.62563106, 4.62563106, 4.62563106, 4.62563106,
       4.62563106, 4.62563106, 4.62563106, 4.62563106, 4.62563106,
       4.62563106, 4.62563106, 4.6439625 , 4.6439625 , 4.6439625 ,
       4.6439625 , 4.6439625 , 4.6439625 , 4.6439625 , 4.6439625 ,
       4.6439625 , 4.68799734, 4.68799734, 4.68799734, 4.68799734,
       4.68799734, 4.68799734, 4.68799734, 4.68799734, 4.68799734]), array([5.68289665, 5.68289665, 5.68289665, 5.68289665, 5.68289665,
       5.68289665, 5.68289665, 5.68289665, 5.68289665, 5.68289665,
       5.68289665, 5.68289665, 5.68289665, 5.68289665, 5.68289665,
       5.68289665, 5.68289665, 5.68970123, 5.68970123, 5.68970123,
       5.68970123, 5.68970123, 5.68970123, 5.68970123, 5.68970123,
       5.68970123, 5.68970123, 5.68970123, 5.68970123, 5.68970123]), array([7.01798131, 7.01798131, 7.01798131, 7.01798131, 7.01798131,
       7.01798131, 7.01798131, 7.01798131, 7.01798131, 7.01798131,
       7.01798131, 7.01798131, 7.01798131, 7.01798131, 7.01798131,
       7.01798131, 7.01798131, 7.01798131, 7.01798131, 7.01798131,
       7.01798131, 7.01798131, 7.01798131, 7.01798131, 7.01798131,
       7.01798131, 7.01798131, 7.01798131, 7.01798131, 7.01798131]), array([2.0392463 , 2.0392463 , 2.0392463 , 2.0392463 , 2.0392463 ,
       2.0392463 , 2.0392463 , 2.0392463 , 2.21643472, 2.21643472,
       2.21643472, 2.21643472, 2.21643472, 2.21643472, 2.21643472,
       2.21643472, 2.21643472, 2.21643472, 2.21643472, 2.21643472,
       2.21643472, 2.21643472, 2.21643472, 2.21643472, 2.21643472,
       2.21643472, 2.21643472, 2.21643472, 2.21643472, 2.21643472]), array([8.33683284, 8.33683284, 8.33683284, 8.33683284, 8.35671123,
       8.35671123, 8.35671123, 8.35671123, 8.35671123, 8.35671123,
       8.35671123, 8.35671123, 8.35671123, 8.35671123, 8.35671123,
       8.35671123, 8.35671123, 8.35671123, 8.35671123, 8.35671123,
       8.35671123, 8.35671123, 8.35671123, 8.35671123, 8.35671123,
       8.35671123, 8.35671123, 8.35671123, 8.35671123, 8.35671123]), array([3.79029471, 3.79029471, 3.79029471, 3.79029471, 3.79029471,
       4.72041977, 4.72041977, 4.72041977, 4.72041977, 4.72041977,
       4.72041977, 4.72041977, 4.72041977, 4.72041977, 6.4769874 ,
       6.4769874 , 6.4769874 , 6.4769874 , 6.4769874 , 7.23863068,
       7.23863068, 7.23863068, 7.23863068, 7.23863068, 7.23863068,
       7.23863068, 7.23863068, 7.23863068]), array([3.54821237, 3.54821237, 3.54821237, 3.54821237, 3.54821237,
       3.54821237, 3.54821237, 3.54821237, 3.54821237, 3.54821237,
       3.54821237, 3.54821237, 3.54821237, 3.54821237, 3.54821237,
       3.54821237, 4.52116346, 4.52116346, 4.52116346, 4.52116346,
       4.52116346, 4.52116346, 4.52116346, 4.52116346, 4.52116346,
       4.52116346, 4.52116346, 4.52116346, 4.52116346, 4.52116346]), array([1.37676962, 1.37676962, 1.37676962, 1.37676962, 1.37676962,
       1.39579423, 1.39579423, 1.39579423, 1.39579423, 1.39579423,
       1.42665124, 1.42665124, 1.42665124, 1.42665124, 1.42665124,
       1.48525186, 1.48525186, 1.48525186, 1.48525186, 1.48525186,
       1.55480737, 1.55480737, 1.55480737, 1.55480737, 1.55480737,
       1.63412571, 1.63412571, 1.63412571, 1.63412571, 1.63412571]), array([9.47068057, 9.47068057, 9.47068057, 9.47068057, 9.63729305,
       9.63729305, 9.63729305, 9.63729305, 9.63729305, 9.63729305,
       9.63729305, 9.63729305, 9.63729305, 9.63729305, 9.63729305,
       9.63729305, 9.63729305, 9.63729305, 9.63729305, 9.63729305,
       9.63729305, 9.63729305, 9.63729305, 9.63729305, 9.63729305,
       9.63729305, 9.63729305, 9.63729305, 9.63729305, 9.63729305]), array([4.82316518, 4.82316518, 4.82316518, 4.82316518, 4.82316518,
       4.82316518, 4.87522389, 4.87522389, 4.87522389, 4.87522389,
       4.87522389, 4.87522389, 4.87522389, 4.87522389, 4.87522389,
       4.87522389, 4.89494479, 4.89494479, 4.89494479, 4.89494479,
       4.89494479, 4.89494479, 4.89494479, 4.89494479, 4.89494479,
       4.89494479, 4.89494479, 4.89494479, 4.89494479, 4.89494479]), array([4.99585668, 4.99585668, 4.99585668, 5.23405827, 5.23405827,
       5.23405827, 5.23405827, 5.23405827, 5.23405827, 5.23405827,
       5.23405827, 5.23405827, 5.29054733, 5.29054733, 5.29054733,
       5.29054733, 5.29054733, 5.29054733, 5.29054733, 5.29054733,
       5.29054733, 5.43936121, 5.43936121, 5.43936121, 5.43936121,
       5.43936121, 5.43936121, 5.43936121, 5.43936121, 5.43936121]), array([6.77676597, 6.77676597, 6.77676597, 6.77676597, 6.77676597,
       6.77676597, 6.81664636, 6.81664636, 6.81664636, 6.81664636,
       6.81664636, 6.81664636, 6.81664636, 6.81664636, 6.81664636,
       6.81664636, 6.81664636, 6.81664636, 6.81664636, 6.81664636,
       7.09256321, 7.09256321, 7.09256321, 7.09256321, 7.09256321,
       7.09256321, 7.09256321, 7.09256321, 7.09256321, 7.09256321]), array([1.32941896, 1.32941896, 1.32941896, 1.32941896, 1.32941896,
       1.34456893, 1.34456893, 1.34456893, 1.34456893, 1.34456893,
       1.34456893, 1.34456893, 1.34456893, 1.34456893, 1.34456893,
       1.34456893, 1.34456893, 1.34456893, 1.34456893, 1.34456893,
       1.34456893, 1.34456893, 1.34456893, 1.34456893, 1.34456893,
       1.34456893, 1.34456893, 1.34456893, 1.34456893, 1.34456893]), array([6.90886117, 6.90886117, 6.90886117, 6.90886117, 6.90886117,
       6.90886117, 6.90886117, 6.97557654, 6.97557654, 6.97557654,
       6.97557654, 6.97557654, 6.97557654, 6.97557654, 6.97557654,
       6.97557654, 6.97557654, 6.97557654, 6.97557654, 6.97557654,
       6.97557654, 6.97557654, 6.97557654, 6.97557654, 6.97557654,
       6.97557654, 6.97557654, 6.97557654, 6.97557654, 6.97557654]), array([ 6.53707963,  6.53707963,  6.53707963,  6.53707963,  8.57635148,
        8.57635148,  8.57635148,  8.57635148,  8.57635148,  8.57635148,
        8.57635148,  8.57635148,  8.57635148,  8.57635148,  8.57635148,
       10.46531035, 10.46531035, 10.46531035, 10.46531035, 10.46531035,
       10.46531035, 10.46531035, 10.46531035, 10.46531035, 10.46531035,
       10.46531035, 10.46531035, 10.46531035, 10.46531035, 10.46531035]), array([3.04170983, 3.04170983, 3.04170983, 3.04170983, 3.04170983,
       3.04170983, 3.04170983, 3.04170983, 3.04170983, 3.04170983,
       3.04170983, 3.04170983, 3.35531771, 3.35531771, 3.35531771,
       3.35531771, 3.35531771, 3.40661049, 3.40661049, 3.40661049,
       3.40661049, 3.40661049, 3.40661049, 3.40661049, 3.40661049,
       3.40661049, 3.40661049, 3.40661049, 3.40661049, 3.40661049]), array([2.90245142, 2.90245142, 2.90245142, 2.90245142, 2.90245142,
       2.90245142, 2.90245142, 2.90245142, 2.90245142, 2.90245142,
       2.90245142, 2.90245142, 2.90245142, 2.90245142, 2.90245142,
       2.90245142, 2.90245142, 2.90245142, 2.90245142, 2.90245142,
       2.90245142, 2.90245142, 2.90245142, 2.90245142, 2.90245142,
       2.90245142, 2.90245142, 2.90245142, 2.90245142, 2.90245142]), array([0.35368375, 0.35368375, 0.35368375, 0.35368375, 0.35368375,
       0.35368375, 0.35368375, 0.35368375, 0.35368375, 0.35368375,
       0.35368375, 0.35368375, 0.35368375, 0.35368375, 0.35368375,
       0.62085687, 0.62085687, 0.62085687, 0.62085687, 0.62085687,
       0.62085687, 0.62085687, 0.62085687, 0.62085687, 0.62085687,
       0.62085687, 0.62085687, 0.62085687, 0.62085687, 0.62085687]), array([5.33410476, 5.33410476, 5.33410476, 5.33410476, 5.33410476,
       5.33410476, 5.33410476, 5.57157988, 5.57157988, 5.57157988,
       5.57157988, 5.57157988, 5.88979665, 5.88979665, 5.88979665,
       5.88979665, 5.88979665, 5.88979665, 5.88979665, 5.88979665,
       5.88979665, 5.89565821, 5.89565821, 5.89565821, 5.89565821,
       5.89565821, 5.89565821, 5.89565821, 5.89565821, 5.89565821]), array([5.33410476, 5.33410476, 5.33410476, 5.33410476, 5.33410476,
       5.33410476, 5.33410476, 5.33410476, 5.40793899, 5.40793899,
       5.40793899, 5.40793899, 5.40793899, 5.40793899, 5.40793899,
       5.40793899, 5.40793899, 5.40793899, 5.40793899, 5.40793899,
       5.40793899, 5.45476478, 5.45476478, 5.45476478, 5.45476478,
       5.45476478, 5.45476478, 5.45476478, 5.45476478, 5.45476478]), array([], dtype=float64), array([5.57157988, 5.57157988, 5.57157988, 5.57157988, 6.4769874 ,
       6.4769874 , 6.4769874 , 6.4769874 , 6.4769874 , 6.4769874 ,
       7.65488874, 7.65488874, 7.65488874, 7.65488874, 7.65488874,
       7.65488874, 7.65488874, 7.65488874, 7.65488874, 7.65488874,
       7.85973835, 7.85973835, 7.85973835, 7.85973835, 7.85973835,
       7.85973835, 7.85973835, 7.85973835, 7.85973835, 7.85973835]), array([9.64859766, 9.64859766, 9.64859766, 9.64859766, 9.64859766,
       9.64859766, 9.64859766, 9.64859766, 9.64859766, 9.64859766,
       9.64859766, 9.64859766, 9.64859766, 9.64859766, 9.64859766,
       9.64859766, 9.64859766, 9.64859766, 9.64859766, 9.64859766,
       9.64859766, 9.64859766, 9.64859766, 9.64859766, 9.64859766,
       9.64859766, 9.64859766, 9.64859766, 9.64859766, 9.64859766]), array([3.52143957, 3.52143957, 3.52143957, 3.52143957, 3.52143957,
       3.52143957, 3.52143957, 3.52143957, 3.52143957, 3.52143957,
       3.52143957, 3.52143957, 3.52264766, 3.52264766, 3.52264766,
       3.52264766, 3.52264766, 3.52264766, 3.52264766, 3.52264766,
       3.52264766, 3.52264766, 3.52264766, 3.52264766, 3.52264766,
       3.52264766, 3.52264766, 3.52264766, 3.52264766, 3.52264766]), array([7.23863068, 7.23863068, 7.23863068, 7.2621125 , 7.2621125 ,
       7.2621125 , 7.2621125 , 7.2621125 , 7.2621125 , 7.2621125 ,
       7.2621125 , 7.2621125 , 7.2995032 , 7.2995032 , 7.2995032 ,
       7.2995032 , 7.2995032 , 7.2995032 , 7.2995032 , 7.2995032 ,
       7.2995032 , 7.31097118, 7.31097118, 7.31097118, 7.31097118,
       7.31097118, 7.31097118, 7.31097118, 7.31097118, 7.31097118]), array([5.45569807, 5.45569807, 5.45569807, 5.45569807, 5.45569807,
       5.45569807, 5.45579763, 5.45579763, 5.45579763, 5.45579763,
       5.45579763, 5.45579763, 5.45579763, 5.45579763, 5.45579763,
       5.57157988, 5.57157988, 5.57157988, 5.57157988, 5.57157988,
       5.67427458, 5.67427458, 5.67427458, 5.67427458, 5.67427458,
       5.98369928, 5.98369928, 5.98369928, 5.98369928, 5.98369928]), array([4.72285611, 4.72285611, 4.72285611, 4.72285611, 4.72285611,
       4.72285611, 4.72285611, 4.72285611, 4.72285611, 4.72285611,
       4.72285611, 4.72285611, 4.72285611, 4.72285611, 4.72285611,
       4.89494479, 4.89494479, 4.89494479, 4.89494479, 4.89494479,
       4.89494479, 4.89494479, 4.89494479, 4.89494479, 4.89494479,
       4.89494479, 4.89494479, 4.89494479, 4.89494479, 4.89494479]), array([3.07184707, 3.07184707, 3.07184707, 3.07184707, 3.07184707,
       3.07184707, 3.07184707, 3.07184707, 3.07184707, 3.07184707,
       3.07184707, 3.07184707, 3.07184707, 3.07184707, 3.07184707,
       3.24659137, 3.24659137, 3.24659137, 3.24659137, 3.24659137,
       3.24659137, 3.24659137, 3.24659137, 3.24659137, 3.24659137,
       3.24659137, 3.24659137, 3.24659137, 3.24659137, 3.24659137]), array([9.22196674, 9.22196674, 9.22196674, 9.22196674, 9.22196674,
       9.22196674, 9.22196674, 9.22196674, 9.22196674, 9.22196674,
       9.22196674, 9.22196674, 9.22196674, 9.22196674, 9.22196674,
       9.22196674, 9.22196674, 9.22196674, 9.22196674, 9.22196674,
       9.22196674, 9.92164936, 9.92164936, 9.92164936, 9.92164936,
       9.92164936, 9.92164936, 9.92164936, 9.92164936, 9.92164936]), array([7.23604187, 7.23604187, 7.23604187, 7.23604187, 7.23604187,
       7.23604187, 7.23604187, 7.23604187, 7.38218563, 7.38218563,
       7.38218563, 7.38218563, 7.38218563, 7.38218563, 7.38218563,
       7.38218563, 7.38218563, 7.38218563, 7.38218563, 7.61093835,
       7.61093835, 7.61093835, 7.61093835, 7.61093835, 7.61093835,
       7.61093835, 7.61093835, 7.61093835, 7.61093835, 7.61093835]), array([6.53373751, 6.53373751, 6.53373751, 6.53373751, 6.53373751,
       6.53373751, 6.57462532, 6.57462532, 6.57462532, 6.57462532,
       6.57462532, 6.57462532, 6.57462532, 6.57462532, 6.57462532,
       6.57462532, 6.57462532, 6.57462532, 6.57462532, 6.57462532,
       6.58125508, 6.58125508, 6.58125508, 6.58125508, 6.58125508,
       6.58125508, 6.58125508, 6.58125508, 6.58125508, 6.58125508]), array([2.42772949, 2.42772949, 2.42772949, 2.42772949, 2.42772949,
       2.42772949, 2.42772949, 2.42772949, 2.4932798 , 2.4932798 ,
       2.4932798 , 2.4932798 , 2.4932798 , 2.4932798 , 2.4932798 ,
       2.4932798 , 2.4932798 , 2.4932798 , 2.4932798 , 2.4932798 ,
       2.4932798 , 2.4932798 , 2.4932798 , 2.4932798 , 2.4932798 ,
       2.4932798 , 2.4932798 , 2.4932798 , 2.4932798 , 2.4932798 ]), array([1.42665124, 1.42665124, 1.67261095, 1.67261095, 1.67261095,
       1.67261095, 1.67261095, 1.67261095, 1.67261095, 1.67261095,
       1.67261095, 1.67261095, 1.67261095, 1.67261095, 1.67261095,
       1.67261095, 1.67261095, 1.67261095, 1.67261095, 1.67261095,
       1.86624849, 1.86624849, 1.86624849, 1.86624849, 1.86624849,
       1.86624849, 1.86624849, 1.86624849, 1.86624849, 1.86624849]), array([3.52264766, 3.52264766, 3.52264766, 3.52264766, 3.52264766,
       3.52264766, 3.52264766, 3.52264766, 3.52264766, 3.52264766,
       3.52264766, 3.52264766, 3.52264766, 3.52264766, 3.52264766,
       3.54821237, 3.54821237, 3.54821237, 3.54821237, 3.54821237,
       3.54821237, 3.54821237, 3.54821237, 3.54821237, 3.54821237,
       3.54821237, 3.54821237, 3.54821237, 3.54821237, 3.54821237]), array([3.60274912, 3.60274912, 3.60274912, 3.60274912, 3.64520502,
       3.64520502, 3.64520502, 3.64520502, 3.64520502, 3.64520502,
       3.64520502, 3.64520502, 3.64520502, 3.64520502, 3.64520502,
       3.64520502, 3.64520502, 3.64520502, 3.64520502, 3.64520502,
       3.64520502, 3.64520502, 3.64520502, 3.64520502, 3.64520502,
       3.64520502, 3.64520502, 3.64520502, 3.64520502, 3.64520502]), array([3.3567469 , 3.3567469 , 3.3567469 , 3.3567469 , 3.3567469 ,
       3.3567469 , 3.3567469 , 3.3567469 , 3.3567469 , 3.3567469 ,
       3.3567469 , 3.3567469 , 3.3567469 , 3.3567469 , 3.3567469 ,
       3.3567469 , 3.3567469 , 3.52143957, 3.52143957, 3.52143957,
       3.52143957, 3.52143957, 3.52143957, 3.52143957, 3.52143957,
       3.52143957, 3.52143957, 3.52143957, 3.52143957, 3.52143957]), array([6.51447947, 6.51447947, 6.53707963, 6.53707963, 6.53707963,
       6.53707963, 6.53707963, 6.53707963, 6.53707963, 6.53707963,
       6.53707963, 6.53707963, 6.53707963, 6.53707963, 6.59633892,
       6.59633892, 6.59633892, 6.59633892, 6.59633892, 6.59633892,
       6.59633892, 6.59633892, 6.59633892, 6.59633892, 6.59633892,
       6.59633892, 6.59633892, 6.59633892, 6.59633892, 6.59633892]), array([3.85837659, 3.85837659, 3.85837659, 3.85837659, 3.85837659,
       3.85837659, 3.85837659, 3.85837659, 3.88966424, 3.88966424,
       3.88966424, 3.88966424, 3.88966424, 3.88966424, 3.88966424,
       3.88966424, 3.88966424, 3.88966424, 3.88966424, 3.88966424,
       3.88966424, 3.88966424, 3.88966424, 3.88966424, 3.88966424,
       3.88966424, 3.88966424, 3.88966424, 3.88966424, 3.88966424]), array([4.41861012, 4.41861012, 4.41861012, 4.41861012, 4.41861012,
       4.41861012, 4.41861012, 4.41861012, 4.42725829, 4.42725829,
       4.42725829, 4.42725829, 4.42725829, 4.42725829, 4.42725829,
       4.42725829, 4.42725829, 4.42725829, 4.42725829, 4.42725829,
       4.42725829, 4.42725829, 4.42725829, 4.42725829, 4.42725829,
       4.42725829, 4.42725829, 4.42725829, 4.42725829, 4.42725829]), array([4.6011012 , 4.6011012 , 4.6011012 , 4.6011012 , 4.6011012 ,
       4.6011012 , 4.6011012 , 4.6011012 , 4.6011012 , 4.6011012 ,
       4.6011012 , 4.6011012 , 4.6011012 , 4.6011012 , 4.6011012 ,
       4.6011012 , 4.86714686, 4.86714686, 4.86714686, 4.86714686,
       4.86714686, 4.86714686, 4.86714686, 4.86714686, 4.86714686,
       4.86714686, 4.86714686, 4.86714686, 4.86714686, 4.86714686]), array([], dtype=float64), array([5.00399646, 5.00399646, 5.57157988, 5.57157988, 5.57157988,
       5.57157988, 5.57157988, 5.57157988, 5.57157988, 5.57157988,
       5.57157988, 5.57157988, 5.57157988, 5.57157988, 5.57157988,
       5.57157988, 5.57157988, 5.57157988, 5.57157988, 5.57157988,
       5.57157988, 5.57157988, 5.57157988, 5.57157988, 5.57157988,
       5.57157988, 5.57157988, 5.57157988, 5.57157988, 5.57157988]), array([5.22511283, 5.22511283, 5.22511283, 5.22511283, 5.22511283,
       5.22511283, 5.22511283, 5.29054733, 5.29054733, 5.29054733,
       5.29054733, 5.29054733, 6.16911287, 6.16911287, 6.16911287,
       6.16911287, 6.16911287, 6.16911287, 6.16911287, 6.16911287,
       6.16911287, 6.16911287, 6.16911287, 6.16911287, 6.16911287,
       6.32267074, 6.32267074, 6.32267074, 6.32267074, 6.32267074]), array([0.91312278, 0.91312278, 0.91312278, 0.91312278, 0.91312278,
       0.91312278, 0.91312278, 0.91312278, 1.64042299, 1.64042299,
       1.64042299, 1.64042299, 1.64042299, 1.64042299, 2.10302352,
       2.10302352, 2.10302352, 2.10302352, 2.10302352, 2.10302352,
       2.10302352, 2.10302352, 2.10302352, 2.10302352, 3.40661049,
       3.40661049, 3.40661049, 3.40661049, 3.40661049, 3.40661049]), array([3.15539536, 3.15539536, 3.15539536, 3.15539536, 3.15539536,
       3.15539536, 3.15539536, 3.24659137, 3.24659137, 3.24659137,
       3.24659137, 3.24659137, 3.52264766, 3.52264766, 3.52264766,
       3.52264766, 3.52264766, 3.52264766, 3.52264766, 3.52264766,
       3.52264766, 4.20694714, 4.20694714, 4.20694714, 4.20694714,
       4.20694714, 4.20694714, 4.20694714, 4.20694714, 4.20694714]), array([5.40793899, 5.40793899, 5.40793899, 5.40793899, 5.40793899,
       5.40793899, 5.40793899, 5.40793899, 5.45476478, 5.45476478,
       5.45476478, 5.45476478, 5.45476478, 5.45476478, 5.45476478,
       5.45476478, 5.45476478, 5.45476478, 5.45476478, 5.45476478,
       5.45476478, 5.45476478, 5.45476478, 5.45476478, 5.45476478,
       5.45476478, 5.45476478, 5.45476478, 5.45476478, 5.45476478]), array([9.25830744, 9.25830744, 9.25830744, 9.25830744, 9.25830744,
       9.25830744, 9.25830744, 9.25830744, 9.35923809, 9.35923809,
       9.35923809, 9.35923809, 9.35923809, 9.35923809, 9.35923809,
       9.35923809, 9.35923809, 9.35923809, 9.35923809, 9.35923809,
       9.35923809, 9.38154999, 9.38154999, 9.38154999, 9.38154999,
       9.38154999, 9.38154999, 9.38154999, 9.38154999, 9.38154999]), array([9.22196674, 9.22196674, 9.22196674, 9.22196674, 9.22196674,
       9.22196674, 9.22196674, 9.22196674, 9.22196674, 9.22196674,
       9.22196674, 9.22196674, 9.22196674, 9.4180479 , 9.4180479 ,
       9.4180479 , 9.4180479 , 9.4180479 , 9.4180479 , 9.4180479 ,
       9.4180479 , 9.4180479 , 9.4180479 , 9.4180479 , 9.4180479 ,
       9.4180479 , 9.4180479 , 9.4180479 , 9.4180479 , 9.4180479 ]), array([2.89289039, 2.89289039, 2.89289039, 2.89289039, 2.89289039,
       2.89289039, 2.89289039, 2.89289039, 2.89289039, 2.89289039,
       2.89289039, 2.89289039, 2.89289039, 2.89289039, 2.90669141,
       2.90669141, 2.90669141, 2.90669141, 2.90669141, 2.90669141,
       2.90669141, 2.90669141, 2.95955881, 2.95955881, 2.95955881,
       2.95955881, 2.95955881, 2.95955881, 2.95955881, 2.95955881]), array([1.64042299, 1.64042299, 2.50870044, 2.50870044, 2.50870044,
       2.50870044, 2.50870044, 2.50870044, 2.50870044, 2.50870044,
       2.50870044, 3.24659137, 3.24659137, 3.24659137, 3.24659137,
       3.24659137, 3.24659137, 3.24659137, 3.24659137, 3.24659137,
       4.74297096, 4.74297096, 4.74297096, 4.74297096, 4.74297096,
       4.98417069, 4.98417069, 4.98417069, 4.98417069, 4.98417069]), array([9.18397814, 9.18397814, 9.18397814, 9.18397814, 9.18397814,
       9.18397814, 9.18397814, 9.18397814, 9.18397814, 9.54820774,
       9.54820774, 9.54820774, 9.54820774, 9.54820774, 9.54820774,
       9.54820774, 9.54820774, 9.54820774, 9.54820774, 9.54820774,
       9.54820774, 9.54820774, 9.54820774, 9.54820774, 9.54820774,
       9.54820774, 9.54820774, 9.54820774, 9.54820774, 9.54820774]), array([0.20645688, 0.20645688, 0.20645688, 0.20645688, 0.20645688,
       0.20645688, 0.20645688, 0.20645688, 0.20645688, 0.20645688,
       0.20645688, 0.20645688, 0.20645688, 0.20645688, 0.20645688,
       0.20645688, 0.20645688, 0.20645688, 0.20645688, 0.20645688,
       0.20645688, 0.20645688, 0.20645688, 0.20645688, 1.24246674,
       1.24246674, 1.24246674, 1.24246674, 1.24246674, 1.24246674]), array([2.29490384, 2.29490384, 2.29490384, 2.29490384, 2.29490384,
       2.29490384, 2.29490384, 2.29490384, 2.29490384, 2.29490384,
       2.29490384, 2.29490384, 2.29490384, 2.29490384, 2.29490384,
       2.29490384, 2.29490384, 2.29490384, 2.29490384, 2.29490384,
       2.29490384, 2.29490384, 2.29490384, 2.29490384, 2.29490384,
       2.29490384, 2.29490384, 2.29490384, 2.29490384, 2.29490384]), array([1.46045808, 1.46045808, 1.46045808, 1.46045808, 1.46045808,
       1.46045808, 1.46045808, 1.46045808, 1.46045808, 1.46045808,
       1.46045808, 1.46045808, 1.46045808, 1.46045808, 1.46045808,
       1.46045808, 1.64042299, 1.64042299, 1.64042299, 1.64042299,
       1.64042299, 1.64042299, 1.64042299, 1.64042299, 1.64042299,
       1.64042299, 1.64042299, 1.64042299, 1.64042299, 1.64042299]), array([6.77676597, 6.77676597, 6.77676597, 6.77676597, 6.77676597,
       6.77676597, 6.77676597, 6.77676597, 6.77676597, 6.77676597,
       6.77676597, 6.77676597, 6.77676597, 6.77676597, 6.77676597,
       6.77676597, 6.81664636, 6.81664636, 6.81664636, 6.81664636,
       6.81664636, 6.81664636, 6.81664636, 6.81664636, 6.81664636,
       6.81664636, 6.81664636, 6.81664636, 6.81664636, 6.81664636]), array([1.24246674, 1.24246674, 1.24246674, 1.24246674, 1.24246674,
       1.24246674, 1.63412571, 1.63412571, 1.63412571, 1.63412571,
       1.63412571, 1.63412571, 1.63412571, 1.63412571, 1.63412571,
       1.63412571, 1.63412571, 1.63412571, 1.63412571, 1.63412571,
       2.56168132, 2.56168132, 2.56168132, 2.56168132, 2.56168132,
       2.56168132, 2.56168132, 2.56168132, 2.56168132, 2.56168132]), array([7.2621125 , 7.2621125 , 7.2621125 , 7.36964208, 7.36964208,
       7.36964208, 7.36964208, 7.36964208, 7.36964208, 7.36964208,
       7.36964208, 7.36964208, 7.36964208, 7.36964208, 7.36964208,
       7.36964208, 7.36964208, 7.36964208, 7.36964208, 7.36964208,
       7.36964208, 7.36964208, 7.36964208, 7.36964208, 7.36964208,
       7.36964208, 7.36964208, 7.36964208, 7.36964208, 7.36964208]), array([9.70949138, 9.70949138, 9.79378923, 9.79378923, 9.79378923,
       9.79378923, 9.79378923, 9.79378923, 9.79378923, 9.79378923,
       9.79378923, 9.79378923, 9.79378923, 9.79378923, 9.79378923,
       9.79378923, 9.92164936, 9.92164936, 9.92164936, 9.92164936,
       9.92164936, 9.92164936, 9.92164936, 9.92164936, 9.92164936,
       9.92164936, 9.92164936, 9.92164936, 9.92164936, 9.92164936]), array([5.97102601, 5.97102601, 5.97102601, 5.97102601, 6.16911287,
       6.16911287, 6.16911287, 6.16911287, 6.16911287, 6.16911287,
       6.16911287, 6.16911287, 6.16911287, 6.16911287, 6.16911287,
       6.16911287, 6.16911287, 6.43653927, 6.43653927, 6.43653927,
       6.43653927, 6.43653927, 6.43653927, 6.43653927, 6.43653927,
       6.43653927, 6.43653927, 6.43653927, 6.43653927, 6.43653927]), array([3.07184707, 3.07184707, 3.07184707, 3.07184707, 3.07184707,
       3.07184707, 3.07184707, 3.07184707, 3.07184707, 3.07184707,
       3.07184707, 3.07184707, 3.07184707, 3.09687438, 3.09687438,
       3.09687438, 3.09687438, 3.09687438, 3.09687438, 3.09687438,
       3.09687438, 3.09687438, 3.09687438, 3.09687438, 3.09687438,
       3.09687438, 3.09687438, 3.09687438, 3.09687438, 3.09687438]), array([2.89495958, 2.89495958, 2.89495958, 3.07184707, 3.07184707,
       3.07184707, 3.07184707, 3.07184707, 3.07184707, 3.07184707,
       3.07184707, 3.07184707, 3.07184707, 3.07184707, 3.07184707,
       3.07184707, 3.15539536, 3.15539536, 3.15539536, 3.15539536,
       3.15539536, 3.43170959, 3.43170959, 3.43170959, 3.43170959,
       3.43170959, 3.43170959, 3.43170959, 3.43170959, 3.43170959]), array([9.47068057, 9.47068057, 9.47068057, 9.47068057, 9.47068057,
       9.47068057, 9.47068057, 9.47068057, 9.47068057, 9.47068057,
       9.63729305, 9.63729305, 9.63729305, 9.63729305, 9.63729305,
       9.63729305, 9.63729305, 9.63729305, 9.83718178, 9.83718178,
       9.83718178, 9.83718178, 9.83718178, 9.83718178, 9.83718178,
       9.83718178, 9.83718178, 9.83718178, 9.83718178, 9.83718178]), array([3.15539536, 3.15539536, 3.47875521, 3.47875521, 3.47875521,
       3.47875521, 3.47875521, 3.47875521, 3.47875521, 3.47875521,
       3.47875521, 3.47875521, 3.55602886, 3.55602886, 3.55602886,
       3.55602886, 3.55602886, 3.55602886, 3.55602886, 3.55602886,
       3.55602886, 3.55602886, 3.55602886, 3.55602886, 3.55602886,
       3.55602886, 3.55602886, 3.55602886, 3.55602886, 3.55602886]), array([0.62603081, 0.62603081, 0.62603081, 0.62603081, 1.02742725,
       1.02742725, 1.02742725, 1.02742725, 1.02742725, 1.02742725,
       1.02742725, 1.02742725, 1.02742725, 1.02742725, 1.02742725,
       1.02742725, 1.02742725, 1.02742725, 1.02742725, 1.02742725,
       1.02742725, 1.67261095, 1.67261095, 1.67261095, 1.67261095,
       1.67261095, 1.67261095, 1.67261095, 1.67261095, 1.67261095]), array([2.60234658, 2.96325797, 2.96325797, 2.96325797, 2.96325797,
       2.96325797, 3.26601903, 3.26601903, 3.26601903, 3.26601903,
       3.26601903, 3.26601903, 3.26601903, 3.26601903, 3.26601903,
       3.40661049, 3.40661049, 3.40661049, 3.40661049, 3.40661049,
       3.55602886, 3.55602886, 3.55602886, 3.55602886, 3.55602886,
       3.60274912, 3.60274912, 3.60274912, 3.60274912, 3.60274912]), array([ 9.92484273,  9.92484273, 10.31816707, 10.31816707, 10.31816707,
       10.31816707, 10.31816707, 10.31816707, 10.31816707, 10.31816707,
       10.31816707, 10.31816707, 10.31816707, 10.31816707, 10.31816707,
       10.31816707, 10.40317978, 10.40317978, 10.40317978, 10.40317978,
       10.40317978, 10.40317978, 10.40317978, 10.40317978, 10.40317978,
       10.40317978, 10.40317978, 10.40317978, 10.40317978, 10.40317978]), array([0.29482768, 0.29482768, 0.29482768, 0.29482768, 0.29482768,
       0.29482768, 0.29482768, 0.29482768, 0.29482768, 0.29482768,
       0.29482768, 0.29482768, 0.29482768, 0.29482768, 0.29482768,
       0.29482768, 0.29482768, 0.29482768, 0.29482768, 0.29482768,
       0.29482768, 0.29482768, 0.29482768, 0.29482768, 0.29482768,
       0.29482768, 0.29482768, 0.29482768, 0.29482768, 0.29482768]), array([7.65488874, 7.65488874, 7.65488874, 7.65488874, 7.65488874,
       7.65488874, 7.65488874, 7.65488874, 7.65488874, 7.65488874,
       7.85973835, 7.85973835, 7.85973835, 7.85973835, 7.85973835,
       7.85973835, 7.85973835, 7.85973835, 7.85973835, 7.85973835,
       7.85973835, 7.85973835, 7.85973835, 7.85973835, 8.02628041,
       8.02628041, 8.02628041, 8.02628041, 8.02628041, 8.02628041]), array([3.25865901, 3.25865901, 3.25865901, 3.47875521, 3.47875521,
       3.47875521, 3.47875521, 3.47875521, 3.47875521, 3.47875521,
       3.47875521, 3.47875521, 3.55602886, 3.55602886, 3.55602886,
       3.55602886, 3.55602886, 4.18484117, 4.18484117, 4.18484117,
       4.18484117, 4.18484117, 4.18484117, 4.18484117, 4.18484117,
       4.18484117, 4.18484117, 4.18484117, 4.18484117, 4.18484117]), array([], dtype=float64), array([0.00995941, 0.00995941, 0.00995941, 0.00995941, 0.00995941,
       1.8099027 , 1.8099027 , 1.8099027 , 1.8099027 , 1.8099027 ,
       1.8099027 , 1.8099027 , 1.8099027 , 1.8099027 ]), array([9.07080825, 9.07080825, 9.07080825, 9.07080825, 9.38154999,
       9.38154999, 9.38154999, 9.38154999, 9.38154999, 9.38154999,
       9.38154999, 9.38154999, 9.38154999, 9.38154999, 9.38154999,
       9.38154999, 9.38154999, 9.54820774, 9.54820774, 9.54820774,
       9.54820774, 9.54820774, 9.54820774, 9.54820774, 9.54820774,
       9.54820774, 9.54820774, 9.54820774, 9.54820774, 9.54820774]), array([4.89757497, 4.89757497, 4.89757497, 4.89757497, 4.89757497,
       5.33410476, 5.33410476, 5.33410476, 5.33410476, 5.33410476,
       5.33410476, 5.33410476, 5.33410476, 5.33410476, 5.33410476,
       5.33410476, 5.33410476, 5.33410476, 5.33410476, 5.33410476,
       5.33410476, 5.33410476, 5.33410476, 5.33410476, 5.33410476,
       5.33410476, 5.33410476, 5.33410476, 5.33410476, 5.33410476]), array([2.15697416, 2.15697416, 2.15697416, 2.15697416, 2.15697416,
       2.15697416, 2.15697416, 2.15697416, 2.15697416, 2.15697416,
       2.15697416, 2.15697416, 2.23431764, 2.23431764, 2.23431764,
       2.23431764, 2.23431764, 2.23431764, 2.23431764, 2.23431764,
       2.23431764, 2.23431764, 2.23431764, 2.23431764, 2.23431764,
       2.23431764, 2.23431764, 2.23431764, 2.23431764, 2.23431764]), array([3.12243268, 3.12243268, 3.12243268, 3.12243268, 3.15539536,
       3.15539536, 3.15539536, 3.15539536, 3.15539536, 3.15539536,
       3.15539536, 3.15539536, 3.15539536, 3.15539536, 3.15539536,
       3.15539536, 3.15539536, 3.15539536, 3.15539536, 3.15539536,
       3.15539536, 3.3567469 , 3.3567469 , 3.3567469 , 3.3567469 ,
       3.3567469 , 3.3567469 , 3.3567469 , 3.3567469 , 3.3567469 ]), array([2.50864163, 2.50864163, 2.50864163, 2.50864163, 2.50864163,
       2.50864163, 2.50864163, 6.68030354, 6.68030354, 6.68030354,
       6.68030354, 6.68030354, 7.23863068, 7.23863068, 7.23863068,
       7.23863068, 7.23863068, 7.56513311, 7.56513311, 7.56513311,
       7.56513311, 7.56513311, 7.56513311, 7.56513311, 7.56513311,
       7.56513311, 7.56513311, 7.56513311, 7.56513311, 7.56513311]), array([2.95955881, 2.95955881, 2.95955881, 2.95955881, 2.95955881,
       2.95955881, 2.95955881, 2.95955881, 2.95955881, 2.95955881,
       2.95955881, 2.95955881, 2.95955881, 2.95955881, 2.95955881,
       2.95955881, 2.95955881, 2.95955881, 2.95955881, 2.95955881,
       2.95955881, 2.95955881, 2.95955881, 2.95955881, 2.95955881,
       2.95955881, 2.95955881, 2.95955881, 2.95955881, 2.95955881]), array([6.6614576 , 6.6614576 , 6.6614576 , 7.01798131, 7.01798131,
       7.01798131, 7.01798131, 7.01798131, 7.01798131, 7.01798131,
       7.01798131, 7.01798131, 7.09256321, 7.09256321, 7.09256321,
       7.09256321, 7.09256321, 7.23863068, 7.23863068, 7.23863068,
       7.23863068, 7.23863068, 7.23863068, 7.23863068, 7.23863068,
       7.23863068, 7.23863068, 7.23863068, 7.23863068, 7.23863068]), array([2.90669141, 2.90669141, 2.90669141, 2.90669141, 2.90669141,
       2.90669141, 2.90669141, 2.90669141, 2.90669141, 2.90669141,
       2.90669141, 2.90669141, 2.90669141, 2.90669141, 2.90669141,
       2.90669141, 2.90669141, 2.90669141, 2.90669141, 3.68340331,
       3.68340331, 3.68340331, 3.68340331, 3.68340331, 3.68340331,
       3.68340331, 3.68340331, 3.68340331, 3.68340331, 3.68340331]), array([], dtype=float64), array([5.62186423, 5.62186423, 5.62186423, 5.62186423, 5.80564255,
       5.80564255, 5.80564255, 5.80564255, 5.80564255, 5.80564255,
       5.80564255, 5.80564255, 5.80564255, 5.80564255, 5.88979665,
       5.88979665, 5.88979665, 5.88979665, 5.88979665, 5.88979665,
       6.32651961, 6.32651961, 6.32651961, 6.32651961, 6.32651961,
       6.32651961, 6.32651961, 6.32651961, 6.32651961, 6.32651961]), array([4.89494479, 4.89494479, 4.89494479, 4.89494479, 4.89494479,
       4.89494479, 4.89494479, 4.89494479, 4.89757497, 4.89757497,
       4.89757497, 4.89757497, 4.89757497, 4.89757497, 4.89757497,
       4.89757497, 4.89757497, 4.89757497, 4.89757497, 4.89757497,
       4.89757497, 4.89757497, 4.89757497, 4.89757497, 4.89757497,
       4.89757497, 4.89757497, 4.89757497, 4.89757497, 4.89757497]), array([1.23823977, 1.23823977, 1.23823977, 1.23823977, 1.23823977,
       1.23823977, 1.23823977, 1.23823977, 1.23823977, 1.23823977,
       1.23823977, 1.23823977, 1.23823977, 1.23823977, 1.23823977,
       1.23823977, 1.23823977, 1.23823977, 1.23823977, 1.23823977,
       1.23823977, 1.23823977, 1.23823977, 1.23823977, 1.23823977,
       1.23823977, 1.23823977, 1.23823977, 1.23823977, 1.23823977]), array([8.94336001, 8.94336001, 9.10711584, 9.10711584, 9.10711584,
       9.10711584, 9.10711584, 9.10711584, 9.10711584, 9.10711584,
       9.10711584, 9.10711584, 9.10711584, 9.10711584, 9.10711584,
       9.10711584, 9.10711584, 9.10711584, 9.13239235, 9.13239235,
       9.13239235, 9.13239235, 9.13239235, 9.13239235, 9.13239235,
       9.13239235, 9.13239235, 9.13239235, 9.13239235, 9.13239235]), array([9.10407478, 9.10407478, 9.10711584, 9.10711584, 9.10711584,
       9.10711584, 9.10711584, 9.10711584, 9.10711584, 9.10711584,
       9.10711584, 9.10711584, 9.10711584, 9.10711584, 9.10711584,
       9.10711584, 9.10711584, 9.10711584, 9.10711584, 9.10711584,
       9.22196674, 9.22196674, 9.22196674, 9.22196674, 9.22196674,
       9.22196674, 9.22196674, 9.22196674, 9.22196674, 9.22196674]), array([2.47767642, 2.47767642, 2.47767642, 2.47767642, 2.47767642,
       2.47767642, 2.47767642, 2.4932798 , 2.4932798 , 2.4932798 ,
       2.4932798 , 2.4932798 , 2.4932798 , 2.4932798 , 2.4932798 ,
       2.4932798 , 2.4932798 , 2.4932798 , 2.4932798 , 2.4932798 ,
       2.4932798 , 2.4932798 , 2.4932798 , 2.4932798 , 2.4932798 ,
       2.4932798 , 2.4932798 , 2.4932798 , 2.4932798 , 2.4932798 ]), array([2.91192075, 2.91192075, 2.91192075, 2.91192075, 3.07184707,
       3.07184707, 3.07184707, 3.07184707, 3.07184707, 3.07184707,
       3.07184707, 3.07184707, 3.07184707, 3.07184707, 3.07184707,
       3.07184707, 3.07184707, 3.12243268, 3.12243268, 3.12243268,
       3.12243268, 3.12243268, 3.12243268, 3.12243268, 3.12243268,
       3.12243268, 3.12243268, 3.12243268, 3.12243268, 3.12243268]), array([2.63071495, 2.63071495, 2.63071495, 2.63071495, 2.63071495,
       2.63071495, 2.63071495, 2.63071495, 2.63071495, 2.63071495,
       2.63071495, 2.63071495, 2.63071495, 2.63071495, 2.63071495,
       2.63071495, 2.63071495, 2.63071495, 2.63071495, 2.63071495,
       2.63071495, 2.7146401 , 2.7146401 , 2.7146401 , 2.7146401 ,
       2.7146401 , 2.7146401 , 2.7146401 , 2.7146401 , 2.7146401 ]), array([7.39689604, 7.39689604, 7.39689604, 7.39689604, 7.39689604,
       7.39689604, 7.39689604, 7.65475375, 7.65475375, 7.65475375,
       7.65475375, 7.65475375, 7.65475375, 7.65475375, 7.65475375,
       7.65475375, 7.91836945, 7.91836945, 7.91836945, 7.91836945,
       7.91836945, 7.91836945, 7.91836945, 7.91836945, 7.91836945,
       7.93866823, 7.93866823, 7.93866823, 7.93866823, 7.93866823]), array([2.30345364, 2.30345364, 2.30345364, 2.30345364, 2.30345364,
       2.30345364, 2.30345364, 2.30345364, 2.30345364, 2.30345364,
       2.30345364, 2.30345364, 2.30345364, 3.52450876, 3.52450876,
       3.52450876, 3.52450876, 3.52450876, 3.52450876, 3.52450876,
       3.52450876, 3.52450876, 3.52450876, 3.52450876, 3.52450876,
       3.52450876]), array([5.75900464, 5.75900464, 5.75900464, 5.75900464, 5.75900464,
       5.75900464, 5.75900464, 5.79786307, 5.79786307, 5.79786307,
       5.79786307, 5.79786307, 5.79919567, 5.79919567, 5.79919567,
       5.79919567, 5.79919567, 5.79919567, 5.79919567, 5.79919567,
       5.79919567, 5.82220092, 5.82220092, 5.82220092, 5.82220092,
       5.82220092, 5.82220092, 5.82220092, 5.82220092, 5.82220092]), array([7.13530042, 7.13530042, 7.13530042, 7.13530042, 7.13530042,
       7.13530042, 7.13530042, 7.13530042, 7.13530042, 7.13530042,
       7.13530042, 7.13530042, 7.13530042, 7.13530042, 7.15203049,
       7.15203049, 7.15203049, 7.15203049, 7.15203049, 7.15203049,
       7.15203049, 7.15203049, 7.15203049, 7.15203049, 7.15203049,
       7.15203049, 7.61093835, 7.61093835, 7.61093835, 7.61093835]), array([0.00995941, 0.00995941, 0.00995941, 0.00995941, 0.00995941,
       0.00995941, 0.00995941, 0.00995941, 0.00995941, 0.00995941,
       0.00995941, 0.00995941, 0.00995941, 0.00995941, 0.00995941,
       0.00995941, 0.00995941, 0.00995941, 0.00995941, 0.00995941,
       0.00995941, 0.00995941, 0.00995941, 0.00995941, 0.00995941,
       0.00995941, 0.00995941, 0.00995941, 0.00995941, 0.00995941]), array([5.80564255, 5.80564255, 5.80564255, 5.80564255, 5.80564255,
       5.80564255, 5.80564255, 5.80564255, 5.80564255, 5.80564255,
       5.80564255, 5.80564255, 5.80564255, 5.80564255, 5.80564255,
       5.80564255, 5.80564255, 5.80564255, 5.80564255, 5.80564255,
       5.80564255, 5.80564255, 5.80564255, 5.80564255, 5.80564255,
       5.80564255, 5.80564255, 5.80564255, 5.80564255, 5.80564255]), array([ 9.89960362,  9.89960362,  9.89960362,  9.89960362,  9.89960362,
        9.89960362,  9.89960362,  9.89960362,  9.89960362,  9.89960362,
        9.89960362,  9.89960362,  9.89960362,  9.89960362,  9.89960362,
        9.89960362,  9.89960362,  9.89960362,  9.89960362,  9.89960362,
        9.89960362, 10.15911657, 10.15911657, 10.15911657, 10.15911657,
       10.15911657, 10.15911657, 10.15911657, 10.15911657, 10.15911657]), array([8.71169004, 8.71169004, 8.71169004, 8.71169004, 8.71169004,
       8.71169004, 8.71169004, 8.71169004, 8.71169004, 8.71169004,
       8.71169004, 8.71169004, 8.71169004, 8.71169004, 8.71169004,
       8.71169004, 8.71169004, 8.71169004, 8.71169004, 8.71169004,
       9.4180479 , 9.4180479 , 9.4180479 , 9.4180479 , 9.4180479 ,
       9.4180479 , 9.4180479 , 9.4180479 , 9.4180479 , 9.4180479 ]), array([7.87289505, 7.87289505, 7.87289505, 7.87289505, 7.87289505,
       7.87289505, 7.87289505, 7.87289505, 7.88637046, 7.88637046,
       7.88637046, 7.88637046, 7.88637046, 7.88637046, 7.88637046,
       7.88637046, 7.88637046, 7.88637046, 7.88637046, 7.88637046,
       7.88637046, 7.88637046, 7.88637046, 7.88637046, 7.88637046,
       7.88637046, 7.88637046, 7.88637046, 7.88637046, 7.88637046]), array([7.87289505, 7.87289505, 7.87289505, 7.87289505, 7.87289505,
       7.87289505, 7.87289505, 8.08754115, 8.08754115, 8.08754115,
       8.08754115, 8.08754115, 8.08754115, 8.08754115, 8.08754115,
       8.08754115, 8.08754115, 8.08754115, 8.08754115, 8.08754115,
       8.45814401, 8.45814401, 8.45814401, 8.45814401, 8.45814401,
       8.68370362, 8.68370362, 8.68370362, 8.68370362, 8.68370362]), array([0.36014923, 0.36014923, 0.36014923, 0.36014923, 0.36014923,
       0.36014923, 0.52932931, 0.52932931, 0.52932931, 0.52932931,
       0.52932931, 0.58020279, 0.58020279, 0.58020279, 0.58020279,
       0.58020279, 0.58020279, 0.58020279, 0.58020279, 0.58020279,
       0.70073678, 0.70073678, 0.70073678, 0.70073678, 0.70073678,
       0.72787021, 0.72787021, 0.72787021, 0.72787021, 0.72787021]), array([4.77250062, 4.77250062, 4.77250062, 4.77250062, 4.77250062,
       4.77250062, 4.77250062, 4.77250062, 4.82269995, 4.82269995,
       4.82269995, 4.82269995, 4.82269995, 4.82269995, 4.82269995,
       4.82269995, 4.82269995, 4.98326423, 4.98326423, 4.98326423,
       4.98326423, 4.98326423, 4.98326423, 4.98326423, 4.98326423,
       4.98326423, 4.98326423, 4.98326423, 4.98326423, 4.98326423]), array([2.4932798 , 2.4932798 , 2.4932798 , 2.4932798 , 2.4932798 ,
       2.4932798 , 2.4932798 , 2.4932798 , 2.4932798 , 2.4932798 ,
       2.4932798 , 2.4932798 , 2.4932798 , 2.4932798 , 2.4932798 ,
       2.4932798 , 2.4932798 , 2.4932798 , 2.50864163, 2.50864163,
       2.50864163, 2.50864163, 2.50864163, 2.50864163, 2.56168132,
       2.56168132, 2.56168132, 2.56168132, 2.56168132, 2.56168132]), array([4.48042913, 4.48042913, 4.6011012 , 4.6011012 , 4.6011012 ,
       4.6011012 , 4.6011012 , 4.6439625 , 4.6439625 , 4.6439625 ,
       4.6439625 , 4.6439625 , 4.6439625 , 4.6439625 , 4.6439625 ,
       4.6439625 , 4.6439625 , 4.6439625 , 4.6439625 , 4.6439625 ,
       4.68226587, 4.68226587, 4.68226587, 4.68226587, 4.68226587,
       4.6877099 , 4.6877099 , 4.6877099 , 4.6877099 , 4.6877099 ]), array([8.35671123, 8.35671123, 8.35671123, 8.35671123, 8.35671123,
       8.35671123, 8.35671123, 8.35671123, 8.35671123, 8.35671123,
       8.35671123, 8.35671123, 8.94336001, 8.94336001, 8.94336001,
       8.94336001, 8.94336001, 8.94336001, 8.94336001, 8.94336001,
       8.94336001, 9.10711584, 9.10711584, 9.10711584, 9.10711584,
       9.10711584, 9.10711584, 9.10711584, 9.10711584, 9.10711584]), array([], dtype=float64), array([5.12684071, 5.12684071, 7.08072076, 7.08072076, 7.08072076,
       7.08072076, 7.08072076, 7.08072076, 7.08072076, 7.08072076,
       7.08072076, 7.08072076, 7.08072076, 7.08072076, 7.08072076,
       7.08072076, 7.56042734, 7.56042734, 7.56042734, 7.56042734,
       7.56042734, 7.56042734, 7.56042734, 7.56042734, 7.56042734,
       7.56042734, 7.56042734, 7.56042734, 7.56042734, 7.56042734]), array([1.91051049, 1.91051049, 1.91051049, 1.94854037, 1.94854037,
       1.94854037, 1.94854037, 1.94854037, 1.94854037, 1.94854037,
       1.94854037, 1.94854037, 1.97864085, 1.97864085, 1.97864085,
       1.97864085, 1.97864085, 2.0392463 , 2.0392463 , 2.0392463 ,
       2.0392463 , 2.0392463 , 2.0392463 , 2.0392463 , 2.0392463 ,
       2.0392463 , 2.0392463 , 2.0392463 , 2.0392463 , 2.0392463 ]), array([6.51447947, 6.51447947, 6.53373751, 6.53373751, 6.53373751,
       6.53373751, 6.53373751, 6.53373751, 6.53373751, 6.53373751,
       6.53373751, 6.53373751, 6.53373751, 6.53373751, 6.53373751,
       6.53373751, 6.53373751, 6.53373751, 6.53373751, 6.53373751,
       6.53373751, 6.53373751, 6.53373751, 6.53373751, 6.53373751,
       6.53373751, 6.53373751, 6.53373751, 6.53373751, 6.53373751]), array([7.99917536, 7.99917536, 8.02628041, 8.02628041, 8.02628041,
       8.02628041, 8.02628041, 8.02628041, 8.21192455, 8.21192455,
       8.21192455, 8.21192455, 8.21192455, 8.21192455, 8.21192455,
       8.21192455, 8.21192455, 8.21192455, 9.07080825, 9.07080825,
       9.07080825, 9.07080825, 9.07080825, 9.07080825, 9.4180479 ,
       9.4180479 , 9.4180479 , 9.4180479 , 9.4180479 , 9.4180479 ]), array([3.95023884, 3.95023884, 3.95023884, 3.95023884, 3.95023884,
       4.07935893, 4.07935893, 4.07935893, 4.07935893, 4.07935893,
       4.07935893, 4.07935893, 4.07935893, 4.07935893, 4.07935893,
       4.07935893, 4.07935893, 4.07935893, 4.07935893, 4.07935893,
       4.07935893, 4.07935893, 4.07935893, 4.07935893, 4.07935893,
       4.07935893, 4.07935893, 4.07935893, 4.07935893, 4.07935893]), array([3.43170959, 3.43170959, 3.43170959, 3.50441547, 3.50441547,
       3.50441547, 3.50441547, 3.50441547, 3.50441547, 3.50441547,
       3.50441547, 3.50441547, 3.50441547, 3.50441547, 3.50441547,
       3.50441547, 3.50441547, 3.50441547, 3.50441547, 3.50441547,
       3.50441547, 3.50441547, 3.50441547, 3.50441547, 3.50441547,
       3.50441547, 3.50441547, 3.50441547, 3.50441547, 3.50441547]), array([5.82220092, 5.82220092, 5.82220092, 5.82220092, 5.82220092,
       5.82220092, 5.82220092, 5.82220092, 5.82220092, 5.82220092,
       5.82220092, 5.82220092, 5.82220092, 5.82220092, 5.82220092,
       5.82220092, 5.96313364, 5.96313364, 5.96313364, 5.96313364,
       5.96313364, 5.96313364, 5.96313364, 5.96313364, 5.96313364,
       5.96313364, 5.96313364, 5.96313364, 5.96313364, 5.96313364]), array([1.55480737, 1.55480737, 1.55480737, 1.59552048, 1.59552048,
       1.59552048, 1.59552048, 1.59552048, 1.59552048, 1.59552048,
       1.59552048, 1.59552048, 1.88958745, 1.88958745, 1.88958745,
       1.88958745, 1.88958745, 1.88958745, 1.88958745, 1.88958745,
       1.88958745, 1.95701523, 1.95701523, 1.95701523, 1.95701523,
       1.95701523, 1.95701523, 1.95701523, 1.95701523, 1.95701523]), array([4.32988877, 4.32988877, 4.32988877, 4.32988877, 4.32988877,
       4.32988877, 4.32988877, 4.32988877, 4.32988877, 4.32988877,
       4.32988877, 4.32988877, 4.32988877, 4.32988877, 4.32988877,
       4.32988877, 4.32988877, 4.32988877, 4.32988877, 4.32988877,
       4.32988877, 4.32988877, 4.32988877, 4.35588879, 4.35588879,
       4.35588879, 4.35588879, 4.35588879, 4.35588879, 4.35588879]), array([3.25865901, 3.25865901, 3.25865901, 3.25865901, 3.25865901,
       3.25865901, 3.25865901, 3.25865901, 3.25865901, 3.25865901,
       3.25865901, 3.25865901, 3.25865901, 3.25865901, 3.25865901,
       3.25865901, 3.25865901, 3.25865901, 3.25865901, 3.25865901,
       3.3567469 , 3.3567469 , 3.3567469 , 3.3567469 , 3.3567469 ,
       3.3567469 , 3.3567469 , 3.3567469 , 3.3567469 , 3.3567469 ]), array([7.38218563, 7.38218563, 7.38218563, 7.38218563, 7.38218563,
       7.38218563, 7.38218563, 7.38218563, 7.46637897, 7.46637897,
       7.46637897, 7.46637897, 7.46637897, 7.46637897, 7.46637897,
       7.46637897, 7.46637897, 7.46637897, 7.46637897, 7.46637897,
       7.46637897, 7.46637897, 7.46637897, 7.46637897, 7.46637897,
       7.46637897, 7.46637897, 7.46637897, 7.46637897, 7.46637897]), array([4.27766879, 4.27766879, 4.27766879, 4.27766879, 4.27766879,
       4.27766879, 4.27766879, 4.27766879, 4.27766879, 4.27766879,
       4.42725829, 4.42725829, 4.42725829, 4.42725829, 4.42725829,
       4.42725829, 4.42725829, 4.42725829, 4.42725829, 4.42725829,
       4.42725829, 4.42725829, 4.42725829, 4.42725829, 4.42725829,
       4.42725829, 4.42725829, 4.42725829, 4.42725829, 4.42725829]), array([7.23863068, 7.23863068, 7.23863068, 7.23863068, 7.31097118,
       7.31097118, 7.31097118, 7.31097118, 7.31097118, 7.31097118,
       7.31097118, 7.31097118, 7.31097118, 7.31097118, 7.38218563,
       7.38218563, 7.38218563, 7.38218563, 7.38218563, 7.38218563,
       7.38218563, 7.38218563, 7.38218563, 7.38218563, 7.50293717,
       7.50293717, 7.50293717, 7.50293717, 7.50293717, 7.50293717]), array([0.29482768, 0.29482768, 0.62085687, 0.62085687, 0.62085687,
       0.62085687, 0.62085687, 0.62085687, 0.62085687, 0.62085687,
       0.8865811 , 0.8865811 , 0.8865811 , 0.8865811 , 0.91312278,
       0.91312278, 0.91312278, 0.91312278, 1.01596169, 1.01596169,
       1.01596169, 1.01596169, 1.01596169, 1.01596169, 1.01596169,
       1.01596169, 1.01596169, 1.01596169, 1.01596169, 1.01596169]), array([4.42725829, 4.42725829, 4.42725829, 4.42725829, 4.42725829,
       4.42725829, 4.9287431 , 4.9287431 , 4.9287431 , 4.9287431 ,
       4.9287431 , 4.9287431 , 4.9287431 , 4.9287431 , 4.9287431 ,
       4.9287431 , 5.12416944, 5.12416944, 5.12416944, 5.12416944,
       5.12416944, 5.12416944, 5.12416944, 5.12416944, 5.12416944,
       5.12416944, 5.12416944, 5.12416944, 5.12416944, 5.12416944]), array([0.06538432, 0.06538432, 0.06538432, 0.06538432, 0.06538432,
       0.06538432, 0.06538432, 0.06610623, 0.06610623, 0.06610623,
       0.06610623, 0.06610623, 0.06610623, 0.06610623, 0.06610623,
       0.06610623, 0.06610623, 0.06610623, 0.06610623, 0.06610623,
       0.06610623, 0.06610623, 0.06610623, 0.06610623, 0.06610623,
       0.06610623, 0.06610623, 0.06610623, 0.06610623, 0.06610623]), array([6.94180276, 6.94180276, 6.94180276, 6.94180276, 6.94180276,
       6.94180276, 6.94180276, 6.94180276, 6.94180276, 6.94180276,
       6.94180276, 6.94180276, 6.94180276, 6.94180276, 6.94180276,
       6.94180276, 6.94180276, 6.94180276, 6.94180276, 6.94180276,
       6.94180276, 6.94180276, 6.94180276, 6.94180276, 6.94180276,
       6.94180276, 6.94180276, 6.94180276, 6.94180276, 6.94180276]), array([1.23023675, 1.23023675, 1.32941896, 1.32941896, 1.32941896,
       1.32941896, 1.32941896, 1.32941896, 1.32941896, 1.32941896,
       1.32941896, 1.32941896, 1.37676962, 1.37676962, 1.37676962,
       1.37676962, 1.37676962, 1.37676962, 1.39579423, 1.39579423,
       1.39579423, 1.39579423, 1.39579423, 1.39579423, 1.42665124,
       1.42665124, 1.42665124, 1.42665124, 1.42665124, 1.42665124]), array([2.7146401, 2.7146401, 2.7146401, 2.7146401, 2.7146401, 2.7146401,
       2.7146401, 2.7146401, 2.7146401, 2.7146401, 2.7146401, 2.7146401,
       2.7146401, 2.7146401, 2.7146401, 2.7146401, 2.7146401, 2.7146401,
       2.7146401, 2.7146401, 2.7146401, 2.7146401, 2.7146401, 2.7146401,
       2.7146401, 2.7146401, 2.7146401, 2.7146401, 2.7146401, 2.7146401]), array([], dtype=float64), array([8.69422825, 8.69422825, 8.69422825, 8.69422825, 8.69422825,
       8.69422825, 8.69422825, 8.69422825, 8.69422825, 9.03974226,
       9.03974226, 9.03974226, 9.03974226, 9.03974226, 9.03974226,
       9.03974226, 9.03974226, 9.03974226, 9.03974226, 9.03974226,
       9.03974226, 9.03974226, 9.03974226, 9.03974226, 9.03974226,
       9.03974226, 9.03974226, 9.03974226, 9.03974226, 9.03974226]), array([2.41564305, 2.41564305, 2.41564305, 2.41564305, 2.41564305,
       2.41564305, 2.41564305, 2.41564305, 2.41564305, 2.41564305,
       2.41564305, 2.41564305, 2.41564305, 2.58142459, 2.58142459,
       2.58142459, 2.58142459, 2.58142459, 2.58142459, 2.58142459,
       2.58142459, 2.58142459, 2.58142459, 2.58142459, 2.58142459,
       2.58142459, 2.58142459, 2.58142459, 2.58142459, 2.58142459]), array([5.65722474, 5.65722474, 5.82220092, 5.82220092, 5.82220092,
       5.82220092, 5.82220092, 5.82220092, 5.82220092, 5.82220092,
       5.82220092, 6.16911287, 6.16911287, 6.16911287, 6.16911287,
       6.16911287, 6.3170898 , 6.3170898 , 6.3170898 , 6.3170898 ,
       6.3170898 , 6.3170898 , 6.3170898 , 6.3170898 , 6.3170898 ,
       6.77676597, 6.77676597, 6.77676597, 6.77676597, 6.77676597]), array([8.79376722, 8.79376722, 8.79376722, 8.80599837, 8.80599837,
       8.80599837, 8.80599837, 8.80599837, 8.80599837, 8.80599837,
       8.80599837, 8.80599837, 8.81711396, 8.81711396, 8.81711396,
       8.81711396, 8.81711396, 8.81711396, 8.81711396, 8.81711396,
       8.81711396, 8.81711396, 8.81711396, 8.81711396, 8.81711396,
       8.89531924, 8.89531924, 8.89531924, 8.89531924, 8.89531924]), array([6.67967246, 6.67967246, 6.67967246, 6.67967246, 6.67967246,
       6.67967246, 6.67967246, 6.67967246, 6.67967246, 7.13530042,
       7.13530042, 7.13530042, 7.13530042, 7.13530042, 7.13530042,
       7.13530042, 7.13530042, 7.13530042, 7.13530042, 7.13530042,
       7.13530042, 7.13530042, 7.13530042, 7.13530042, 7.13530042,
       7.13530042, 7.13530042, 7.13530042, 7.13530042, 7.13530042]), array([2.42772949, 2.42772949, 2.42772949, 2.42772949, 2.42772949,
       2.42772949, 2.42772949, 2.42772949, 2.42772949, 2.42772949,
       2.42772949, 2.42772949, 2.60234658, 2.60234658, 2.60234658,
       2.60234658, 2.60234658, 2.60234658, 2.60234658, 2.60234658,
       2.60234658, 2.60234658, 2.60234658, 2.60234658, 2.60234658,
       2.60234658, 2.60234658, 2.60234658, 2.60234658, 2.60234658]), array([5.40472774, 5.40472774, 5.40472774, 5.40472774, 5.40472774,
       5.40472774, 5.40472774, 5.40472774, 5.40472774, 5.40472774,
       5.40472774, 5.40472774, 5.40472774, 5.40472774, 5.40472774,
       5.40472774, 5.40472774, 5.40472774, 5.40472774, 5.45569807,
       5.45569807, 5.45569807, 5.45569807, 5.45569807, 5.45569807,
       5.45569807, 5.45569807, 5.45569807, 5.45569807, 5.45569807]), array([2.42772949, 2.63071495, 2.63071495, 2.63071495, 2.63071495,
       2.63071495, 2.63071495, 2.63071495, 2.63071495, 2.63071495,
       2.63071495, 2.63071495, 2.63071495, 2.63071495, 2.63071495,
       2.63071495, 2.63071495, 2.63071495, 2.63071495, 2.63071495,
       2.63071495, 2.63071495, 2.63071495, 2.63071495, 2.63071495,
       2.63071495, 2.63071495, 2.63071495, 2.63071495, 2.63071495]), array([1.63412571, 1.63412571, 1.63412571, 1.63412571, 1.63741899,
       1.63741899, 1.63741899, 1.63741899, 1.63741899, 1.63741899,
       1.63741899, 1.63741899, 1.63741899, 1.63741899, 1.63741899,
       1.63741899, 1.63741899, 1.66439749, 1.66439749, 1.66439749,
       1.66439749, 1.66439749, 1.66439749, 1.66439749, 1.66439749,
       1.66439749, 1.66439749, 1.66439749, 1.66439749, 1.66439749]), array([7.82061259, 7.82061259, 7.91836945, 7.91836945, 7.91836945,
       7.91836945, 7.91836945, 8.02678771, 8.02678771, 8.02678771,
       8.02678771, 8.02678771, 8.02678771, 8.02678771, 8.02678771,
       8.02678771, 8.2456519 , 8.2456519 , 8.2456519 , 8.2456519 ,
       8.2456519 , 8.2456519 , 8.2456519 , 8.2456519 , 8.2456519 ,
       8.29447803, 8.29447803, 8.29447803, 8.29447803, 8.29447803]), array([7.68815982, 7.68815982, 7.68815982, 7.68815982, 7.68815982,
       7.68815982, 7.68815982, 7.68815982, 7.69677779, 7.69677779,
       7.69677779, 7.69677779, 7.69677779, 7.69677779, 7.69677779,
       7.69677779, 7.69677779, 7.69677779, 7.69677779, 7.69677779,
       7.69677779, 7.69677779, 7.69677779, 7.69677779, 7.69677779,
       7.69677779, 7.69677779, 7.69677779, 7.69677779, 7.69677779]), array([9.41112832, 9.41112832, 9.41112832, 9.41112832, 9.41112832,
       9.41112832, 9.41112832, 9.41112832, 9.44270316, 9.44270316,
       9.44270316, 9.44270316, 9.44270316, 9.44270316, 9.44270316,
       9.44270316, 9.44270316, 9.44270316, 9.44270316, 9.44270316,
       9.44270316, 9.44270316, 9.44270316, 9.44270316, 9.44270316,
       9.44270316, 9.44270316, 9.44270316, 9.44270316, 9.44270316]), array([7.08072076, 7.08072076, 7.15203049, 7.15203049, 7.15203049,
       7.15203049, 7.15203049, 7.20472549, 7.20472549, 7.20472549,
       7.20472549, 7.20472549, 7.23863068, 7.23863068, 7.23863068,
       7.23863068, 7.23863068, 7.23863068, 7.23863068, 7.23863068,
       7.23863068, 7.23863068, 7.23863068, 7.23863068, 7.23863068,
       7.65488874, 7.65488874, 7.65488874, 7.65488874, 7.65488874]), array([10.24903502, 10.24903502, 10.24903502, 10.24903502, 10.24903502,
       10.24903502, 10.24903502, 10.24903502, 10.30304304, 10.30304304,
       10.30304304, 10.30304304, 10.30304304, 10.30304304, 10.30304304,
       10.30304304, 10.30304304, 10.30304304, 10.30304304, 10.30304304,
       10.30304304, 10.31816707, 10.31816707, 10.31816707, 10.31816707,
       10.31816707, 10.31816707, 10.31816707, 10.31816707, 10.31816707]), array([9.07080825, 9.07080825, 9.07080825, 9.07080825, 9.07080825,
       9.07080825, 9.10407478, 9.10407478, 9.10407478, 9.10407478,
       9.10407478, 9.10407478, 9.10407478, 9.10407478, 9.10407478,
       9.10407478, 9.10407478, 9.10407478, 9.35923809, 9.35923809,
       9.35923809, 9.35923809, 9.35923809, 9.35923809, 9.35923809,
       9.35923809, 9.35923809, 9.35923809, 9.35923809, 9.35923809]), array([2.12553468, 2.12553468, 2.12553468, 2.12553468, 2.12553468,
       2.12553468, 2.12553468, 2.12553468, 2.12553468, 2.12553468,
       2.12553468, 2.12553468, 2.12553468, 2.12553468, 2.12553468,
       2.12553468, 2.12553468, 2.12553468, 2.12553468, 2.12553468,
       2.12553468, 2.42772949, 2.42772949, 2.42772949, 2.42772949,
       2.42772949, 2.42772949, 2.42772949, 2.42772949, 2.42772949]), array([0., 0., 0., 0., 0., 0.]), array([4.77250062, 4.77250062, 4.77250062, 4.77250062, 4.77250062,
       4.77250062, 4.77250062, 4.77250062, 4.77250062, 4.77250062,
       4.77250062, 4.77250062, 4.9736252 , 4.9736252 , 4.9736252 ,
       4.9736252 , 4.9736252 , 4.9736252 , 4.9736252 , 4.9736252 ,
       4.9736252 , 4.9736252 , 4.9736252 , 4.9736252 , 4.9736252 ,
       4.9736252 , 4.9736252 , 4.9736252 , 4.9736252 , 4.9736252 ]), array([1.7942525 , 1.7942525 , 1.7942525 , 1.7942525 , 1.7942525 ,
       1.7942525 , 1.91051049, 1.91051049, 1.91051049, 1.91051049,
       1.91051049, 1.91051049, 1.91051049, 1.91051049, 1.91051049,
       1.91051049, 1.91051049, 1.91051049, 1.91051049, 1.91051049,
       1.91051049, 1.91051049, 1.91051049, 1.91051049, 1.94854037,
       1.94854037, 1.94854037, 1.94854037, 1.94854037, 1.94854037]), array([4.30247087, 4.30247087, 4.30247087, 4.30247087, 4.30247087,
       4.30247087, 4.55198119, 4.55198119, 4.55198119, 4.55198119,
       4.55198119, 4.55198119, 4.55198119, 4.55198119, 4.55198119,
       4.55198119, 4.55198119, 4.55198119, 4.55198119, 4.55198119,
       4.63863334, 4.63863334, 4.63863334, 4.63863334, 4.63863334,
       4.63863334, 4.63863334, 4.63863334, 4.63863334, 4.63863334]), array([6.6614576 , 6.6614576 , 6.6614576 , 6.6614576 , 6.6614576 ,
       6.69613614, 6.69613614, 6.69613614, 6.69613614, 6.69613614,
       6.69613614, 6.69613614, 6.77676597, 6.77676597, 6.77676597,
       6.77676597, 6.77676597, 6.77676597, 6.77676597, 6.77676597,
       6.77676597, 6.77676597, 6.77676597, 6.81664636, 6.81664636,
       6.81664636, 6.81664636, 6.81664636, 6.81664636, 6.81664636]), array([7.23604187, 7.23604187, 7.23604187, 7.23604187, 7.23604187,
       7.23604187, 7.23604187, 7.23604187, 7.23604187, 7.23604187,
       7.2621125 , 7.2621125 , 7.2621125 , 7.2621125 , 7.2621125 ,
       7.2621125 , 7.2621125 , 7.2621125 , 7.2621125 , 7.2621125 ,
       7.2621125 , 7.2621125 , 7.2621125 , 7.2621125 , 7.2621125 ,
       7.2621125 , 7.2621125 , 7.2621125 , 7.2621125 , 7.2621125 ])]
**************************************************
check nan for src_patches_data before stacking:
List 中没有 NaN。
neighbor feature 800,             edge feature 800,             time feature 800,             co-occurrence feature 800
  0%|                                                                                          | 0/8103 [00:02<?, ?it/s]
Ending the program here.
